timestamp,master,checkPointer,autoVacuumLauncher,walWriter,writer,statisticsCollector,autoVacuumWorker
2023-07-22 16:58:59,1,1,1,1,1,0,0
2023-07-22 16:59:09,1,1,1,1,1,0,0
2023-07-22 16:59:19,1,1,1,1,1,0,0
2023-07-22 16:59:29,1,1,1,1,1,0,0
2023-07-22 16:59:39,1,1,1,1,1,0,0
2023-07-22 16:59:49,1,1,1,1,1,0,0
2023-07-22 16:59:59,1,1,1,1,1,0,0
2023-07-22 17:00:09,1,1,1,1,1,0,0
2023-07-22 17:00:19,1,1,1,1,1,0,0
2023-07-22 17:00:29,1,1,1,1,1,0,0
2023-07-22 17:00:39,1,1,1,1,1,0,0
2023-07-22 17:00:49,1,1,1,1,1,0,0
2023-07-22 17:00:59,1,1,1,1,1,0,0
2023-07-22 17:01:09,1,1,1,1,1,0,0
2023-07-22 17:01:19,1,1,1,1,1,0,0
2023-07-22 17:01:29,1,1,1,1,1,0,0
2023-07-22 17:01:39,1,1,1,1,1,0,0
2023-07-22 17:01:49,1,1,1,1,1,0,0
2023-07-22 17:01:59,1,1,1,1,1,0,0
2023-07-22 17:02:09,1,1,1,1,1,0,0
2023-07-22 17:02:19,1,1,1,1,1,0,0
2023-07-22 17:02:29,1,1,1,1,1,0,0
2023-07-22 17:02:39,1,1,1,1,1,0,0
2023-07-22 17:02:49,1,1,1,1,1,0,0
2023-07-22 17:02:59,1,1,1,1,1,0,0
2023-07-22 17:03:09,1,1,1,1,1,0,1
2023-07-22 17:03:19,1,1,1,1,1,0,0
2023-07-22 17:03:29,1,1,1,1,1,0,0
2023-07-22 17:03:39,1,1,1,1,1,0,0
2023-07-22 17:03:49,1,1,1,1,1,0,0
2023-07-22 17:03:59,1,1,1,1,1,0,0
2023-07-22 17:04:09,1,1,1,1,1,0,1
2023-07-22 17:04:19,1,1,1,1,1,0,0
2023-07-22 17:04:29,1,1,1,1,1,0,0
2023-07-22 17:04:39,1,1,1,1,1,0,0
2023-07-22 17:04:49,1,1,1,1,1,0,0
2023-07-22 17:04:59,1,1,1,1,1,0,0
2023-07-22 17:05:09,1,1,1,1,1,0,1
2023-07-22 17:05:19,1,1,1,1,1,0,0
2023-07-22 17:05:29,1,1,1,1,1,0,0
2023-07-22 17:05:39,1,1,1,1,1,0,0
2023-07-22 17:05:49,1,1,1,1,1,0,0
2023-07-22 17:05:59,1,1,1,1,1,0,0
2023-07-22 17:06:09,1,1,1,1,1,0,1
2023-07-22 17:06:19,1,1,1,1,1,0,0
2023-07-22 17:06:29,1,1,1,1,1,0,0
2023-07-22 17:06:39,1,1,1,1,1,0,0
2023-07-22 17:06:49,1,1,1,1,1,0,0
2023-07-22 17:06:59,1,1,1,1,1,0,0
2023-07-22 17:07:09,1,1,1,1,1,0,1
2023-07-22 17:07:19,1,1,1,1,1,0,0
2023-07-22 17:07:29,1,1,1,1,1,0,0
2023-07-22 17:07:39,1,1,1,1,1,0,0
2023-07-22 17:07:49,1,1,1,1,1,0,0
2023-07-22 17:07:59,1,1,1,1,1,0,0
2023-07-22 17:08:09,1,1,1,1,1,0,1
2023-07-22 17:08:19,1,1,1,1,1,0,0
2023-07-22 17:08:29,1,1,1,1,1,0,0
2023-07-22 17:08:39,1,1,1,1,1,0,0
2023-07-22 17:08:49,1,1,1,1,1,0,0
2023-07-22 17:08:59,1,1,1,1,1,0,0
2023-07-22 17:09:09,1,1,1,1,1,0,1
2023-07-22 17:09:19,1,1,1,1,1,0,0
2023-07-22 17:09:29,1,1,1,1,1,0,0
2023-07-22 17:09:39,1,1,1,1,1,0,0
2023-07-22 17:09:49,1,1,1,1,1,0,0
2023-07-22 17:09:59,1,1,1,1,1,0,0
2023-07-22 17:10:09,1,1,1,1,1,0,1
2023-07-22 17:10:19,1,1,1,1,1,0,0
2023-07-22 17:10:29,1,1,1,1,1,0,0
2023-07-22 17:10:39,1,1,1,1,1,0,0
2023-07-22 17:10:49,1,1,1,1,1,0,0
2023-07-22 17:10:59,1,1,1,1,1,0,0
2023-07-22 17:11:09,1,1,1,1,1,0,1
2023-07-22 17:11:19,1,1,1,1,1,0,0
2023-07-22 17:11:29,1,1,1,1,1,0,0
2023-07-22 17:11:39,1,1,1,1,1,0,0
2023-07-22 17:11:49,1,1,1,1,1,0,0
2023-07-22 17:11:59,1,1,1,1,1,0,0
2023-07-22 17:12:09,1,1,1,1,1,0,1
2023-07-22 17:12:19,1,1,1,1,1,0,0
2023-07-22 17:12:29,1,1,1,1,1,0,0
2023-07-22 17:12:39,1,1,1,1,1,0,0
2023-07-22 17:12:49,1,1,1,1,1,0,0
2023-07-22 17:12:59,1,1,1,1,1,0,0
2023-07-22 17:13:09,1,1,1,1,1,0,1
2023-07-22 17:13:19,1,1,1,1,1,0,0
2023-07-22 17:13:29,1,1,1,1,1,0,0
2023-07-22 17:13:39,1,1,1,1,1,0,0
2023-07-22 17:13:49,1,1,1,1,1,0,0
2023-07-22 17:13:59,1,1,1,1,1,0,0
2023-07-22 17:14:09,1,1,1,1,1,0,1
2023-07-22 17:14:19,1,1,1,1,1,0,0
2023-07-22 17:14:29,1,1,1,1,1,0,0
2023-07-22 17:14:39,1,1,1,1,1,0,0
2023-07-22 17:14:49,1,1,1,1,1,0,0
2023-07-22 17:14:59,1,1,1,1,1,0,0
2023-07-22 17:15:09,1,1,1,1,1,0,1
2023-07-22 17:15:19,1,1,1,1,1,0,0
2023-07-22 17:15:29,1,1,1,1,1,0,0
2023-07-22 17:15:39,1,1,1,1,1,0,0
2023-07-22 17:15:49,1,1,1,1,1,0,0
2023-07-22 17:15:59,1,1,1,1,1,0,0
2023-07-22 17:16:09,1,1,1,1,1,0,1
2023-07-22 17:16:19,1,1,1,1,1,0,0
2023-07-22 17:16:29,1,1,1,1,1,0,0
2023-07-22 17:16:39,1,1,1,1,1,0,0
2023-07-22 17:16:49,1,1,1,1,1,0,0
2023-07-22 17:16:59,1,1,1,1,1,0,0
2023-07-22 17:17:09,1,1,1,1,1,0,1
2023-07-22 17:17:19,1,1,1,1,1,0,0
2023-07-22 17:17:29,1,1,1,1,1,0,0
2023-07-22 17:17:39,1,1,1,1,1,0,0
2023-07-22 17:17:49,1,1,1,1,1,0,0
2023-07-22 17:17:59,1,1,1,1,1,0,0
2023-07-22 17:18:09,1,1,1,1,1,0,1
2023-07-22 17:18:19,1,1,1,1,1,0,0
2023-07-22 17:18:29,1,1,1,1,1,0,0
2023-07-22 17:18:39,1,1,1,1,1,0,0
2023-07-22 17:18:49,1,1,1,1,1,0,0
2023-07-22 17:18:59,1,1,1,1,1,0,0
2023-07-22 17:19:09,1,1,1,1,1,0,1
2023-07-22 17:19:19,1,1,1,1,1,0,0
2023-07-22 17:19:29,1,1,1,1,1,0,0
2023-07-22 17:19:39,1,1,1,1,1,0,0
2023-07-22 17:19:49,1,1,1,1,1,0,0
2023-07-22 17:19:59,1,1,1,1,1,0,0
2023-07-22 17:20:09,1,1,1,1,1,0,1
2023-07-22 17:20:19,1,1,1,1,1,0,0
2023-07-22 17:20:29,1,1,1,1,1,0,0
2023-07-22 17:20:39,1,1,1,1,1,0,0
2023-07-22 17:20:49,1,1,1,1,1,0,0
2023-07-22 17:20:59,1,1,1,1,1,0,0
2023-07-22 17:21:09,1,1,1,1,1,0,1
2023-07-22 17:21:19,1,1,1,1,1,0,0
2023-07-22 17:21:29,1,1,1,1,1,0,0
2023-07-22 17:21:39,1,1,1,1,1,0,0
2023-07-22 17:21:49,1,1,1,1,1,0,0
2023-07-22 17:21:59,1,1,1,1,1,0,0
2023-07-22 17:22:09,1,1,1,1,1,0,1
2023-07-22 17:22:19,1,1,1,1,1,0,0
2023-07-22 17:22:29,1,1,1,1,1,0,0
2023-07-22 17:22:39,1,1,1,1,1,0,1
2023-07-22 17:22:49,1,1,1,1,1,0,0
2023-07-22 17:22:59,1,1,1,1,1,0,0
2023-07-22 17:23:09,1,1,1,1,1,0,1
2023-07-22 17:23:19,1,1,1,1,1,0,0
2023-07-22 17:23:29,1,1,1,1,1,0,0
2023-07-22 17:23:39,1,1,1,1,1,0,1
2023-07-22 17:23:49,1,1,1,1,1,0,0
2023-07-22 17:23:59,1,1,1,1,1,0,0
2023-07-22 17:24:09,1,1,1,1,1,0,1
2023-07-22 17:24:19,1,1,1,1,1,0,0
2023-07-22 17:24:29,1,1,1,1,1,0,0
2023-07-22 17:24:39,1,1,1,1,1,0,1
2023-07-22 17:24:49,1,1,1,1,1,0,0
2023-07-22 17:24:59,1,1,1,1,1,0,0
2023-07-22 17:25:09,1,1,1,1,1,0,1
2023-07-22 17:25:19,1,1,1,1,1,0,0
2023-07-22 17:25:29,1,1,1,1,1,0,0
2023-07-22 17:25:39,1,1,1,1,1,0,0
2023-07-22 17:25:49,1,1,1,1,1,0,0
2023-07-22 17:25:59,1,1,1,1,1,0,0
2023-07-22 17:26:09,1,1,1,1,1,0,0
2023-07-22 17:26:19,1,1,1,1,1,0,0
2023-07-22 17:26:29,1,1,1,1,1,0,0
2023-07-22 17:26:39,1,1,1,1,1,0,0
2023-07-22 17:26:49,1,1,1,1,1,0,0
2023-07-22 17:26:59,1,1,1,1,1,0,0
2023-07-22 17:27:09,1,1,1,1,1,0,0
2023-07-22 17:27:19,1,1,1,1,1,0,0
2023-07-22 17:27:29,1,1,1,1,1,0,0
2023-07-22 17:27:39,1,1,1,1,1,0,0
2023-07-22 17:27:49,1,1,1,1,1,0,0
2023-07-22 17:27:59,1,1,1,1,1,0,0
2023-07-22 17:28:09,1,1,1,1,1,0,0
2023-07-22 17:28:19,1,1,1,1,1,0,0
2023-07-22 17:28:29,1,1,1,1,1,0,0
2023-07-22 18:53:43,1,1,1,1,1,0,0
2023-07-22 18:53:53,1,1,1,1,1,0,0
2023-07-22 18:54:03,1,1,1,1,1,0,0
2023-07-22 18:54:13,1,1,1,1,1,0,0
2023-07-22 18:54:23,1,1,1,1,1,0,0
2023-07-22 18:54:33,1,1,1,1,1,0,0
2023-07-22 18:54:43,1,1,1,1,1,0,0
2023-07-22 18:54:53,1,1,1,1,1,0,0
2023-07-22 18:55:03,1,1,1,1,1,0,0
2023-07-22 18:55:13,1,1,1,1,1,0,1
2023-07-22 18:55:23,1,1,1,1,1,0,0
2023-07-22 18:55:33,1,1,1,1,1,0,0
2023-07-22 18:55:43,1,1,1,1,1,0,0
2023-07-22 18:55:53,1,1,1,1,1,0,0
2023-07-22 18:56:03,1,1,1,1,1,0,0
2023-07-22 18:56:13,1,1,1,1,1,0,0
2023-07-22 18:56:23,1,1,1,1,1,0,0
2023-07-22 18:56:33,1,1,1,1,1,0,0
2023-07-22 18:56:43,1,1,1,1,1,0,0
2023-07-22 18:56:53,1,1,1,1,1,0,0
2023-07-22 18:57:03,1,1,1,1,1,0,0
2023-07-22 18:57:13,1,1,1,1,1,0,0
2023-07-22 18:57:23,1,1,1,1,1,0,0
2023-07-22 18:57:33,1,1,1,1,1,0,0
2023-07-22 18:57:43,1,1,1,1,1,0,0
2023-07-22 18:57:53,1,1,1,1,1,0,0
2023-07-22 18:58:03,1,1,1,1,1,0,0
2023-07-22 18:58:13,1,1,1,1,1,0,1
2023-07-22 18:58:23,1,1,1,1,1,0,0
2023-07-22 18:58:33,1,1,1,1,1,0,0
2023-07-22 18:58:43,1,1,1,1,1,0,0
2023-07-22 19:02:57,1,1,1,1,1,0,0
2023-07-22 19:03:06,1,1,1,1,1,0,0
2023-07-22 19:03:16,1,1,1,1,1,0,0
2023-07-22 19:03:26,1,1,1,1,1,0,0
2023-07-22 19:03:36,1,1,1,1,1,0,0
2023-07-22 19:03:46,1,1,1,1,1,0,0
2023-07-22 19:03:56,1,1,1,1,1,0,0
2023-07-22 19:04:06,1,1,1,1,1,0,0
2023-07-22 19:04:16,1,1,1,1,1,0,0
2023-07-22 19:04:26,1,1,1,1,1,0,0
2023-07-22 19:04:36,1,1,1,1,1,0,0
2023-07-22 19:04:46,1,1,1,1,1,0,0
2023-07-22 19:04:56,1,1,1,1,1,0,0
2023-07-22 19:05:06,1,1,1,1,1,0,0
2023-07-22 19:05:16,1,1,1,1,1,0,0
2023-07-22 19:05:26,1,1,1,1,1,0,0
2023-07-22 19:05:36,1,1,1,1,1,0,0
2023-07-22 19:05:46,1,1,1,1,1,0,0
2023-07-22 19:05:56,1,1,1,1,1,0,0
2023-07-22 19:06:06,1,1,1,1,1,0,0
2023-07-22 19:06:16,1,1,1,1,1,0,0
2023-07-22 19:06:26,1,1,1,1,1,0,0
2023-07-22 19:06:36,1,1,1,1,1,0,0
2023-07-22 19:06:46,1,1,1,1,1,0,0
2023-07-22 19:06:56,1,1,1,1,1,0,0
2023-07-22 19:07:06,1,1,1,1,1,0,0
2023-07-22 19:07:16,1,1,1,1,1,0,0
2023-07-22 19:07:26,1,1,1,1,1,0,0
2023-07-22 19:07:36,1,1,1,1,1,0,0
2023-07-22 19:07:46,1,1,1,1,1,0,0
2023-07-22 19:07:56,1,1,1,1,1,0,0
2023-07-22 19:08:06,1,1,1,1,1,0,0
2023-07-22 19:08:16,1,1,1,1,1,0,0
2023-07-22 19:08:26,1,1,1,1,1,0,0
2023-07-22 19:08:36,1,1,1,1,1,0,0
2023-07-22 19:12:19,1,1,1,1,1,0,0
2023-07-22 19:12:29,1,1,1,1,1,0,0
2023-07-22 19:12:39,1,1,1,1,1,0,0
2023-07-22 19:12:49,1,1,1,1,1,0,0
2023-07-22 19:12:59,1,1,1,1,1,0,0
2023-07-22 19:13:09,1,1,1,1,1,0,0
2023-07-22 19:13:19,1,1,1,1,1,0,0
2023-07-22 19:13:29,1,1,1,1,1,0,0
2023-07-22 19:13:39,1,1,1,1,1,0,0
2023-07-22 19:13:49,1,1,1,1,1,0,0
2023-07-22 19:13:59,1,1,1,1,1,0,0
2023-07-22 19:14:09,1,1,1,1,1,0,0
2023-07-22 19:14:19,1,1,1,1,1,0,1
2023-07-22 19:14:29,1,1,1,1,1,0,0
2023-07-22 19:14:39,1,1,1,1,1,0,0
2023-07-22 19:14:49,1,1,1,1,1,0,0
2023-07-22 19:14:59,1,1,1,1,1,0,0
2023-07-22 19:15:09,1,1,1,1,1,0,0
2023-07-22 19:15:19,1,1,1,1,1,0,0
2023-07-22 19:15:29,1,1,1,1,1,0,0
2023-07-22 19:15:39,1,1,1,1,1,0,0
2023-07-22 19:15:49,1,1,1,1,1,0,0
2023-07-22 19:15:59,1,1,1,1,1,0,0
2023-07-22 19:16:09,1,1,1,1,1,0,0
2023-07-22 19:16:19,1,1,1,1,1,0,0
2023-07-22 19:16:29,1,1,1,1,1,0,0
2023-07-22 19:16:39,1,1,1,1,1,0,0
2023-07-22 19:16:49,1,1,1,1,1,0,0
2023-07-22 19:16:59,1,1,1,1,1,0,0
2023-07-22 19:17:09,1,1,1,1,1,0,0
2023-07-22 19:17:19,1,1,1,1,1,0,0
2023-07-22 19:17:29,1,1,1,1,1,0,0
2023-07-22 19:17:39,1,1,1,1,1,0,0
2023-07-22 19:17:49,1,1,1,1,1,0,0
2023-07-22 19:17:59,1,1,1,1,1,0,0
2023-07-22 19:18:09,1,1,1,1,1,0,0
2023-07-22 19:18:19,1,1,1,1,1,0,1
2023-07-22 19:18:29,1,1,1,1,1,0,0
2023-07-22 19:18:39,1,1,1,1,1,0,0
2023-07-22 19:18:49,1,1,1,1,1,0,0
2023-07-22 19:18:59,1,1,1,1,1,0,0
2023-07-22 19:19:09,1,1,1,1,1,0,0
2023-07-22 19:19:19,1,1,1,1,1,0,1
2023-07-22 19:19:29,1,1,1,1,1,0,0
2023-07-22 19:19:39,1,1,1,1,1,0,0
2023-07-22 19:19:49,1,1,1,1,1,0,0
2023-07-22 19:19:59,1,1,1,1,1,0,0
2023-07-22 19:20:09,1,1,1,1,1,0,0
2023-07-22 19:20:19,1,1,1,1,1,0,1
2023-07-22 19:20:29,1,1,1,1,1,0,0
2023-07-22 19:20:39,1,1,1,1,1,0,0
2023-07-22 19:20:49,1,1,1,1,1,0,0
2023-07-22 19:20:59,1,1,1,1,1,0,0
2023-07-22 19:21:09,1,1,1,1,1,0,0
2023-07-22 19:21:19,1,1,1,1,1,0,1
2023-07-22 19:21:29,1,1,1,1,1,0,0
2023-07-22 19:21:39,1,1,1,1,1,0,0
2023-07-22 19:21:49,1,1,1,1,1,0,0
2023-07-22 19:21:59,1,1,1,1,1,0,0
2023-07-22 19:22:09,1,1,1,1,1,0,0
2023-07-22 19:22:19,1,1,1,1,1,0,1
2023-07-22 19:22:29,1,1,1,1,1,0,0
2023-07-22 19:22:39,1,1,1,1,1,0,0
2023-07-22 19:22:49,1,1,1,1,1,0,0
2023-07-22 19:22:59,1,1,1,1,1,0,0
2023-07-22 19:23:09,1,1,1,1,1,0,0
2023-07-22 19:23:19,1,1,1,1,1,0,1
2023-07-22 19:23:29,1,1,1,1,1,0,0
2023-07-22 19:23:39,1,1,1,1,1,0,0
2023-07-22 19:23:49,1,1,1,1,1,0,0
2023-07-22 19:23:59,1,1,1,1,1,0,0
2023-07-22 19:24:09,1,1,1,1,1,0,0
2023-07-22 19:24:19,1,1,1,1,1,0,1
2023-07-22 19:24:29,1,1,1,1,1,0,0
2023-07-22 19:24:39,1,1,1,1,1,0,0
2023-07-22 19:24:49,1,1,1,1,1,0,0
2023-07-22 19:24:59,1,1,1,1,1,0,0
2023-07-22 19:25:09,1,1,1,1,1,0,0
2023-07-22 19:25:19,1,1,1,1,1,0,1
2023-07-22 19:25:29,1,1,1,1,1,0,0
2023-07-22 19:25:39,1,1,1,1,1,0,0
2023-07-22 19:25:49,1,1,1,1,1,0,0
2023-07-22 19:25:59,1,1,1,1,1,0,0
2023-07-22 19:26:09,1,1,1,1,1,0,0
2023-07-22 19:26:19,1,1,1,1,1,0,1
2023-07-22 19:26:29,1,1,1,1,1,0,0
2023-07-22 19:26:39,1,1,1,1,1,0,0
2023-07-22 19:26:49,1,1,1,1,1,0,0
2023-07-22 19:26:59,1,1,1,1,1,0,0
2023-07-22 19:27:09,1,1,1,1,1,0,0
2023-07-22 19:27:19,1,1,1,1,1,0,1
2023-07-22 19:27:29,1,1,1,1,1,0,0
2023-07-22 19:27:39,1,1,1,1,1,0,0
2023-07-22 19:27:49,1,1,1,1,1,0,0
2023-07-22 19:27:59,1,1,1,1,1,0,0
2023-07-22 19:28:09,1,1,1,1,1,0,0
2023-07-22 19:28:19,1,1,1,1,1,0,1
2023-07-22 19:28:29,1,1,1,1,1,0,0
2023-07-22 19:28:39,1,1,1,1,1,0,0
2023-07-22 19:28:49,1,1,1,1,1,0,0
2023-07-22 19:28:59,1,1,1,1,1,0,0
2023-07-22 19:29:09,1,1,1,1,1,0,0
2023-07-22 19:29:19,1,1,1,1,1,0,1
2023-07-22 19:29:29,1,1,1,1,1,0,0
2023-07-22 19:29:39,1,1,1,1,1,0,0
2023-07-22 19:29:49,1,1,1,1,1,0,0
2023-07-22 19:29:59,1,1,1,1,1,0,0
2023-07-22 19:30:09,1,1,1,1,1,0,0
2023-07-22 19:30:19,1,1,1,1,1,0,1
2023-07-22 19:30:29,1,1,1,1,1,0,0
2023-07-22 19:30:39,1,1,1,1,1,0,0
2023-07-22 19:30:49,1,1,1,1,1,0,0
2023-07-22 19:30:59,1,1,1,1,1,0,0
2023-07-22 19:31:09,1,1,1,1,1,0,0
2023-07-22 19:31:19,1,1,1,1,1,0,1
2023-07-22 19:31:29,1,1,1,1,1,0,0
2023-07-22 19:31:39,1,1,1,1,1,0,0
2023-07-22 19:31:49,1,1,1,1,1,0,0
2023-07-22 19:31:59,1,1,1,1,1,0,0
2023-07-22 19:32:09,1,1,1,1,1,0,0
2023-07-22 19:32:19,1,1,1,1,1,0,1
2023-07-22 19:32:29,1,1,1,1,1,0,0
2023-07-22 19:38:58,1,1,1,1,1,0,0
2023-07-22 19:39:07,1,1,1,1,1,0,0
2023-07-22 19:39:17,1,1,1,1,1,0,0
2023-07-22 19:39:27,1,1,1,1,1,0,0
2023-07-22 19:39:37,1,1,1,1,1,0,0
2023-07-22 19:39:47,1,1,1,1,1,0,0
2023-07-22 19:39:57,1,1,1,1,1,0,0
2023-07-22 19:40:07,1,1,1,1,1,0,0
2023-07-22 19:40:17,1,1,1,1,1,0,0
2023-07-22 19:40:27,1,1,1,1,1,0,0
2023-07-22 19:40:37,1,1,1,1,1,0,0
2023-07-22 19:40:47,1,1,1,1,1,0,0
2023-07-22 19:40:57,1,1,1,1,1,0,0
2023-07-22 19:41:07,1,1,1,1,1,0,0
2023-07-22 19:41:17,1,1,1,1,1,0,0
2023-07-22 19:41:27,1,1,1,1,1,0,0
2023-07-22 19:41:37,1,1,1,1,1,0,0
2023-07-22 19:41:47,1,1,1,1,1,0,0
2023-07-22 19:41:57,1,1,1,1,1,0,0
2023-07-22 19:42:07,1,1,1,1,1,0,0
2023-07-22 19:42:17,1,1,1,1,1,0,0
2023-07-22 19:42:27,1,1,1,1,1,0,0
2023-07-22 19:42:37,1,1,1,1,1,0,0
2023-07-22 19:42:47,1,1,1,1,1,0,0
2023-07-22 19:42:57,1,1,1,1,1,0,0
2023-07-22 19:43:07,1,1,1,1,1,0,0
2023-07-22 19:43:17,1,1,1,1,1,0,0
2023-07-22 19:43:27,1,1,1,1,1,0,0
2023-07-22 19:43:37,1,1,1,1,1,0,0
2023-07-22 19:43:47,1,1,1,1,1,0,0
2023-07-22 19:43:57,1,1,1,1,1,0,0
2023-07-22 19:44:07,1,1,1,1,1,0,0
2023-07-22 19:44:17,1,1,1,1,1,0,0
2023-07-22 19:44:27,1,1,1,1,1,0,0
2023-07-22 19:44:37,1,1,1,1,1,0,0
2023-07-22 19:44:47,1,1,1,1,1,0,0
2023-07-22 19:44:57,1,1,1,1,1,0,0
2023-07-22 19:45:07,1,1,1,1,1,0,0
2023-07-22 19:45:17,1,1,1,1,1,0,0
2023-07-22 19:45:27,1,1,1,1,1,0,0
2023-07-22 19:45:37,1,1,1,1,1,0,0
2023-07-22 19:45:47,1,1,1,1,1,0,0
2023-07-22 19:45:57,1,1,1,1,1,0,0
2023-07-22 19:46:07,1,1,1,1,1,0,0
2023-07-22 19:46:17,1,1,1,1,1,0,0
2023-07-22 19:46:27,1,1,1,1,1,0,0
2023-07-22 19:46:37,1,1,1,1,1,0,0
2023-07-22 19:46:47,1,1,1,1,1,0,0
2023-07-22 19:46:57,1,1,1,1,1,0,0
2023-07-22 19:47:07,1,1,1,1,1,0,0
2023-07-22 19:47:17,1,1,1,1,1,0,0
2023-07-22 19:47:27,1,1,1,1,1,0,0
2023-07-22 19:47:37,1,1,1,1,1,0,0
2023-07-22 19:47:47,1,1,1,1,1,0,0
2023-07-22 19:47:57,1,1,1,1,1,0,0
2023-07-22 19:48:07,1,1,1,1,1,0,0
2023-07-22 19:48:17,1,1,1,1,1,0,0
2023-07-22 19:48:27,1,1,1,1,1,0,0
2023-07-22 19:48:37,1,1,1,1,1,0,0
2023-07-22 19:48:47,1,1,1,1,1,0,0
2023-07-22 19:48:57,1,1,1,1,1,0,0
2023-07-22 19:49:07,1,1,1,1,1,0,0
2023-07-22 19:49:17,1,1,1,1,1,0,0
2023-07-22 19:49:27,1,1,1,1,1,0,0
2023-07-22 19:49:37,1,1,1,1,1,0,0
2023-07-22 19:49:47,1,1,1,1,1,0,0
2023-07-22 19:49:57,1,1,1,1,1,0,0
2023-07-22 19:50:07,1,1,1,1,1,0,0
2023-07-22 19:50:17,1,1,1,1,1,0,0
2023-07-22 19:50:27,1,1,1,1,1,0,0
2023-07-22 19:50:37,1,1,1,1,1,0,0
2023-07-22 19:50:47,1,1,1,1,1,0,0
2023-07-22 19:50:57,1,1,1,1,1,0,0
2023-07-22 19:51:07,1,1,1,1,1,0,0
2023-07-22 19:51:17,1,1,1,1,1,0,0
2023-07-22 19:51:27,1,1,1,1,1,0,0
2023-07-22 19:51:37,1,1,1,1,1,0,0
2023-07-22 19:51:47,1,1,1,1,1,0,0
2023-07-22 19:51:57,1,1,1,1,1,0,0
2023-07-22 19:52:07,1,1,1,1,1,0,0
2023-07-22 19:52:17,1,1,1,1,1,0,0
2023-07-22 19:52:27,1,1,1,1,1,0,0
2023-07-22 19:52:37,1,1,1,1,1,0,0
2023-07-22 19:52:47,1,1,1,1,1,0,0
2023-07-22 19:52:57,1,1,1,1,1,0,0
2023-07-22 19:53:07,1,1,1,1,1,0,0
2023-07-22 19:53:17,1,1,1,1,1,0,0
2023-07-22 19:53:27,1,1,1,1,1,0,0
2023-07-22 19:53:37,1,1,1,1,1,0,0
2023-07-22 19:53:47,1,1,1,1,1,0,0
2023-07-22 19:53:57,1,1,1,1,1,0,0
2023-07-22 19:54:07,1,1,1,1,1,0,0
2023-07-22 19:54:17,1,1,1,1,1,0,0
2023-07-22 19:54:27,1,1,1,1,1,0,0
2023-07-22 19:54:37,1,1,1,1,1,0,0
2023-07-22 19:54:47,1,1,1,1,1,0,0
2023-07-22 19:54:57,1,1,1,1,1,0,0
2023-07-22 19:55:07,1,1,1,1,1,0,0
2023-07-22 19:55:17,1,1,1,1,1,0,0
2023-07-22 19:55:27,1,1,1,1,1,0,0
2023-07-22 19:55:37,1,1,1,1,1,0,0
2023-07-22 19:55:47,1,1,1,1,1,0,0
2023-07-22 19:55:57,1,1,1,1,1,0,0
2023-07-22 19:56:07,1,1,1,1,1,0,0
2023-07-22 19:56:17,1,1,1,1,1,0,0
2023-07-22 19:56:27,1,1,1,1,1,0,0
2023-07-22 19:56:37,1,1,1,1,1,0,0
2023-07-22 19:56:47,1,1,1,1,1,0,0
2023-07-22 19:56:57,1,1,1,1,1,0,0
2023-07-22 19:57:07,1,1,1,1,1,0,0
2023-07-22 19:57:17,1,1,1,1,1,0,0
2023-07-22 19:57:27,1,1,1,1,1,0,0
2023-07-22 19:57:37,1,1,1,1,1,0,0
2023-07-22 19:57:47,1,1,1,1,1,0,0
2023-07-22 19:57:57,1,1,1,1,1,0,0
2023-07-22 19:58:07,1,1,1,1,1,0,0
2023-07-22 19:58:17,1,1,1,1,1,0,0
2023-07-22 19:58:27,1,1,1,1,1,0,0
2023-07-22 19:58:37,1,1,1,1,1,0,0
2023-07-22 19:58:47,1,1,1,1,1,0,0
2023-07-22 19:58:57,1,1,1,1,1,0,0
2023-07-22 19:59:07,1,1,1,1,1,0,0
2023-07-22 19:59:17,1,1,1,1,1,0,0
2023-07-22 19:59:27,1,1,1,1,1,0,0
2023-07-22 19:59:37,1,1,1,1,1,0,0
2023-07-22 19:59:47,1,1,1,1,1,0,0
2023-07-22 19:59:57,1,1,1,1,1,0,0
2023-07-22 20:00:07,1,1,1,1,1,0,0
2023-07-22 20:00:17,1,1,1,1,1,0,0
2023-07-22 20:00:27,1,1,1,1,1,0,0
2023-07-22 20:00:37,1,1,1,1,1,0,0
2023-07-22 20:00:47,1,1,1,1,1,0,0
2023-07-22 20:00:57,1,1,1,1,1,0,0
2023-07-22 20:01:07,1,1,1,1,1,0,0
2023-07-22 20:01:17,1,1,1,1,1,0,0
2023-07-22 20:01:27,1,1,1,1,1,0,0
2023-07-22 20:01:37,1,1,1,1,1,0,0
2023-07-22 20:01:47,1,1,1,1,1,0,0
2023-07-22 20:01:57,1,1,1,1,1,0,0
2023-07-22 20:02:07,1,1,1,1,1,0,0
2023-07-22 20:02:17,1,1,1,1,1,0,0
2023-07-22 20:02:27,1,1,1,1,1,0,0
2023-07-22 20:02:37,1,1,1,1,1,0,0
2023-07-22 20:02:47,1,1,1,1,1,0,0
2023-07-22 20:02:57,1,1,1,1,1,0,0
2023-07-22 20:03:07,1,1,1,1,1,0,0
2023-07-22 20:03:17,1,1,1,1,1,0,0
2023-07-22 20:03:27,1,1,1,1,1,0,0
2023-07-22 20:03:37,1,1,1,1,1,0,0
2023-07-22 20:03:47,1,1,1,1,1,0,0
2023-07-22 20:03:57,1,1,1,1,1,0,0
2023-07-22 20:04:07,1,1,1,1,1,0,0
2023-07-22 20:04:17,1,1,1,1,1,0,0
2023-07-22 20:04:27,1,1,1,1,1,0,0
2023-07-22 20:04:37,1,1,1,1,1,0,0
2023-07-22 20:04:47,1,1,1,1,1,0,0
2023-07-22 20:04:57,1,1,1,1,1,0,0
2023-07-22 20:05:07,1,1,1,1,1,0,0
2023-07-22 20:05:17,1,1,1,1,1,0,0
2023-07-22 20:05:27,1,1,1,1,1,0,0
2023-07-22 20:05:37,1,1,1,1,1,0,0
2023-07-22 20:05:47,1,1,1,1,1,0,0
2023-07-22 20:05:57,1,1,1,1,1,0,0
2023-07-22 20:06:07,1,1,1,1,1,0,0
2023-07-22 20:06:17,1,1,1,1,1,0,0
2023-07-22 20:06:27,1,1,1,1,1,0,0
2023-07-22 20:06:37,1,1,1,1,1,0,0
2023-07-22 20:06:47,1,1,1,1,1,0,0
2023-07-22 20:06:57,1,1,1,1,1,0,0
2023-07-22 20:07:07,1,1,1,1,1,0,0
2023-07-22 20:07:17,1,1,1,1,1,0,0
2023-07-22 20:07:27,1,1,1,1,1,0,0
2023-07-22 20:07:37,1,1,1,1,1,0,0
2023-07-22 20:07:47,1,1,1,1,1,0,0
2023-07-22 20:07:57,1,1,1,1,1,0,0
2023-07-22 20:08:07,1,1,1,1,1,0,0
2023-07-22 20:08:17,1,1,1,1,1,0,0
2023-07-22 20:08:27,1,1,1,1,1,0,0
2023-07-22 20:08:37,1,1,1,1,1,0,0
2023-07-22 20:08:47,1,1,1,1,1,0,0
2023-07-22 20:08:57,1,1,1,1,1,0,0
2023-07-22 20:09:07,1,1,1,1,1,0,0
2023-07-22 20:09:17,1,1,1,1,1,0,0
2023-07-22 20:09:27,1,1,1,1,1,0,0
2023-07-22 20:09:37,1,1,1,1,1,0,0
2023-07-22 20:09:47,1,1,1,1,1,0,0
2023-07-22 20:09:57,1,1,1,1,1,0,0
2023-07-22 20:10:07,1,1,1,1,1,0,0
2023-07-22 20:10:17,1,1,1,1,1,0,0
2023-07-22 20:10:27,1,1,1,1,1,0,0
2023-07-22 20:10:37,1,1,1,1,1,0,0
2023-07-22 20:10:47,1,1,1,1,1,0,0
2023-07-22 20:10:57,1,1,1,1,1,0,0
2023-07-22 20:11:07,1,1,1,1,1,0,0
2023-07-22 20:11:17,1,1,1,1,1,0,0
2023-07-22 20:11:27,1,1,1,1,1,0,0
2023-07-22 20:11:37,1,1,1,1,1,0,0
2023-07-22 20:11:47,1,1,1,1,1,0,0
2023-07-22 20:11:57,1,1,1,1,1,0,0
2023-07-22 20:12:07,1,1,1,1,1,0,0
2023-07-22 20:12:17,1,1,1,1,1,0,0
2023-07-22 20:12:27,1,1,1,1,1,0,0
2023-07-22 20:12:37,1,1,1,1,1,0,0
2023-07-22 20:12:47,1,1,1,1,1,0,0
2023-07-22 20:12:57,1,1,1,1,1,0,0
2023-07-22 20:13:07,1,1,1,1,1,0,0
2023-07-22 20:13:17,1,1,1,1,1,0,0
2023-07-22 20:13:27,1,1,1,1,1,0,0
2023-07-22 20:13:37,1,1,1,1,1,0,0
2023-07-22 20:13:47,1,1,1,1,1,0,0
2023-07-22 20:13:57,1,1,1,1,1,0,0
2023-07-22 20:14:07,1,1,1,1,1,0,0
2023-07-22 20:14:17,1,1,1,1,1,0,0
2023-07-22 20:14:27,1,1,1,1,1,0,0
2023-07-22 20:14:37,1,1,1,1,1,0,0
2023-07-22 20:14:47,1,1,1,1,1,0,0
2023-07-22 21:03:33,1,1,1,1,1,0,0
2023-07-22 21:03:42,1,1,1,1,1,0,0
2023-07-22 21:03:52,1,1,1,1,1,0,0
2023-07-22 21:04:02,1,1,1,1,1,0,0
2023-07-22 21:04:12,1,1,1,1,1,0,0
2023-07-22 21:04:22,1,1,1,1,1,0,0
2023-07-22 21:04:32,1,1,1,1,1,0,0
2023-07-22 21:04:42,1,1,1,1,1,0,0
2023-07-22 21:04:52,1,1,1,1,1,0,0
2023-07-22 21:05:03,1,1,1,1,1,0,0
2023-07-22 21:05:13,1,1,1,1,1,0,0
2023-07-22 21:05:22,1,1,1,1,1,0,0
2023-07-22 21:05:33,1,1,1,1,1,0,0
2023-07-22 21:05:43,1,1,1,1,1,0,0
2023-07-22 21:05:53,1,1,1,1,1,0,0
2023-07-22 21:06:07,1,1,1,1,1,0,0
2023-07-22 21:06:14,1,1,1,1,1,0,0
2023-07-22 21:06:23,1,1,1,1,1,0,0
2023-07-22 21:06:33,1,1,1,1,1,0,0
2023-07-22 21:06:43,1,1,1,1,1,0,0
2023-07-22 21:06:52,1,1,1,1,1,0,0
2023-07-22 21:07:03,1,1,1,1,1,0,0
2023-07-22 21:07:15,1,1,1,1,1,0,0
2023-07-22 21:07:24,1,1,1,1,1,0,0
2023-07-22 21:07:37,1,1,1,1,1,0,0
2023-07-22 21:07:46,1,1,1,1,1,0,0
2023-07-22 21:07:53,1,1,1,1,1,0,0
2023-07-23 05:21:58,1,1,1,1,1,0,0
2023-07-23 05:22:06,1,1,1,1,1,0,0
2023-07-23 05:22:16,1,1,1,1,1,0,0
2023-07-23 05:22:26,1,1,1,1,1,0,0
2023-07-23 05:22:36,1,1,1,1,1,0,0
2023-07-23 05:22:46,1,1,1,1,1,0,0
2023-07-23 05:22:56,1,1,1,1,1,0,0
2023-07-23 05:23:06,1,1,1,1,1,0,0
2023-07-23 05:23:16,1,1,1,1,1,0,0
2023-07-23 05:23:26,1,1,1,1,1,0,0
2023-07-23 05:23:37,1,1,1,1,1,0,0
2023-07-23 05:23:47,1,1,1,1,1,0,0
2023-07-23 05:23:58,1,1,1,1,1,0,0
2023-07-23 05:24:07,1,1,1,1,1,0,0
2023-07-23 05:24:17,1,1,1,1,1,0,0
2023-07-23 05:24:27,1,1,1,1,1,0,0
2023-07-23 05:24:38,1,1,1,1,1,0,0
2023-07-23 05:24:48,1,1,1,1,1,0,0
2023-07-23 05:24:57,1,1,1,1,1,0,0
2023-07-23 05:25:08,1,1,1,1,1,0,0
2023-07-23 05:25:18,1,1,1,1,1,0,0
2023-07-23 05:25:27,1,1,1,1,1,0,0
2023-07-23 05:25:37,1,1,1,1,1,0,0
2023-07-23 05:25:47,1,1,1,1,1,0,0
2023-07-23 05:25:58,1,1,1,1,1,0,0
2023-07-23 05:26:08,1,1,1,1,1,0,0
2023-07-23 05:26:17,1,1,1,1,1,0,0
2023-07-23 05:26:27,1,1,1,1,1,0,0
2023-07-23 05:26:38,1,1,1,1,1,0,0
2023-07-23 05:26:47,1,1,1,1,1,0,0
2023-07-23 05:26:57,1,1,1,1,1,0,0
2023-07-23 05:27:09,1,1,1,1,1,0,0
2023-07-23 05:27:20,1,1,1,1,1,0,0
2023-07-23 05:27:30,1,1,1,1,1,0,0
2023-07-23 05:34:44,1,1,1,1,1,0,0
2023-07-23 05:34:54,1,1,1,1,1,0,0
2023-07-23 05:35:04,1,1,1,1,1,0,0
2023-07-23 05:35:14,1,1,1,1,1,0,0
2023-07-23 05:35:26,1,1,1,1,1,0,0
2023-07-23 05:35:34,1,1,1,1,1,0,0
2023-07-23 05:35:44,1,1,1,1,1,0,0
2023-07-23 05:35:54,1,1,1,1,1,0,0
2023-07-23 05:36:04,1,1,1,1,1,0,0
2023-07-23 05:36:14,1,1,1,1,1,0,0
2023-07-23 05:36:24,1,1,1,1,1,0,0
2023-07-23 05:36:35,1,1,1,1,1,0,0
2023-07-23 05:36:44,1,1,1,1,1,0,0
2023-07-23 05:36:54,1,1,1,1,1,0,0
2023-07-23 05:37:04,1,1,1,1,1,0,0
2023-07-23 05:37:14,1,1,1,1,1,0,0
2023-07-23 05:37:24,1,1,1,1,1,0,0
2023-07-23 05:37:34,1,1,1,1,1,0,0
2023-07-23 05:37:44,1,1,1,1,1,0,0
2023-07-23 05:37:54,1,1,1,1,1,0,0
2023-07-23 05:38:05,1,1,1,1,1,0,0
2023-07-23 05:38:14,1,1,1,1,1,0,0
2023-07-23 05:38:25,1,1,1,1,1,0,0
2023-07-23 14:33:21,1,1,1,1,1,0,0
2023-07-23 14:33:30,1,1,1,1,1,0,0
2023-07-23 14:33:40,1,1,1,1,1,0,0
2023-07-23 14:33:50,1,1,1,1,1,0,0
2023-07-23 14:34:00,1,1,1,1,1,0,0
2023-07-23 14:34:10,1,1,1,1,1,0,0
2023-07-23 14:34:20,1,1,1,1,1,0,0
2023-07-23 14:34:30,1,1,1,1,1,0,0
2023-07-23 14:34:40,1,1,1,1,1,0,0
2023-07-23 14:34:50,1,1,1,1,1,0,0
2023-07-23 14:35:00,1,1,1,1,1,0,0
2023-07-23 14:35:10,1,1,1,1,1,0,0
2023-07-23 14:35:20,1,1,1,1,1,0,0
2023-07-23 14:35:30,1,1,1,1,1,0,0
2023-07-23 14:35:40,1,1,1,1,1,0,0
2023-07-23 14:35:50,1,1,1,1,1,0,0
2023-07-23 14:36:00,1,1,1,1,1,0,0
2023-07-23 14:36:10,1,1,1,1,1,0,0
2023-07-23 14:36:20,1,1,1,1,1,0,0
2023-07-23 14:36:30,1,1,1,1,1,0,0
2023-07-23 14:36:40,1,1,1,1,1,0,0
2023-07-23 14:36:50,1,1,1,1,1,0,0
2023-07-23 14:37:00,1,1,1,1,1,0,0
2023-07-23 14:37:10,1,1,1,1,1,0,0
2023-07-23 14:37:20,1,1,1,1,1,0,0
2023-07-23 14:37:30,1,1,1,1,1,0,0
2023-07-23 14:37:40,1,1,1,1,1,0,0
2023-07-23 14:37:50,1,1,1,1,1,0,0
2023-07-23 14:38:00,1,1,1,1,1,0,0
2023-07-23 14:38:10,1,1,1,1,1,0,0
2023-07-23 14:38:20,1,1,1,1,1,0,0
2023-07-23 14:38:30,1,1,1,1,1,0,0
2023-07-23 14:38:40,1,1,1,1,1,0,0
2023-07-23 14:38:50,1,1,1,1,1,0,0
2023-07-23 14:39:00,1,1,1,1,1,0,0
2023-07-23 14:39:10,1,1,1,1,1,0,0
2023-07-23 14:39:20,1,1,1,1,1,0,0
2023-07-23 14:39:30,1,1,1,1,1,0,0
2023-07-23 14:39:40,1,1,1,1,1,0,0
2023-07-23 14:39:50,1,1,1,1,1,0,0
2023-07-23 14:40:00,1,1,1,1,1,0,0
2023-07-23 14:40:10,1,1,1,1,1,0,0
2023-07-23 14:40:20,1,1,1,1,1,0,0
2023-07-23 14:40:30,1,1,1,1,1,0,0
2023-07-23 14:40:40,1,1,1,1,1,0,0
2023-07-23 14:40:50,1,1,1,1,1,0,0
2023-07-23 14:41:33,1,1,1,1,1,0,0
2023-07-23 14:41:41,1,1,1,1,1,0,0
2023-07-23 14:41:50,1,1,1,1,1,0,0
2023-07-23 14:42:00,1,1,1,1,1,0,0
2023-07-23 14:42:10,1,1,1,1,1,0,0
2023-07-23 14:42:20,1,1,1,1,1,0,0
2023-07-23 14:42:30,1,1,1,1,1,0,0
2023-07-23 14:42:40,1,1,1,1,1,0,0
2023-07-23 14:42:50,1,1,1,1,1,0,0
2023-07-23 14:43:00,1,1,1,1,1,0,0
2023-07-23 14:43:10,1,1,1,1,1,0,0
2023-07-23 14:43:20,1,1,1,1,1,0,0
2023-07-23 14:43:30,1,1,1,1,1,0,0
2023-07-23 14:43:40,1,1,1,1,1,0,0
2023-07-23 14:43:50,1,1,1,1,1,0,0
2023-07-23 14:44:00,1,1,1,1,1,0,0
2023-07-23 14:44:10,1,1,1,1,1,0,0
2023-07-23 14:44:20,1,1,1,1,1,0,0
2023-07-23 14:44:30,1,1,1,1,1,0,0
2023-07-23 14:44:41,1,1,1,1,1,0,0
2023-07-23 14:44:50,1,1,1,1,1,0,0
2023-07-23 14:45:00,1,1,1,1,1,0,0
2023-07-23 14:45:10,1,1,1,1,1,0,0
2023-07-23 14:45:20,1,1,1,1,1,0,0
2023-07-23 14:45:30,1,1,1,1,1,0,0
2023-07-23 14:45:40,1,1,1,1,1,0,0
2023-07-23 14:45:50,1,1,1,1,1,0,0
2023-07-23 14:46:00,1,1,1,1,1,0,0
2023-07-23 14:46:10,1,1,1,1,1,0,0
2023-07-23 14:46:20,1,1,1,1,1,0,0
2023-07-23 14:46:30,1,1,1,1,1,0,0
2023-07-23 14:46:40,1,1,1,1,1,0,0
2023-07-23 14:46:50,1,1,1,1,1,0,0
2023-07-23 14:47:00,1,1,1,1,1,0,0
2023-07-23 14:47:10,1,1,1,1,1,0,0
2023-07-23 14:47:20,1,1,1,1,1,0,0
2023-07-23 14:47:30,1,1,1,1,1,0,0
2023-07-23 14:47:40,1,1,1,1,1,0,0
2023-07-23 14:47:50,1,1,1,1,1,0,0
2023-07-23 14:48:00,1,1,1,1,1,0,0
2023-07-23 14:48:10,1,1,1,1,1,0,0
2023-07-23 14:48:20,1,1,1,1,1,0,0
2023-07-23 14:48:30,1,1,1,1,1,0,0
2023-07-23 14:48:40,1,1,1,1,1,0,0
2023-07-23 14:48:50,1,1,1,1,1,0,0
2023-07-23 14:49:00,1,1,1,1,1,0,0
2023-07-23 14:49:10,1,1,1,1,1,0,0
2023-07-23 14:49:20,1,1,1,1,1,0,0
2023-07-23 14:49:30,1,1,1,1,1,0,0
2023-07-23 14:49:40,1,1,1,1,1,0,0
2023-07-23 14:49:50,1,1,1,1,1,0,0
2023-07-23 14:50:00,1,1,1,1,1,0,0
2023-07-23 14:50:10,1,1,1,1,1,0,0
2023-07-23 14:50:20,1,1,1,1,1,0,0
2023-07-23 14:50:30,1,1,1,1,1,0,0
2023-07-23 14:50:40,1,1,1,1,1,0,0
2023-07-23 14:50:50,1,1,1,1,1,0,0
2023-07-23 14:51:00,1,1,1,1,1,0,0
2023-07-23 14:51:10,1,1,1,1,1,0,0
2023-07-23 14:51:20,1,1,1,1,1,0,0
2023-07-23 14:51:30,1,1,1,1,1,0,0
2023-07-23 14:51:40,1,1,1,1,1,0,0
2023-07-23 14:51:50,1,1,1,1,1,0,0
2023-07-23 14:52:00,1,1,1,1,1,0,0
2023-07-23 14:52:10,1,1,1,1,1,0,0
2023-07-23 14:52:20,1,1,1,1,1,0,0
2023-07-23 14:52:30,1,1,1,1,1,0,0
2023-07-23 14:52:40,1,1,1,1,1,0,0
2023-07-23 14:52:50,1,1,1,1,1,0,0
2023-07-23 14:53:00,1,1,1,1,1,0,0
2023-07-23 14:53:10,1,1,1,1,1,0,0
2023-07-23 14:53:20,1,1,1,1,1,0,0
2023-07-23 14:53:30,1,1,1,1,1,0,0
2023-07-23 14:53:40,1,1,1,1,1,0,0
2023-07-23 14:53:50,1,1,1,1,1,0,0
2023-07-23 14:54:00,1,1,1,1,1,0,0
2023-07-23 14:54:10,1,1,1,1,1,0,0
2023-07-23 14:54:20,1,1,1,1,1,0,0
2023-07-23 14:54:30,1,1,1,1,1,0,0
2023-07-23 14:54:40,1,1,1,1,1,0,0
2023-07-23 14:54:50,1,1,1,1,1,0,0
2023-07-23 14:55:00,1,1,1,1,1,0,0
2023-07-23 14:55:10,1,1,1,1,1,0,0
2023-07-23 14:55:20,1,1,1,1,1,0,0
2023-07-23 14:55:30,1,1,1,1,1,0,0
2023-07-23 14:55:40,1,1,1,1,1,0,0
2023-07-23 14:55:50,1,1,1,1,1,0,0
2023-07-23 14:56:00,1,1,1,1,1,0,0
2023-07-23 14:56:10,1,1,1,1,1,0,0
2023-07-23 14:56:20,1,1,1,1,1,0,0
2023-07-23 14:56:30,1,1,1,1,1,0,0
2023-07-23 14:56:40,1,1,1,1,1,0,0
2023-07-23 14:56:50,1,1,1,1,1,0,0
2023-07-23 14:57:00,1,1,1,1,1,0,0
2023-07-23 14:57:10,1,1,1,1,1,0,0
2023-07-23 14:57:20,1,1,1,1,1,0,0
2023-07-23 14:57:30,1,1,1,1,1,0,0
2023-07-23 14:57:40,1,1,1,1,1,0,0
2023-07-23 14:57:50,1,1,1,1,1,0,0
2023-07-23 14:58:00,1,1,1,1,1,0,0
2023-07-23 14:58:10,1,1,1,1,1,0,0
2023-07-23 14:58:20,1,1,1,1,1,0,0
2023-07-23 14:58:30,1,1,1,1,1,0,0
2023-07-23 14:58:40,1,1,1,1,1,0,0
2023-07-23 14:58:50,1,1,1,1,1,0,0
2023-07-23 14:59:00,1,1,1,1,1,0,0
2023-07-23 14:59:10,1,1,1,1,1,0,0
2023-07-23 14:59:20,1,1,1,1,1,0,0
2023-07-23 14:59:30,1,1,1,1,1,0,0
2023-07-23 14:59:40,1,1,1,1,1,0,0
2023-07-23 14:59:50,1,1,1,1,1,0,0
2023-07-23 15:00:00,1,1,1,1,1,0,0
2023-07-23 15:00:10,1,1,1,1,1,0,0
2023-07-23 15:00:20,1,1,1,1,1,0,0
2023-07-23 15:00:30,1,1,1,1,1,0,0
2023-07-23 15:00:40,1,1,1,1,1,0,0
2023-07-23 15:00:50,1,1,1,1,1,0,0
2023-07-23 15:01:00,1,1,1,1,1,0,0
2023-07-23 15:01:10,1,1,1,1,1,0,0
2023-07-23 15:01:20,1,1,1,1,1,0,0
2023-07-23 15:01:30,1,1,1,1,1,0,0
2023-07-23 15:01:40,1,1,1,1,1,0,0
2023-07-23 15:01:50,1,1,1,1,1,0,0
2023-07-23 15:02:00,1,1,1,1,1,0,0
2023-07-23 15:02:10,1,1,1,1,1,0,0
2023-07-23 15:02:20,1,1,1,1,1,0,0
2023-07-23 15:02:30,1,1,1,1,1,0,0
2023-07-23 15:02:40,1,1,1,1,1,0,0
2023-07-23 15:02:50,1,1,1,1,1,0,0
2023-07-23 15:03:00,1,1,1,1,1,0,0
2023-07-23 15:03:10,1,1,1,1,1,0,0
2023-07-23 15:03:20,1,1,1,1,1,0,0
2023-07-23 15:03:30,1,1,1,1,1,0,0
2023-07-23 15:03:40,1,1,1,1,1,0,0
2023-07-23 15:03:51,1,1,1,1,1,0,0
2023-07-23 15:04:00,1,1,1,1,1,0,0
2023-07-23 15:04:10,1,1,1,1,1,0,0
2023-07-23 15:04:20,1,1,1,1,1,0,0
2023-07-23 15:04:30,1,1,1,1,1,0,0
2023-07-23 15:04:40,1,1,1,1,1,0,0
2023-07-23 15:04:50,1,1,1,1,1,0,0
2023-07-23 15:05:00,1,1,1,1,1,0,0
2023-07-23 15:05:10,1,1,1,1,1,0,0
2023-07-23 15:05:20,1,1,1,1,1,0,0
2023-07-23 15:05:30,1,1,1,1,1,0,0
2023-07-23 15:05:40,1,1,1,1,1,0,0
2023-07-23 15:05:50,1,1,1,1,1,0,0
2023-07-23 15:06:00,1,1,1,1,1,0,0
2023-07-23 15:06:10,1,1,1,1,1,0,0
2023-07-23 15:06:20,1,1,1,1,1,0,0
2023-07-23 15:06:30,1,1,1,1,1,0,0
2023-07-23 15:06:40,1,1,1,1,1,0,0
2023-07-23 15:06:50,1,1,1,1,1,0,0
2023-07-23 15:07:00,1,1,1,1,1,0,0
2023-07-23 15:07:10,1,1,1,1,1,0,0
2023-07-23 15:07:20,1,1,1,1,1,0,0
2023-07-23 15:07:30,1,1,1,1,1,0,0
2023-07-23 15:07:40,1,1,1,1,1,0,0
2023-07-23 15:07:50,1,1,1,1,1,0,0
2023-07-23 15:08:00,1,1,1,1,1,0,0
2023-07-23 15:08:10,1,1,1,1,1,0,0
2023-07-23 15:08:20,1,1,1,1,1,0,0
2023-07-23 15:08:30,1,1,1,1,1,0,0
2023-07-23 15:08:40,1,1,1,1,1,0,0
2023-07-23 15:08:50,1,1,1,1,1,0,0
2023-07-23 15:09:00,1,1,1,1,1,0,0
2023-07-23 15:09:10,1,1,1,1,1,0,0
2023-07-23 15:09:20,1,1,1,1,1,0,0
2023-07-23 15:09:30,1,1,1,1,1,0,0
2023-07-23 15:09:40,1,1,1,1,1,0,0
2023-07-23 15:09:50,1,1,1,1,1,0,0
2023-07-23 15:10:00,1,1,1,1,1,0,0
2023-07-23 15:10:10,1,1,1,1,1,0,0
2023-07-23 15:10:20,1,1,1,1,1,0,0
2023-07-23 15:10:30,1,1,1,1,1,0,0
2023-07-23 15:10:40,1,1,1,1,1,0,0
2023-07-23 15:10:50,1,1,1,1,1,0,0
2023-07-23 15:11:00,1,1,1,1,1,0,0
2023-07-23 15:11:10,1,1,1,1,1,0,0
2023-07-23 15:11:20,1,1,1,1,1,0,0
2023-07-23 15:11:30,1,1,1,1,1,0,0
2023-07-23 15:11:40,1,1,1,1,1,0,0
2023-07-23 15:11:50,1,1,1,1,1,0,0
2023-07-23 15:12:00,1,1,1,1,1,0,0
2023-07-23 15:12:10,1,1,1,1,1,0,0
2023-07-23 15:12:20,1,1,1,1,1,0,0
2023-07-23 15:12:30,1,1,1,1,1,0,0
2023-07-23 15:12:40,1,1,1,1,1,0,0
2023-07-23 15:12:50,1,1,1,1,1,0,0
2023-07-23 15:13:00,1,1,1,1,1,0,0
2023-07-23 15:13:10,1,1,1,1,1,0,0
2023-07-23 15:13:20,1,1,1,1,1,0,0
2023-07-23 15:13:30,1,1,1,1,1,0,0
2023-07-23 15:13:40,1,1,1,1,1,0,0
2023-07-23 15:13:51,1,1,1,1,1,0,0
2023-07-23 15:14:00,1,1,1,1,1,0,0
2023-07-23 15:14:10,1,1,1,1,1,0,0
2023-07-23 15:14:21,1,1,1,1,1,0,0
2023-07-23 15:14:30,1,1,1,1,1,0,0
2023-07-23 15:14:40,1,1,1,1,1,0,0
2023-07-23 15:14:50,1,1,1,1,1,0,0
2023-07-23 15:15:00,1,1,1,1,1,0,0
2023-07-23 15:15:10,1,1,1,1,1,0,0
2023-07-23 15:15:20,1,1,1,1,1,0,0
2023-07-23 15:15:30,1,1,1,1,1,0,0
2023-07-23 15:15:40,1,1,1,1,1,0,0
2023-07-23 15:15:50,1,1,1,1,1,0,0
2023-07-23 15:16:00,1,1,1,1,1,0,0
2023-07-23 15:16:10,1,1,1,1,1,0,0
2023-07-23 15:16:20,1,1,1,1,1,0,0
2023-07-23 15:16:30,1,1,1,1,1,0,0
2023-07-23 15:16:40,1,1,1,1,1,0,0
2023-07-23 15:16:50,1,1,1,1,1,0,0
2023-07-23 15:17:00,1,1,1,1,1,0,0
2023-07-23 15:17:10,1,1,1,1,1,0,0
2023-07-23 15:17:20,1,1,1,1,1,0,0
2023-07-23 15:17:30,1,1,1,1,1,0,0
2023-07-23 15:17:40,1,1,1,1,1,0,0
2023-07-23 15:17:50,1,1,1,1,1,0,0
2023-07-23 15:18:00,1,1,1,1,1,0,0
2023-07-23 15:18:10,1,1,1,1,1,0,0
2023-07-23 15:18:20,1,1,1,1,1,0,0
2023-07-23 15:18:31,1,1,1,1,1,0,0
2023-07-23 15:18:40,1,1,1,1,1,0,0
2023-07-23 15:18:50,1,1,1,1,1,0,0
2023-07-23 15:19:00,1,1,1,1,1,0,0
2023-07-23 15:19:10,1,1,1,1,1,0,0
2023-07-23 15:19:20,1,1,1,1,1,0,0
2023-07-23 15:19:30,1,1,1,1,1,0,0
2023-07-23 15:19:40,1,1,1,1,1,0,0
2023-07-23 15:19:50,1,1,1,1,1,0,0
2023-07-23 15:20:00,1,1,1,1,1,0,0
2023-07-23 15:20:10,1,1,1,1,1,0,0
2023-07-23 15:20:20,1,1,1,1,1,0,0
2023-07-23 15:20:30,1,1,1,1,1,0,0
2023-07-23 15:20:40,1,1,1,1,1,0,0
2023-07-23 15:20:50,1,1,1,1,1,0,0
2023-07-23 15:21:00,1,1,1,1,1,0,0
2023-07-23 15:21:10,1,1,1,1,1,0,0
2023-07-23 15:21:20,1,1,1,1,1,0,0
2023-07-23 15:21:30,1,1,1,1,1,0,0
2023-07-23 15:21:40,1,1,1,1,1,0,0
2023-07-23 15:21:50,1,1,1,1,1,0,0
2023-07-23 15:22:00,1,1,1,1,1,0,0
2023-07-23 15:22:10,1,1,1,1,1,0,0
2023-07-23 15:22:20,1,1,1,1,1,0,0
2023-07-23 15:22:31,1,1,1,1,1,0,0
2023-07-23 15:22:40,1,1,1,1,1,0,0
2023-07-23 15:22:50,1,1,1,1,1,0,0
2023-07-23 15:23:00,1,1,1,1,1,0,0
2023-07-23 15:23:10,1,1,1,1,1,0,0
2023-07-23 15:23:20,1,1,1,1,1,0,0
2023-07-23 15:23:30,1,1,1,1,1,0,0
2023-07-23 15:23:40,1,1,1,1,1,0,0
2023-07-23 15:23:50,1,1,1,1,1,0,0
2023-07-23 15:24:00,1,1,1,1,1,0,0
2023-07-23 15:24:10,1,1,1,1,1,0,0
2023-07-23 15:24:20,1,1,1,1,1,0,0
2023-07-23 15:24:30,1,1,1,1,1,0,0
2023-07-23 15:24:40,1,1,1,1,1,0,0
2023-07-23 15:24:50,1,1,1,1,1,0,0
2023-07-23 15:25:00,1,1,1,1,1,0,0
2023-07-23 15:25:10,1,1,1,1,1,0,0
2023-07-23 15:25:20,1,1,1,1,1,0,0
2023-07-23 15:25:30,1,1,1,1,1,0,0
2023-07-23 15:25:40,1,1,1,1,1,0,0
2023-07-23 15:25:50,1,1,1,1,1,0,0
2023-07-23 15:26:00,1,1,1,1,1,0,0
2023-07-23 15:26:10,1,1,1,1,1,0,0
2023-07-23 15:26:20,1,1,1,1,1,0,0
2023-07-23 15:26:30,1,1,1,1,1,0,0
2023-07-23 15:26:40,1,1,1,1,1,0,0
2023-07-23 15:26:50,1,1,1,1,1,0,0
2023-07-23 15:27:00,1,1,1,1,1,0,0
2023-07-23 15:27:10,1,1,1,1,1,0,0
2023-07-23 15:27:20,1,1,1,1,1,0,0
2023-07-23 15:27:30,1,1,1,1,1,0,0
2023-07-23 15:27:40,1,1,1,1,1,0,0
2023-07-23 15:27:50,1,1,1,1,1,0,0
2023-07-23 15:28:00,1,1,1,1,1,0,0
2023-07-23 15:28:10,1,1,1,1,1,0,0
2023-07-23 15:28:20,1,1,1,1,1,0,0
2023-07-23 15:28:30,1,1,1,1,1,0,0
2023-07-23 15:28:40,1,1,1,1,1,0,0
2023-07-23 15:28:50,1,1,1,1,1,0,0
2023-07-23 15:29:00,1,1,1,1,1,0,0
2023-07-23 15:29:10,1,1,1,1,1,0,0
2023-07-23 15:29:20,1,1,1,1,1,0,0
2023-07-23 15:29:30,1,1,1,1,1,0,0
2023-07-23 15:29:40,1,1,1,1,1,0,0
2023-07-23 15:29:50,1,1,1,1,1,0,0
2023-07-23 15:30:00,1,1,1,1,1,0,0
2023-07-23 15:30:10,1,1,1,1,1,0,0
2023-07-23 15:30:20,1,1,1,1,1,0,0
2023-07-23 15:30:30,1,1,1,1,1,0,0
2023-07-23 15:30:40,1,1,1,1,1,0,0
2023-07-23 15:30:50,1,1,1,1,1,0,0
2023-07-23 15:31:00,1,1,1,1,1,0,0
2023-07-23 15:31:10,1,1,1,1,1,0,0
2023-07-23 15:31:20,1,1,1,1,1,0,0
2023-07-23 15:31:30,1,1,1,1,1,0,0
2023-07-23 15:31:40,1,1,1,1,1,0,0
2023-07-23 15:31:50,1,1,1,1,1,0,0
2023-07-23 15:32:00,1,1,1,1,1,0,0
2023-07-23 15:32:10,1,1,1,1,1,0,0
2023-07-23 15:32:20,1,1,1,1,1,0,0
2023-07-23 15:32:30,1,1,1,1,1,0,0
2023-07-23 15:32:40,1,1,1,1,1,0,0
2023-07-23 15:32:50,1,1,1,1,1,0,0
2023-07-23 15:33:00,1,1,1,1,1,0,0
2023-07-23 15:33:10,1,1,1,1,1,0,0
2023-07-23 15:33:20,1,1,1,1,1,0,0
2023-07-23 15:33:30,1,1,1,1,1,0,0
2023-07-23 15:33:40,1,1,1,1,1,0,0
2023-07-23 15:33:50,1,1,1,1,1,0,0
2023-07-23 15:34:00,1,1,1,1,1,0,0
2023-07-23 15:34:10,1,1,1,1,1,0,0
2023-07-23 15:34:20,1,1,1,1,1,0,0
2023-07-23 15:34:30,1,1,1,1,1,0,0
2023-07-23 15:34:40,1,1,1,1,1,0,0
2023-07-23 15:34:50,1,1,1,1,1,0,0
2023-07-23 15:35:00,1,1,1,1,1,0,0
2023-07-23 15:35:10,1,1,1,1,1,0,0
2023-07-23 15:35:20,1,1,1,1,1,0,0
2023-07-23 15:35:30,1,1,1,1,1,0,0
2023-07-23 15:35:40,1,1,1,1,1,0,0
2023-07-23 15:35:50,1,1,1,1,1,0,0
2023-07-23 15:36:00,1,1,1,1,1,0,0
2023-07-23 15:36:10,1,1,1,1,1,0,0
2023-07-23 15:36:20,1,1,1,1,1,0,0
2023-07-23 15:36:30,1,1,1,1,1,0,0
2023-07-23 15:36:40,1,1,1,1,1,0,0
2023-07-23 15:36:50,1,1,1,1,1,0,0
2023-07-23 15:37:00,1,1,1,1,1,0,0
2023-07-23 15:37:10,1,1,1,1,1,0,0
2023-07-23 15:37:20,1,1,1,1,1,0,0
2023-07-23 15:37:30,1,1,1,1,1,0,0
2023-07-23 15:37:40,1,1,1,1,1,0,0
2023-07-23 15:37:50,1,1,1,1,1,0,0
2023-07-23 15:38:00,1,1,1,1,1,0,0
2023-07-23 15:38:10,1,1,1,1,1,0,0
2023-07-23 15:38:20,1,1,1,1,1,0,0
2023-07-23 15:38:30,1,1,1,1,1,0,0
2023-07-23 15:38:40,1,1,1,1,1,0,0
2023-07-23 15:38:50,1,1,1,1,1,0,0
2023-07-23 15:39:00,1,1,1,1,1,0,0
2023-07-23 15:39:10,1,1,1,1,1,0,0
2023-07-23 15:39:20,1,1,1,1,1,0,0
2023-07-23 15:39:30,1,1,1,1,1,0,0
2023-07-23 15:39:40,1,1,1,1,1,0,0
2023-07-23 15:39:50,1,1,1,1,1,0,0
2023-07-23 15:40:00,1,1,1,1,1,0,0
2023-07-23 15:40:10,1,1,1,1,1,0,0
2023-07-23 15:40:20,1,1,1,1,1,0,0
2023-07-23 15:40:30,1,1,1,1,1,0,0
2023-07-23 15:40:40,1,1,1,1,1,0,0
2023-07-23 15:40:50,1,1,1,1,1,0,0
2023-07-23 15:41:00,1,1,1,1,1,0,0
2023-07-23 15:41:10,1,1,1,1,1,0,0
2023-07-23 15:41:20,1,1,1,1,1,0,0
2023-07-23 15:41:30,1,1,1,1,1,0,0
2023-07-23 15:41:40,1,1,1,1,1,0,0
2023-07-23 15:41:50,1,1,1,1,1,0,0
2023-07-23 15:42:00,1,1,1,1,1,0,0
2023-07-23 15:42:10,1,1,1,1,1,0,0
2023-07-23 15:42:20,1,1,1,1,1,0,0
2023-07-23 15:42:30,1,1,1,1,1,0,0
2023-07-23 15:42:40,1,1,1,1,1,0,0
2023-07-23 15:42:50,1,1,1,1,1,0,0
2023-07-23 15:43:00,1,1,1,1,1,0,0
2023-07-23 15:43:11,1,1,1,1,1,0,0
2023-07-23 15:43:20,1,1,1,1,1,0,0
2023-07-23 15:43:30,1,1,1,1,1,0,0
2023-07-23 15:43:40,1,1,1,1,1,0,0
2023-07-23 15:43:50,1,1,1,1,1,0,0
2023-07-23 15:44:00,1,1,1,1,1,0,0
2023-07-23 15:44:11,1,1,1,1,1,0,0
2023-07-23 15:44:20,1,1,1,1,1,0,0
2023-07-23 15:44:30,1,1,1,1,1,0,0
2023-07-23 15:44:41,1,1,1,1,1,0,0
2023-07-23 15:44:50,1,1,1,1,1,0,0
2023-07-23 15:45:00,1,1,1,1,1,0,0
2023-07-23 15:45:11,1,1,1,1,1,0,0
2023-07-23 15:45:20,1,1,1,1,1,0,0
2023-07-23 15:45:30,1,1,1,1,1,0,0
2023-07-23 15:45:40,1,1,1,1,1,0,0
2023-07-23 15:45:51,1,1,1,1,1,0,0
2023-07-23 15:46:00,1,1,1,1,1,0,0
2023-07-23 15:46:10,1,1,1,1,1,0,0
2023-07-23 15:46:20,1,1,1,1,1,0,0
2023-07-23 15:46:30,1,1,1,1,1,0,0
2023-07-23 15:46:40,1,1,1,1,1,0,0
2023-07-23 15:46:50,1,1,1,1,1,0,0
2023-07-23 15:47:00,1,1,1,1,1,0,0
2023-07-23 15:47:10,1,1,1,1,1,0,0
2023-07-23 15:47:20,1,1,1,1,1,0,0
2023-07-23 15:47:30,1,1,1,1,1,0,0
2023-07-23 15:47:40,1,1,1,1,1,0,0
2023-07-23 15:47:50,1,1,1,1,1,0,0
2023-07-23 15:48:00,1,1,1,1,1,0,0
2023-07-23 15:48:10,1,1,1,1,1,0,0
2023-07-23 15:48:20,1,1,1,1,1,0,0
2023-07-23 15:48:30,1,1,1,1,1,0,0
2023-07-23 15:48:40,1,1,1,1,1,0,0
2023-07-23 15:48:50,1,1,1,1,1,0,0
2023-07-23 15:49:04,1,1,1,1,1,0,0
2023-07-23 15:49:11,1,1,1,1,1,0,0
2023-07-23 15:49:21,1,1,1,1,1,0,0
2023-07-23 15:49:30,1,1,1,1,1,0,0
2023-07-23 15:49:40,1,1,1,1,1,0,0
2023-07-23 15:49:50,1,1,1,1,1,0,0
2023-07-23 15:50:01,1,1,1,1,1,0,0
2023-07-23 15:50:11,1,1,1,1,1,0,0
2023-07-23 15:50:21,1,1,1,1,1,0,0
2023-07-23 15:50:30,1,1,1,1,1,0,0
2023-07-23 15:50:40,1,1,1,1,1,0,0
2023-07-23 15:50:50,1,1,1,1,1,0,0
2023-07-23 15:51:00,1,1,1,1,1,0,0
2023-07-23 15:51:10,1,1,1,1,1,0,0
2023-07-23 15:51:20,1,1,1,1,1,0,0
2023-07-23 15:51:30,1,1,1,1,1,0,0
2023-07-23 15:51:40,1,1,1,1,1,0,0
2023-07-23 15:51:50,1,1,1,1,1,0,0
2023-07-23 15:52:01,1,1,1,1,1,0,0
2023-07-23 15:52:10,1,1,1,1,1,0,0
2023-07-23 15:52:20,1,1,1,1,1,0,0
2023-07-23 15:52:30,1,1,1,1,1,0,0
2023-07-23 15:52:40,1,1,1,1,1,0,0
2023-07-23 15:52:50,1,1,1,1,1,0,0
2023-07-23 15:53:00,1,1,1,1,1,0,0
2023-07-23 15:53:10,1,1,1,1,1,0,0
2023-07-23 15:53:20,1,1,1,1,1,0,0
2023-07-23 15:53:30,1,1,1,1,1,0,0
2023-07-23 15:53:40,1,1,1,1,1,0,0
2023-07-23 15:53:50,1,1,1,1,1,0,0
2023-07-23 15:54:00,1,1,1,1,1,0,0
2023-07-23 15:54:10,1,1,1,1,1,0,0
2023-07-23 15:54:20,1,1,1,1,1,0,0
2023-07-23 15:54:31,1,1,1,1,1,0,0
2023-07-23 15:54:41,1,1,1,1,1,0,0
2023-07-23 15:54:50,1,1,1,1,1,0,0
2023-07-23 15:55:00,1,1,1,1,1,0,0
2023-07-23 15:55:11,1,1,1,1,1,0,0
2023-07-23 15:55:21,1,1,1,1,1,0,0
2023-07-23 15:55:31,1,1,1,1,1,0,0
2023-07-23 15:55:40,1,1,1,1,1,0,0
2023-07-23 15:55:50,1,1,1,1,1,0,0
2023-07-23 15:56:00,1,1,1,1,1,0,0
2023-07-23 15:56:10,1,1,1,1,1,0,0
2023-07-23 15:56:20,1,1,1,1,1,0,0
2023-07-23 15:56:30,1,1,1,1,1,0,0
2023-07-23 15:56:40,1,1,1,1,1,0,0
2023-07-23 15:56:51,1,1,1,1,1,0,0
2023-07-23 15:57:00,1,1,1,1,1,0,0
2023-07-23 15:57:10,1,1,1,1,1,0,0
2023-07-23 15:57:20,1,1,1,1,1,0,0
2023-07-23 15:57:30,1,1,1,1,1,0,0
2023-07-23 15:57:40,1,1,1,1,1,0,0
2023-07-23 15:57:50,1,1,1,1,1,0,0
2023-07-23 15:58:00,1,1,1,1,1,0,0
2023-07-23 15:58:11,1,1,1,1,1,0,0
2023-07-23 15:58:20,1,1,1,1,1,0,0
2023-07-23 15:58:31,1,1,1,1,1,0,0
2023-07-23 15:58:40,1,1,1,1,1,0,0
2023-07-23 15:58:50,1,1,1,1,1,0,0
2023-07-23 15:59:00,1,1,1,1,1,0,0
2023-07-23 15:59:11,1,1,1,1,1,0,0
2023-07-23 15:59:20,1,1,1,1,1,0,0
2023-07-23 15:59:31,1,1,1,1,1,0,0
2023-07-23 15:59:40,1,1,1,1,1,0,0
2023-07-23 15:59:51,1,1,1,1,1,0,0
2023-07-23 16:00:00,1,1,1,1,1,0,0
2023-07-23 16:00:11,1,1,1,1,1,0,0
2023-07-23 16:00:21,1,1,1,1,1,0,0
2023-07-23 16:00:30,1,1,1,1,1,0,0
2023-07-23 16:00:40,1,1,1,1,1,0,0
2023-07-23 16:00:50,1,1,1,1,1,0,0
2023-07-23 16:01:00,1,1,1,1,1,0,0
2023-07-23 16:01:10,1,1,1,1,1,0,0
2023-07-23 16:01:21,1,1,1,1,1,0,0
2023-07-23 16:01:31,1,1,1,1,1,0,0
2023-07-23 16:01:40,1,1,1,1,1,0,0
2023-07-23 16:01:50,1,1,1,1,1,0,0
2023-07-23 16:02:00,1,1,1,1,1,0,0
2023-07-23 16:02:10,1,1,1,1,1,0,0
2023-07-23 16:02:20,1,1,1,1,1,0,0
2023-07-23 16:02:30,1,1,1,1,1,0,0
2023-07-23 16:02:41,1,1,1,1,1,0,0
2023-07-23 16:02:51,1,1,1,1,1,0,0
2023-07-23 16:03:01,1,1,1,1,1,0,0
2023-07-23 16:03:11,1,1,1,1,1,0,0
2023-07-23 16:03:20,1,1,1,1,1,0,0
2023-07-23 16:03:31,1,1,1,1,1,0,0
2023-07-23 16:03:41,1,1,1,1,1,0,0
2023-07-23 16:03:51,1,1,1,1,1,0,0
2023-07-23 16:04:00,1,1,1,1,1,0,0
2023-07-23 16:04:11,1,1,1,1,1,0,0
2023-07-23 16:04:21,1,1,1,1,1,0,0
2023-07-23 16:04:31,1,1,1,1,1,0,0
2023-07-23 16:04:41,1,1,1,1,1,0,0
2023-07-23 16:04:51,1,1,1,1,1,0,0
2023-07-23 16:05:01,1,1,1,1,1,0,0
2023-07-23 16:05:11,1,1,1,1,1,0,0
2023-07-23 16:05:21,1,1,1,1,1,0,0
2023-07-23 16:05:31,1,1,1,1,1,0,0
2023-07-23 16:05:41,1,1,1,1,1,0,0
2023-07-23 16:05:51,1,1,1,1,1,0,0
2023-07-23 16:06:01,1,1,1,1,1,0,0
2023-07-23 16:06:11,1,1,1,1,1,0,0
2023-07-23 16:06:21,1,1,1,1,1,0,0
2023-07-23 16:06:31,1,1,1,1,1,0,0
2023-07-23 16:06:40,1,1,1,1,1,0,0
2023-07-23 16:06:51,1,1,1,1,1,0,0
2023-07-23 16:07:01,1,1,1,1,1,0,0
2023-07-23 16:07:11,1,1,1,1,1,0,0
2023-07-23 16:07:21,1,1,1,1,1,0,0
2023-07-23 16:07:31,1,1,1,1,1,0,0
2023-07-23 16:07:41,1,1,1,1,1,0,0
2023-07-23 16:07:51,1,1,1,1,1,0,0
2023-07-23 16:08:01,1,1,1,1,1,0,0
2023-07-23 16:08:11,1,1,1,1,1,0,0
2023-07-23 16:08:21,1,1,1,1,1,0,0
2023-07-23 16:08:31,1,1,1,1,1,0,0
2023-07-23 16:08:41,1,1,1,1,1,0,0
2023-07-23 16:08:51,1,1,1,1,1,0,0
2023-07-23 16:09:01,1,1,1,1,1,0,0
2023-07-23 16:09:11,1,1,1,1,1,0,0
2023-07-23 16:09:22,1,1,1,1,1,0,0
2023-07-23 16:09:31,1,1,1,1,1,0,0
2023-07-23 16:09:41,1,1,1,1,1,0,0
2023-07-23 16:09:52,1,1,1,1,1,0,0
2023-07-23 16:10:01,1,1,1,1,1,0,0
2023-07-23 16:10:12,1,1,1,1,1,0,0
2023-07-23 16:10:23,1,1,1,1,1,0,0
2023-07-23 16:10:32,1,1,1,1,1,0,0
2023-07-23 16:10:43,1,1,1,1,1,0,0
2023-07-23 16:10:53,1,1,1,1,1,0,1
2023-07-23 16:11:01,1,1,1,1,1,0,0
2023-07-23 16:11:11,1,1,1,1,1,0,0
2023-07-23 16:11:24,1,1,1,1,1,0,0
2023-07-23 16:11:31,1,1,1,1,1,0,0
2023-07-23 16:11:42,1,1,1,1,1,0,0
2023-07-23 16:11:52,1,1,1,1,1,0,0
2023-07-23 16:12:03,1,1,1,1,1,0,0
2023-07-23 16:12:12,1,1,1,1,1,0,0
2023-07-23 16:12:23,1,1,1,1,1,0,0
2023-07-23 16:12:31,1,1,1,1,1,0,0
2023-07-23 16:12:42,1,1,1,1,1,0,0
2023-07-23 16:12:52,1,1,1,1,1,0,0
2023-07-23 16:13:01,1,1,1,1,1,0,0
2023-07-23 16:13:11,1,1,1,1,1,0,0
2023-07-23 16:13:22,1,1,1,1,1,0,0
2023-07-23 16:13:31,1,1,1,1,1,0,0
2023-07-23 16:13:42,1,1,1,1,1,0,0
2023-07-23 16:13:51,1,1,1,1,1,0,0
2023-07-23 16:14:01,1,1,1,1,1,0,0
2023-07-23 16:14:11,1,1,1,1,1,0,0
2023-07-23 16:14:21,1,1,1,1,1,0,0
2023-07-23 16:14:31,1,1,1,1,1,0,0
2023-07-23 16:14:41,1,1,1,1,1,0,0
2023-07-23 16:14:51,1,1,1,1,1,0,0
2023-07-23 16:15:01,1,1,1,1,1,0,0
2023-07-23 16:15:11,1,1,1,1,1,0,0
2023-07-23 16:15:21,1,1,1,1,1,0,0
2023-07-23 16:15:31,1,1,1,1,1,0,0
2023-07-23 16:15:41,1,1,1,1,1,0,0
2023-07-23 16:15:51,1,1,1,1,1,0,0
2023-07-23 16:16:01,1,1,1,1,1,0,0
2023-07-23 16:16:12,1,1,1,1,1,0,0
2023-07-23 16:16:34,1,1,1,1,1,0,0
2023-07-23 16:16:37,1,1,1,1,1,0,0
2023-07-23 16:16:44,1,1,1,1,1,0,0
2023-07-23 16:16:53,1,1,1,1,1,0,0
2023-07-23 16:17:01,1,1,1,1,1,0,0
2023-07-23 16:17:12,1,1,1,1,1,0,0
2023-07-23 16:17:22,1,1,1,1,1,0,0
2023-07-23 16:17:31,1,1,1,1,1,0,0
2023-07-23 16:17:42,1,1,1,1,1,0,0
2023-07-23 16:17:51,1,1,1,1,1,0,0
2023-07-23 16:18:02,1,1,1,1,1,0,0
2023-07-23 16:18:11,1,1,1,1,1,0,0
2023-07-23 16:18:23,1,1,1,1,1,0,0
2023-07-23 16:18:31,1,1,1,1,1,0,0
2023-07-23 16:18:42,1,1,1,1,1,0,0
2023-07-23 16:18:52,1,1,1,1,1,0,1
2023-07-23 16:19:01,1,1,1,1,1,0,0
2023-07-23 16:19:11,1,1,1,1,1,0,0
2023-07-23 16:19:21,1,1,1,1,1,0,0
2023-07-23 16:19:31,1,1,1,1,1,0,0
2023-07-23 16:19:41,1,1,1,1,1,0,0
2023-07-23 16:19:52,1,1,1,1,1,0,0
2023-07-23 16:20:01,1,1,1,1,1,0,0
2023-07-23 16:20:11,1,1,1,1,1,0,0
2023-07-23 16:20:21,1,1,1,1,1,0,0
2023-07-23 16:20:31,1,1,1,1,1,0,0
2023-07-23 16:20:41,1,1,1,1,1,0,0
2023-07-23 16:20:51,1,1,1,1,1,0,0
2023-07-23 16:21:01,1,1,1,1,1,0,0
2023-07-23 16:21:11,1,1,1,1,1,0,0
2023-07-23 16:21:22,1,1,1,1,1,0,0
2023-07-23 16:21:31,1,1,1,1,1,0,0
2023-07-23 16:21:41,1,1,1,1,1,0,0
2023-07-23 16:21:51,1,1,1,1,1,0,0
2023-07-23 16:22:01,1,1,1,1,1,0,0
2023-07-23 16:22:11,1,1,1,1,1,0,0
2023-07-23 16:22:21,1,1,1,1,1,0,0
2023-07-23 16:22:31,1,1,1,1,1,0,0
2023-07-23 16:22:41,1,1,1,1,1,0,0
2023-07-23 16:22:51,1,1,1,1,1,0,0
2023-07-23 16:23:01,1,1,1,1,1,0,0
2023-07-23 16:23:11,1,1,1,1,1,0,0
2023-07-23 16:23:22,1,1,1,1,1,0,0
2023-07-23 16:23:32,1,1,1,1,1,0,0
2023-07-23 16:23:42,1,1,1,1,1,0,0
2023-07-23 16:23:52,1,1,1,1,1,0,0
2023-07-23 16:24:01,1,1,1,1,1,0,0
2023-07-23 16:24:11,1,1,1,1,1,0,0
2023-07-23 16:24:21,1,1,1,1,1,0,0
2023-07-23 16:24:31,1,1,1,1,1,0,0
2023-07-23 16:24:41,1,1,1,1,1,0,0
2023-07-23 16:24:51,1,1,1,1,1,0,0
2023-07-23 16:25:01,1,1,1,1,1,0,0
2023-07-23 16:25:11,1,1,1,1,1,0,0
2023-07-23 16:25:21,1,1,1,1,1,0,0
2023-07-23 16:25:31,1,1,1,1,1,0,0
2023-07-23 16:25:41,1,1,1,1,1,0,0
2023-07-23 16:25:51,1,1,1,1,1,0,0
2023-07-23 16:26:01,1,1,1,1,1,0,0
2023-07-23 16:26:11,1,1,1,1,1,0,0
2023-07-23 16:26:21,1,1,1,1,1,0,0
2023-07-23 16:26:31,1,1,1,1,1,0,0
2023-07-23 16:26:41,1,1,1,1,1,0,0
2023-07-23 16:26:51,1,1,1,1,1,0,0
2023-07-23 16:27:02,1,1,1,1,1,0,0
2023-07-23 16:27:11,1,1,1,1,1,0,0
2023-07-23 16:27:21,1,1,1,1,1,0,0
2023-07-23 16:27:32,1,1,1,1,1,0,0
2023-07-23 16:27:41,1,1,1,1,1,0,0
2023-07-23 16:27:51,1,1,1,1,1,0,0
2023-07-23 16:28:01,1,1,1,1,1,0,0
2023-07-23 16:28:12,1,1,1,1,1,0,0
2023-07-23 16:28:21,1,1,1,1,1,0,0
2023-07-23 16:28:32,1,1,1,1,1,0,0
2023-07-23 16:28:41,1,1,1,1,1,0,0
2023-07-24 07:50:25,1,1,1,1,1,0,0
2023-07-24 07:50:34,1,1,1,1,1,0,0
2023-07-24 07:50:44,1,1,1,1,1,0,0
2023-07-24 07:50:54,1,1,1,1,1,0,0
2023-07-24 07:51:04,1,1,1,1,1,0,0
2023-07-24 07:51:14,1,1,1,1,1,0,0
2023-07-24 07:51:24,1,1,1,1,1,0,0
2023-07-24 07:51:34,1,1,1,1,1,0,0
2023-07-24 07:51:44,1,1,1,1,1,0,0
2023-07-24 07:51:54,1,1,1,1,1,0,0
2023-07-24 07:52:04,1,1,1,1,1,0,0
2023-07-24 07:52:14,1,1,1,1,1,0,0
2023-07-24 07:52:24,1,1,1,1,1,0,0
2023-07-24 07:52:34,1,1,1,1,1,0,0
2023-07-24 07:52:44,1,1,1,1,1,0,0
2023-07-24 07:52:54,1,1,1,1,1,0,0
2023-07-24 07:53:04,1,1,1,1,1,0,0
2023-07-24 07:53:14,1,1,1,1,1,0,0
2023-07-24 07:53:24,1,1,1,1,1,0,0
2023-07-24 07:53:34,1,1,1,1,1,0,0
2023-07-24 07:53:44,1,1,1,1,1,0,0
2023-07-24 07:53:54,1,1,1,1,1,0,0
2023-07-24 07:54:04,1,1,1,1,1,0,0
2023-07-24 07:54:14,1,1,1,1,1,0,0
2023-07-24 07:54:24,1,1,1,1,1,0,0
2023-07-24 07:54:34,1,1,1,1,1,0,0
2023-07-24 07:54:44,1,1,1,1,1,0,0
2023-07-24 07:54:54,1,1,1,1,1,0,0
2023-07-24 07:55:04,1,1,1,1,1,0,0
2023-07-24 07:55:14,1,1,1,1,1,0,0
2023-07-24 07:55:24,1,1,1,1,1,0,0
2023-07-24 07:55:34,1,1,1,1,1,0,0
2023-07-24 07:55:44,1,1,1,1,1,0,0
2023-07-24 07:55:54,1,1,1,1,1,0,0
2023-07-24 07:56:04,1,1,1,1,1,0,0
2023-07-24 07:56:14,1,1,1,1,1,0,0
2023-07-24 07:56:24,1,1,1,1,1,0,0
2023-07-24 07:56:34,1,1,1,1,1,0,0
2023-07-24 07:56:44,1,1,1,1,1,0,0
2023-07-24 07:56:54,1,1,1,1,1,0,0
2023-07-24 07:57:04,1,1,1,1,1,0,0
2023-07-24 07:57:14,1,1,1,1,1,0,0
2023-07-24 07:57:24,1,1,1,1,1,0,0
2023-07-24 07:57:34,1,1,1,1,1,0,0
2023-07-24 07:57:44,1,1,1,1,1,0,0
2023-07-24 07:57:54,1,1,1,1,1,0,0
2023-07-24 07:58:04,1,1,1,1,1,0,0
2023-07-24 07:58:14,1,1,1,1,1,0,0
2023-07-24 07:58:24,1,1,1,1,1,0,0
2023-07-24 07:58:34,1,1,1,1,1,0,0
2023-07-24 07:58:44,1,1,1,1,1,0,0
2023-07-24 07:58:54,1,1,1,1,1,0,0
2023-07-24 07:59:04,1,1,1,1,1,0,0
2023-07-24 07:59:14,1,1,1,1,1,0,0
2023-07-24 07:59:24,1,1,1,1,1,0,0
2023-07-24 07:59:34,1,1,1,1,1,0,0
2023-07-24 07:59:44,1,1,1,1,1,0,0
2023-07-30 06:59:22,1,1,1,1,1,0,0
2023-07-30 06:59:32,1,1,1,1,1,0,0
2023-07-30 06:59:42,1,1,1,1,1,0,0
2023-07-30 06:59:52,1,1,1,1,1,0,0
2023-07-30 07:00:02,1,1,1,1,1,0,0
2023-07-30 07:00:12,1,1,1,1,1,0,0
2023-07-30 07:00:22,1,1,1,1,1,0,0
2023-07-30 07:00:32,1,1,1,1,1,0,0
2023-07-30 07:00:42,1,1,1,1,1,0,0
2023-07-30 07:00:52,1,1,1,1,1,0,0
2023-07-30 07:01:02,1,1,1,1,1,0,0
2023-07-30 07:01:12,1,1,1,1,1,0,0
2023-07-30 07:01:22,1,1,1,1,1,0,0
2023-07-30 07:01:32,1,1,1,1,1,0,0
2023-07-30 07:01:42,1,1,1,1,1,0,0
2023-07-30 07:01:52,1,1,1,1,1,0,0
2023-07-30 07:02:02,1,1,1,1,1,0,0
2023-07-30 07:02:12,1,1,1,1,1,0,0
2023-07-30 07:02:22,1,1,1,1,1,0,0
2023-07-30 07:02:32,1,1,1,1,1,0,0
2023-07-30 07:02:42,1,1,1,1,1,0,0
2023-07-30 07:02:52,1,1,1,1,1,0,0
2023-07-30 07:03:02,1,1,1,1,1,0,0
2023-07-30 07:03:12,1,1,1,1,1,0,0
2023-07-30 07:03:22,1,1,1,1,1,0,0
2023-07-30 07:03:32,1,1,1,1,1,0,0
2023-07-30 07:03:42,1,1,1,1,1,0,0
2023-07-30 07:03:52,1,1,1,1,1,0,0
2023-07-30 07:04:02,1,1,1,1,1,0,0
2023-07-30 07:04:12,1,1,1,1,1,0,0
2023-07-30 07:04:22,1,1,1,1,1,0,0
2023-07-30 07:04:32,1,1,1,1,1,0,0
2023-07-30 07:04:42,1,1,1,1,1,0,0
2023-07-30 07:04:52,1,1,1,1,1,0,0
2023-07-30 07:05:02,1,1,1,1,1,0,0
2023-07-30 07:05:12,1,1,1,1,1,0,0
2023-07-30 07:05:22,1,1,1,1,1,0,0
2023-07-30 07:05:32,1,1,1,1,1,0,0
2023-07-30 07:05:42,1,1,1,1,1,0,0
2023-07-30 07:05:52,1,1,1,1,1,0,0
2023-07-30 07:06:02,1,1,1,1,1,0,0
2023-07-30 07:06:12,1,1,1,1,1,0,0
2023-07-30 07:06:22,1,1,1,1,1,0,0
2023-07-30 07:06:32,1,1,1,1,1,0,0
2023-07-30 07:06:42,1,1,1,1,1,0,0
2023-07-30 07:06:52,1,1,1,1,1,0,0
2023-07-30 07:07:02,1,1,1,1,1,0,0
2023-07-30 07:07:12,1,1,1,1,1,0,0
2023-07-30 07:07:22,1,1,1,1,1,0,0
2023-07-30 07:07:32,1,1,1,1,1,0,0
2023-07-30 07:07:42,1,1,1,1,1,0,0
2023-07-30 07:07:52,1,1,1,1,1,0,0
2023-07-30 07:08:02,1,1,1,1,1,0,0
2023-07-30 07:08:12,1,1,1,1,1,0,0
2023-07-30 07:08:22,1,1,1,1,1,0,0
2023-07-30 07:08:32,1,1,1,1,1,0,0
2023-07-30 07:08:42,1,1,1,1,1,0,0
2023-07-30 07:08:52,1,1,1,1,1,0,0
2023-07-30 07:09:02,1,1,1,1,1,0,0
2023-07-30 07:09:12,1,1,1,1,1,0,0
2023-07-30 07:09:22,1,1,1,1,1,0,0
2023-07-30 07:09:32,1,1,1,1,1,0,0
2023-07-30 07:09:42,1,1,1,1,1,0,0
2023-07-30 07:09:52,1,1,1,1,1,0,0
2023-07-30 07:10:02,1,1,1,1,1,0,0
2023-07-30 07:10:12,1,1,1,1,1,0,0
2023-07-30 07:10:22,1,1,1,1,1,0,0
2023-07-30 07:10:32,1,1,1,1,1,0,0
2023-07-30 07:10:42,1,1,1,1,1,0,0
2023-07-30 07:10:52,1,1,1,1,1,0,0
2023-07-30 07:11:02,1,1,1,1,1,0,0
2023-07-30 07:11:12,1,1,1,1,1,0,0
2023-07-30 07:11:22,1,1,1,1,1,0,0
2023-07-30 07:11:32,1,1,1,1,1,0,0
2023-07-30 07:11:42,1,1,1,1,1,0,0
2023-07-30 07:11:52,1,1,1,1,1,0,0
2023-07-30 07:12:02,1,1,1,1,1,0,0
2023-07-30 07:12:12,1,1,1,1,1,0,0
2023-07-30 07:12:22,1,1,1,1,1,0,0
2023-07-30 07:12:32,1,1,1,1,1,0,0
2023-07-30 07:12:42,1,1,1,1,1,0,0
2023-07-30 07:12:52,1,1,1,1,1,0,0
2023-07-30 07:13:02,1,1,1,1,1,0,0
2023-07-30 07:13:12,1,1,1,1,1,0,0
2023-07-30 07:13:22,1,1,1,1,1,0,0
2023-07-30 07:13:32,1,1,1,1,1,0,0
2023-07-30 07:13:42,1,1,1,1,1,0,0
2023-07-30 07:13:52,1,1,1,1,1,0,0
2023-07-30 07:14:02,1,1,1,1,1,0,0
2023-07-30 07:14:12,1,1,1,1,1,0,0
2023-07-30 07:14:22,1,1,1,1,1,0,0
2023-07-30 07:14:32,1,1,1,1,1,0,0
2023-07-30 07:14:42,1,1,1,1,1,0,0
2023-07-30 07:14:52,1,1,1,1,1,0,0
2023-07-30 07:15:02,1,1,1,1,1,0,0
2023-07-30 07:15:12,1,1,1,1,1,0,0
2023-07-30 07:15:22,1,1,1,1,1,0,0
2023-07-30 07:15:46,1,1,1,1,1,0,0
2023-07-30 07:15:55,1,1,1,1,1,0,0
2023-07-30 07:16:05,1,1,1,1,1,0,0
2023-07-30 07:16:16,1,1,1,1,1,0,0
2023-07-30 07:16:25,1,1,1,1,1,0,0
2023-07-30 07:16:35,1,1,1,1,1,0,0
2023-07-30 07:16:45,1,1,1,1,1,0,0
2023-07-30 07:16:55,1,1,1,1,1,0,0
2023-07-30 07:17:05,1,1,1,1,1,0,0
2023-07-30 07:17:15,1,1,1,1,1,0,0
2023-07-30 07:17:25,1,1,1,1,1,0,0
2023-07-30 07:17:35,1,1,1,1,1,0,0
2023-07-30 07:17:45,1,1,1,1,1,0,0
