timestamp,memUsage,memUsageRatio,connections
2023-07-22 16:58:59,620592,6.499999999999997,1
2023-07-22 16:59:09,620948,6.499999999999997,1
2023-07-22 16:59:19,621008,6.499999999999997,1
2023-07-22 16:59:29,621092,6.499999999999997,1
2023-07-22 16:59:39,621452,6.499999999999997,1
2023-07-22 16:59:49,621364,6.499999999999997,1
2023-07-22 16:59:59,621396,6.499999999999997,1
2023-07-22 17:00:09,621552,6.499999999999997,1
2023-07-22 17:00:19,770792,7.599999999999994,1
2023-07-22 17:00:29,621320,6.499999999999997,1
2023-07-22 17:00:39,621448,6.499999999999997,1
2023-07-22 17:00:49,621408,6.499999999999997,1
2023-07-22 17:00:59,621480,6.499999999999997,1
2023-07-22 17:01:09,621376,6.499999999999997,1
2023-07-22 17:01:19,621520,6.499999999999997,1
2023-07-22 17:01:29,621444,6.499999999999997,1
2023-07-22 17:01:39,628716,6.499999999999997,1
2023-07-22 17:01:49,621536,6.499999999999997,1
2023-07-22 17:01:59,621376,6.499999999999997,1
2023-07-22 17:02:09,621404,6.499999999999997,1
2023-07-22 17:02:19,621384,6.499999999999997,2
2023-07-22 17:02:29,621524,6.499999999999997,1
2023-07-22 17:02:39,791940,7.7999999999999945,1
2023-07-22 17:02:49,796252,7.899999999999994,1
2023-07-22 17:02:59,800736,7.899999999999994,1
2023-07-22 17:03:09,848500,8.499999999999993,2
2023-07-22 17:03:19,805388,7.999999999999994,1
2023-07-22 17:03:29,806456,7.999999999999994,1
2023-07-22 17:03:39,807716,7.999999999999994,1
2023-07-22 17:03:49,811908,8.099999999999994,1
2023-07-22 17:03:59,815908,8.099999999999994,1
2023-07-22 17:04:09,875964,8.799999999999994,2
2023-07-22 17:04:19,820440,8.199999999999994,1
2023-07-22 17:04:29,820352,8.199999999999994,1
2023-07-22 17:04:39,820944,8.199999999999994,1
2023-07-22 17:04:49,821520,8.199999999999994,1
2023-07-22 17:04:59,822152,8.199999999999994,1
2023-07-22 17:05:09,874648,8.699999999999994,2
2023-07-22 17:05:19,828744,8.199999999999994,1
2023-07-22 17:05:29,828652,8.199999999999994,1
2023-07-22 17:05:39,829164,8.199999999999994,1
2023-07-22 17:05:49,829424,8.199999999999994,1
2023-07-22 17:05:59,830088,8.199999999999994,1
2023-07-22 17:06:09,873368,8.799999999999995,2
2023-07-22 17:06:19,832404,8.299999999999995,1
2023-07-22 17:06:29,832448,8.299999999999995,1
2023-07-22 17:06:39,832956,8.299999999999995,1
2023-07-22 17:06:49,833500,8.299999999999995,1
2023-07-22 17:06:59,833708,8.299999999999995,1
2023-07-22 17:07:09,885652,8.899999999999995,2
2023-07-22 17:07:19,836464,8.299999999999995,1
2023-07-22 17:07:29,836468,8.299999999999995,1
2023-07-22 17:07:39,836768,8.299999999999995,1
2023-07-22 17:07:49,837012,8.299999999999995,1
2023-07-22 17:07:59,837328,8.299999999999995,1
2023-07-22 17:08:09,887676,8.899999999999995,2
2023-07-22 17:08:19,839396,8.399999999999995,1
2023-07-22 17:08:29,839376,8.399999999999995,1
2023-07-22 17:08:39,839364,8.399999999999995,1
2023-07-22 17:08:49,839980,8.399999999999995,1
2023-07-22 17:08:59,840388,8.399999999999995,1
2023-07-22 17:09:09,889280,8.899999999999995,2
2023-07-22 17:09:19,842872,8.399999999999995,1
2023-07-22 17:09:29,843120,8.399999999999995,1
2023-07-22 17:09:39,843420,8.399999999999995,1
2023-07-22 17:09:49,843680,8.399999999999995,1
2023-07-22 17:09:59,843860,8.399999999999995,1
2023-07-22 17:10:09,895548,8.999999999999995,2
2023-07-22 17:10:19,845964,8.399999999999995,1
2023-07-22 17:10:29,846064,8.399999999999995,1
2023-07-22 17:10:39,846488,8.399999999999995,1
2023-07-22 17:10:49,846696,8.499999999999995,1
2023-07-22 17:10:59,847008,8.499999999999995,1
2023-07-22 17:11:09,892932,8.999999999999995,2
2023-07-22 17:11:19,849188,8.499999999999995,1
2023-07-22 17:11:29,849744,8.499999999999995,1
2023-07-22 17:11:39,850320,8.499999999999995,1
2023-07-22 17:11:49,850596,8.499999999999995,1
2023-07-22 17:11:59,850844,8.499999999999995,1
2023-07-22 17:12:09,901692,9.099999999999994,2
2023-07-22 17:12:19,852516,8.499999999999995,1
2023-07-22 17:12:29,853136,8.499999999999995,1
2023-07-22 17:12:39,853264,8.499999999999995,1
2023-07-22 17:12:49,853464,8.499999999999995,1
2023-07-22 17:12:59,853732,8.499999999999995,1
2023-07-22 17:13:09,900356,9.099999999999994,2
2023-07-22 17:13:19,855848,8.599999999999994,1
2023-07-22 17:13:29,855956,8.599999999999994,1
2023-07-22 17:13:39,856284,8.599999999999994,1
2023-07-22 17:13:49,856476,8.599999999999994,1
2023-07-22 17:13:59,856880,8.599999999999994,1
2023-07-22 17:14:09,905456,9.099999999999994,2
2023-07-22 17:14:19,858624,8.599999999999994,1
2023-07-22 17:14:29,858948,8.599999999999994,1
2023-07-22 17:14:39,859168,8.599999999999994,1
2023-07-22 17:14:49,859384,8.599999999999994,1
2023-07-22 17:14:59,859500,8.599999999999994,1
2023-07-22 17:15:09,888604,8.899999999999995,2
2023-07-22 17:15:19,861120,8.599999999999994,1
2023-07-22 17:15:29,861528,8.599999999999994,1
2023-07-22 17:15:39,861612,8.599999999999994,1
2023-07-22 17:15:49,862084,8.599999999999994,1
2023-07-22 17:15:59,862472,8.599999999999994,1
2023-07-22 17:16:09,913036,9.299999999999994,2
2023-07-22 17:16:19,864868,8.699999999999994,1
2023-07-22 17:16:29,864964,8.699999999999994,1
2023-07-22 17:16:39,865068,8.699999999999994,1
2023-07-22 17:16:49,865152,8.699999999999994,1
2023-07-22 17:16:59,865344,8.699999999999994,1
2023-07-22 17:17:09,917752,9.299999999999994,2
2023-07-22 17:17:19,866576,8.699999999999994,1
2023-07-22 17:17:29,866872,8.699999999999994,1
2023-07-22 17:17:39,867480,8.699999999999994,1
2023-07-22 17:17:49,867640,8.699999999999994,1
2023-07-22 17:17:59,868232,8.699999999999994,1
2023-07-22 17:18:09,920240,9.299999999999994,2
2023-07-22 17:18:19,869548,8.699999999999994,1
2023-07-22 17:18:29,869660,8.699999999999994,1
2023-07-22 17:18:39,869704,8.699999999999994,1
2023-07-22 17:18:49,869860,8.699999999999994,1
2023-07-22 17:18:59,869892,8.699999999999994,1
2023-07-22 17:19:09,918840,9.199999999999994,2
2023-07-22 17:19:19,871108,8.699999999999994,1
2023-07-22 17:19:29,871020,8.699999999999994,1
2023-07-22 17:19:39,871320,8.799999999999994,1
2023-07-22 17:19:49,871796,8.799999999999994,1
2023-07-22 17:19:59,871776,8.799999999999994,1
2023-07-22 17:20:09,897448,9.099999999999994,2
2023-07-22 17:20:19,873156,8.799999999999994,1
2023-07-22 17:20:29,873600,8.799999999999994,1
2023-07-22 17:20:39,873840,8.799999999999994,1
2023-07-22 17:20:49,873992,8.799999999999994,1
2023-07-22 17:20:59,874620,8.799999999999994,1
2023-07-22 17:21:09,903096,9.099999999999994,2
2023-07-22 17:21:19,875520,8.799999999999994,1
2023-07-22 17:21:29,875880,8.799999999999994,1
2023-07-22 17:21:39,876004,8.799999999999994,1
2023-07-22 17:21:49,876696,8.799999999999994,1
2023-07-22 17:21:59,876800,8.799999999999994,1
2023-07-22 17:22:09,893452,8.899999999999993,2
2023-07-22 17:22:19,877984,8.799999999999994,1
2023-07-22 17:22:29,878132,8.799999999999994,1
2023-07-22 17:22:39,878080,8.799999999999994,1
2023-07-22 17:22:49,878668,8.799999999999994,1
2023-07-22 17:22:59,878780,8.799999999999994,1
2023-07-22 17:23:09,892000,8.999999999999995,1
2023-07-22 17:23:19,880108,8.899999999999995,1
2023-07-22 17:23:29,880740,8.899999999999995,1
2023-07-22 17:23:39,880920,8.899999999999995,1
2023-07-22 17:23:49,881188,8.899999999999995,1
2023-07-22 17:23:59,881412,8.899999999999995,1
2023-07-22 17:24:09,881480,8.899999999999995,1
2023-07-22 17:24:19,881964,8.899999999999995,1
2023-07-22 17:24:29,882048,8.899999999999995,1
2023-07-22 17:24:39,882148,8.899999999999995,1
2023-07-22 17:24:49,882172,8.899999999999995,1
2023-07-22 17:24:59,882496,8.899999999999995,1
2023-07-22 17:25:09,883112,8.899999999999995,1
2023-07-22 17:25:19,883516,8.899999999999995,1
2023-07-22 17:25:29,883704,8.899999999999995,1
2023-07-22 17:25:39,883804,8.899999999999995,1
2023-07-22 17:25:49,883760,8.899999999999995,1
2023-07-22 17:25:59,884000,8.899999999999995,1
2023-07-22 17:26:09,884616,8.899999999999995,1
2023-07-22 17:26:19,884812,8.899999999999995,1
2023-07-22 17:26:29,885088,8.899999999999995,1
2023-07-22 17:26:39,885132,8.899999999999995,1
2023-07-22 17:26:49,885616,8.899999999999995,1
2023-07-22 17:26:59,885472,8.899999999999995,1
2023-07-22 17:27:09,886040,8.899999999999995,1
2023-07-22 17:27:19,886528,8.899999999999995,1
2023-07-22 17:27:29,886572,8.899999999999995,1
2023-07-22 17:27:39,886592,8.899999999999995,1
2023-07-22 17:27:49,886728,8.899999999999995,1
2023-07-22 17:27:59,887100,8.899999999999995,1
2023-07-22 17:28:09,887912,8.899999999999995,1
2023-07-22 17:28:19,888304,8.999999999999995,1
2023-07-22 17:28:29,888892,8.999999999999995,1
2023-07-22 18:53:43,625928,6.499999999999997,1
2023-07-22 18:53:53,626352,6.499999999999997,1
2023-07-22 18:54:03,626576,6.499999999999997,1
2023-07-22 18:54:13,776176,7.599999999999994,1
2023-07-22 18:54:23,826772,8.199999999999994,1
2023-07-22 18:54:33,835548,8.299999999999995,2
2023-07-22 18:54:43,846852,8.399999999999995,1
2023-07-22 18:54:53,853272,8.499999999999995,1
2023-07-22 18:55:03,859636,8.599999999999994,1
2023-07-22 18:55:13,993244,10.199999999999994,2
2023-07-22 18:55:23,866956,8.699999999999994,1
2023-07-22 18:55:33,869288,8.699999999999994,1
2023-07-22 18:55:43,870640,8.699999999999994,1
2023-07-22 18:55:53,872736,8.699999999999994,1
2023-07-22 18:56:03,873724,8.799999999999994,1
2023-07-22 18:56:13,875144,8.799999999999994,1
2023-07-22 18:56:23,875212,8.799999999999994,1
2023-07-22 18:56:33,876692,8.799999999999994,1
2023-07-22 18:56:43,876756,8.799999999999994,1
2023-07-22 18:56:53,878152,8.799999999999994,1
2023-07-22 18:57:03,878980,8.799999999999994,1
2023-07-22 18:57:13,880884,8.799999999999994,1
2023-07-22 18:57:23,881000,8.799999999999994,1
2023-07-22 18:57:33,882712,8.899999999999995,1
2023-07-22 18:57:43,882716,8.899999999999995,1
2023-07-22 18:57:53,883816,8.899999999999995,1
2023-07-22 18:58:03,884756,8.899999999999995,1
2023-07-22 18:58:13,1017096,10.499999999999995,2
2023-07-22 18:58:23,886548,8.899999999999995,1
2023-07-22 18:58:33,886596,8.899999999999995,1
2023-07-22 18:58:43,887884,8.899999999999995,1
2023-07-22 19:02:57,627128,6.599999999999997,1
2023-07-22 19:03:06,627420,6.599999999999997,1
2023-07-22 19:03:16,816296,8.099999999999994,2
2023-07-22 19:03:26,833848,8.399999999999995,2
2023-07-22 19:03:36,850532,8.599999999999994,2
2023-07-22 19:03:46,857548,8.599999999999994,2
2023-07-22 19:03:56,864264,8.699999999999994,2
2023-07-22 19:04:06,869492,8.799999999999994,2
2023-07-22 19:04:16,875100,8.899999999999993,2
2023-07-22 19:04:26,875260,8.899999999999993,2
2023-07-22 19:04:36,876428,8.899999999999993,2
2023-07-22 19:04:46,878196,8.899999999999993,2
2023-07-22 19:04:56,878256,8.899999999999993,2
2023-07-22 19:05:06,881428,8.899999999999993,2
2023-07-22 19:05:16,882200,8.899999999999993,2
2023-07-22 19:05:26,881616,8.899999999999993,2
2023-07-22 19:05:36,881548,8.899999999999993,2
2023-07-22 19:05:46,883708,8.999999999999995,2
2023-07-22 19:05:56,883876,8.999999999999995,2
2023-07-22 19:06:06,885364,8.999999999999995,2
2023-07-22 19:06:16,886532,8.999999999999995,2
2023-07-22 19:06:26,887444,8.999999999999995,2
2023-07-22 19:06:36,887656,8.999999999999995,2
2023-07-22 19:06:46,888520,8.999999999999995,2
2023-07-22 19:06:56,888168,8.999999999999995,2
2023-07-22 19:07:06,889924,8.999999999999995,2
2023-07-22 19:07:16,889972,8.999999999999995,2
2023-07-22 19:07:26,890496,8.999999999999995,2
2023-07-22 19:07:36,890780,9.099999999999994,2
2023-07-22 19:07:46,890652,9.099999999999994,2
2023-07-22 19:07:56,891748,9.099999999999994,2
2023-07-22 19:08:06,891884,9.099999999999994,2
2023-07-22 19:08:16,893060,9.099999999999994,2
2023-07-22 19:08:26,893716,9.099999999999994,2
2023-07-22 19:08:36,893884,9.099999999999994,2
2023-07-22 19:12:19,665152,6.899999999999998,1
2023-07-22 19:12:29,673404,6.999999999999997,1
2023-07-22 19:12:39,993188,10.099999999999994,2
2023-07-22 19:12:49,997588,10.099999999999994,1
2023-07-22 19:12:59,998000,10.099999999999994,2
2023-07-22 19:13:09,997760,10.099999999999994,1
2023-07-22 19:13:19,998164,10.099999999999994,2
2023-07-22 19:13:29,998704,10.099999999999994,2
2023-07-22 19:13:39,998060,10.099999999999994,2
2023-07-22 19:13:49,998124,10.099999999999994,1
2023-07-22 19:13:59,998108,10.099999999999994,1
2023-07-22 19:14:09,998012,10.099999999999994,1
2023-07-22 19:14:19,1151904,11.899999999999995,2
2023-07-22 19:14:29,998036,10.099999999999994,2
2023-07-22 19:14:39,998160,10.099999999999994,2
2023-07-22 19:14:49,1001916,10.199999999999994,1
2023-07-22 19:14:59,1002088,10.199999999999994,2
2023-07-22 19:15:09,1001932,10.199999999999994,1
2023-07-22 19:15:19,1002260,10.199999999999994,2
2023-07-22 19:15:29,1001880,10.199999999999994,1
2023-07-22 19:15:39,1001904,10.199999999999994,1
2023-07-22 19:15:49,1002084,10.199999999999994,2
2023-07-22 19:15:59,1002004,10.199999999999994,1
2023-07-22 19:16:09,1001828,10.199999999999994,1
2023-07-22 19:16:19,1001880,10.199999999999994,1
2023-07-22 19:16:29,1001888,10.199999999999994,1
2023-07-22 19:16:39,1001984,10.199999999999994,1
2023-07-22 19:16:49,711520,7.499999999999997,1
2023-07-22 19:16:59,711416,7.499999999999997,1
2023-07-22 19:17:09,869596,8.599999999999994,1
2023-07-22 19:17:19,938744,9.399999999999993,1
2023-07-22 19:17:29,966652,9.799999999999994,1
2023-07-22 19:17:39,984308,9.999999999999995,1
2023-07-22 19:17:49,990836,10.099999999999994,1
2023-07-22 19:17:59,996944,10.099999999999994,1
2023-07-22 19:18:09,1001356,10.199999999999994,1
2023-07-22 19:18:19,1149820,11.899999999999993,2
2023-07-22 19:18:29,1005212,10.199999999999994,1
2023-07-22 19:18:39,1005248,10.199999999999994,1
2023-07-22 19:18:49,1005580,10.199999999999994,1
2023-07-22 19:18:59,1005444,10.199999999999994,1
2023-07-22 19:19:09,1005616,10.199999999999994,1
2023-07-22 19:19:19,1148276,11.899999999999993,2
2023-07-22 19:19:29,1005540,10.199999999999994,1
2023-07-22 19:19:39,1005516,10.199999999999994,1
2023-07-22 19:19:49,1005528,10.199999999999994,1
2023-07-22 19:19:59,1005604,10.199999999999994,1
2023-07-22 19:20:09,1005612,10.199999999999994,1
2023-07-22 19:20:19,1157368,11.999999999999995,2
2023-07-22 19:20:29,1005504,10.199999999999994,1
2023-07-22 19:20:39,1005528,10.199999999999994,1
2023-07-22 19:20:49,1005640,10.199999999999994,1
2023-07-22 19:20:59,1005588,10.199999999999994,1
2023-07-22 19:21:09,1005636,10.199999999999994,1
2023-07-22 19:21:19,1154376,11.999999999999995,2
2023-07-22 19:21:29,1005760,10.199999999999994,1
2023-07-22 19:21:39,1005524,10.199999999999994,1
2023-07-22 19:21:49,1005444,10.199999999999994,1
2023-07-22 19:21:59,1005620,10.199999999999994,1
2023-07-22 19:22:09,1005584,10.199999999999994,1
2023-07-22 19:22:19,1157672,11.999999999999995,2
2023-07-22 19:22:29,1005528,10.199999999999994,1
2023-07-22 19:22:39,1005712,10.199999999999994,1
2023-07-22 19:22:49,1027276,10.499999999999995,1
2023-07-22 19:22:59,1041240,10.699999999999994,1
2023-07-22 19:23:09,1052236,10.799999999999994,1
2023-07-22 19:23:19,1214784,12.699999999999994,2
2023-07-22 19:23:29,1079952,11.199999999999994,1
2023-07-22 19:23:39,1086384,11.199999999999994,1
2023-07-22 19:23:49,1089664,11.299999999999994,1
2023-07-22 19:23:59,1095676,11.299999999999994,1
2023-07-22 19:24:09,1097832,11.399999999999995,1
2023-07-22 19:24:19,1240488,13.099999999999994,2
2023-07-22 19:24:29,1108472,11.499999999999995,2
2023-07-22 19:24:39,1117796,11.599999999999994,1
2023-07-22 19:24:49,1121176,11.699999999999994,1
2023-07-22 19:24:59,1122672,11.699999999999994,1
2023-07-22 19:25:09,1123828,11.699999999999994,1
2023-07-22 19:25:19,1273932,13.499999999999995,2
2023-07-22 19:25:29,1126696,11.699999999999994,1
2023-07-22 19:25:39,1129872,11.799999999999994,1
2023-07-22 19:25:49,1130364,11.799999999999994,1
2023-07-22 19:25:59,1132496,11.799999999999994,1
2023-07-22 19:26:09,1133652,11.799999999999994,1
2023-07-22 19:26:19,1285440,13.599999999999994,2
2023-07-22 19:26:29,1135668,11.799999999999994,1
2023-07-22 19:26:39,1136796,11.799999999999994,1
2023-07-22 19:26:49,1137132,11.899999999999995,1
2023-07-22 19:26:59,1137016,11.899999999999995,1
2023-07-22 19:27:09,1137168,11.899999999999995,1
2023-07-22 19:27:19,1293408,13.799999999999995,2
2023-07-22 19:27:29,1139116,11.899999999999995,1
2023-07-22 19:27:39,1139572,11.899999999999995,1
2023-07-22 19:27:49,1139576,11.899999999999995,1
2023-07-22 19:27:59,1139584,11.899999999999995,1
2023-07-22 19:28:09,1140252,11.899999999999995,1
2023-07-22 19:28:19,1293312,13.699999999999996,2
2023-07-22 19:28:29,1140280,11.899999999999995,1
2023-07-22 19:28:39,1140632,11.899999999999995,1
2023-07-22 19:28:49,1141048,11.899999999999995,1
2023-07-22 19:28:59,1141596,11.899999999999995,1
2023-07-22 19:29:09,1141912,11.899999999999995,1
2023-07-22 19:29:19,1292548,13.699999999999996,2
2023-07-22 19:29:29,1142696,11.899999999999995,1
2023-07-22 19:29:39,1143348,11.899999999999995,2
2023-07-22 19:29:49,1143508,11.899999999999995,1
2023-07-22 19:29:59,1143556,11.899999999999995,1
2023-07-22 19:30:09,1143608,11.899999999999995,1
2023-07-22 19:30:19,1296280,13.699999999999996,2
2023-07-22 19:30:29,1143664,11.899999999999995,1
2023-07-22 19:30:39,1144088,11.899999999999995,1
2023-07-22 19:30:49,1144000,11.899999999999995,1
2023-07-22 19:30:59,1144052,11.899999999999995,1
2023-07-22 19:31:09,1144000,11.899999999999995,1
2023-07-22 19:31:19,1297528,13.699999999999996,2
2023-07-22 19:31:29,1143956,11.899999999999995,1
2023-07-22 19:31:39,1144360,11.899999999999995,1
2023-07-22 19:31:49,1144364,11.899999999999995,1
2023-07-22 19:31:59,1144256,11.899999999999995,1
2023-07-22 19:32:09,1144288,11.899999999999995,1
2023-07-22 19:32:19,1299852,13.799999999999995,2
2023-07-22 19:32:29,1144364,11.899999999999995,1
2023-07-22 19:38:58,716396,7.499999999999997,1
2023-07-22 19:39:07,716820,7.499999999999997,1
2023-07-22 19:39:17,716840,7.499999999999997,1
2023-07-22 19:39:27,992288,9.999999999999995,1
2023-07-22 19:39:37,1009328,10.199999999999994,1
2023-07-22 19:39:47,1009376,10.199999999999994,1
2023-07-22 19:39:57,1009384,10.199999999999994,1
2023-07-22 19:40:07,1009448,10.199999999999994,1
2023-07-22 19:40:17,1009440,10.199999999999994,1
2023-07-22 19:40:27,1009384,10.199999999999994,1
2023-07-22 19:40:37,1009308,10.199999999999994,1
2023-07-22 19:40:47,1009408,10.199999999999994,1
2023-07-22 19:40:57,1009412,10.199999999999994,1
2023-07-22 19:41:07,1009352,10.199999999999994,1
2023-07-22 19:41:17,1012084,10.199999999999994,1
2023-07-22 19:41:27,1012076,10.199999999999994,1
2023-07-22 19:41:37,1012076,10.199999999999994,1
2023-07-22 19:41:47,1012056,10.199999999999994,1
2023-07-22 19:41:57,1012124,10.199999999999994,1
2023-07-22 19:42:07,1012040,10.199999999999994,1
2023-07-22 19:42:17,1012168,10.199999999999994,1
2023-07-22 19:42:27,1012144,10.199999999999994,1
2023-07-22 19:42:37,1012136,10.199999999999994,1
2023-07-22 19:42:47,1012208,10.199999999999994,1
2023-07-22 19:42:57,1012144,10.199999999999994,1
2023-07-22 19:43:07,1012068,10.199999999999994,1
2023-07-22 19:43:17,1012048,10.199999999999994,1
2023-07-22 19:43:27,1012084,10.199999999999994,1
2023-07-22 19:43:37,1012204,10.199999999999994,1
2023-07-22 19:43:47,1012136,10.199999999999994,1
2023-07-22 19:43:57,1012140,10.199999999999994,1
2023-07-22 19:44:07,1012072,10.199999999999994,1
2023-07-22 19:44:17,1012160,10.199999999999994,1
2023-07-22 19:44:27,1012088,10.199999999999994,1
2023-07-22 19:44:37,1012124,10.199999999999994,1
2023-07-22 19:44:47,1012212,10.199999999999994,1
2023-07-22 19:44:57,1012076,10.199999999999994,1
2023-07-22 19:45:07,1012056,10.199999999999994,1
2023-07-22 19:45:17,1011964,10.199999999999994,1
2023-07-22 19:45:27,1012484,10.199999999999994,1
2023-07-22 19:45:37,1012400,10.199999999999994,1
2023-07-22 19:45:47,1012304,10.199999999999994,1
2023-07-22 19:45:57,1012332,10.199999999999994,1
2023-07-22 19:46:07,1012496,10.199999999999994,1
2023-07-22 19:46:17,1012284,10.199999999999994,1
2023-07-22 19:46:27,1012388,10.199999999999994,1
2023-07-22 19:46:37,1012488,10.199999999999994,1
2023-07-22 19:46:47,1012292,10.199999999999994,1
2023-07-22 19:46:57,1012428,10.199999999999994,1
2023-07-22 19:47:07,1012380,10.199999999999994,1
2023-07-22 19:47:17,1012368,10.199999999999994,1
2023-07-22 19:47:27,1012420,10.199999999999994,1
2023-07-22 19:47:37,1012380,10.199999999999994,1
2023-07-22 19:47:47,1012276,10.199999999999994,1
2023-07-22 19:47:57,1012400,10.199999999999994,1
2023-07-22 19:48:07,1012300,10.199999999999994,1
2023-07-22 19:48:17,1012436,10.199999999999994,1
2023-07-22 19:48:27,1012404,10.199999999999994,1
2023-07-22 19:48:37,1012380,10.199999999999994,1
2023-07-22 19:48:47,1012740,10.199999999999994,1
2023-07-22 19:48:57,1012440,10.199999999999994,1
2023-07-22 19:49:07,1012412,10.199999999999994,1
2023-07-22 19:49:17,1012348,10.199999999999994,1
2023-07-22 19:49:27,1012484,10.199999999999994,1
2023-07-22 19:49:37,1012460,10.199999999999994,1
2023-07-22 19:49:47,1012460,10.199999999999994,1
2023-07-22 19:49:57,1012384,10.199999999999994,1
2023-07-22 19:50:07,1012488,10.199999999999994,1
2023-07-22 19:50:17,1012552,10.199999999999994,1
2023-07-22 19:50:27,1012388,10.199999999999994,1
2023-07-22 19:50:37,1012440,10.199999999999994,1
2023-07-22 19:50:47,1012324,10.199999999999994,1
2023-07-22 19:50:57,1012360,10.199999999999994,1
2023-07-22 19:51:07,1012396,10.199999999999994,1
2023-07-22 19:51:17,1012484,10.199999999999994,1
2023-07-22 19:51:27,1012360,10.199999999999994,1
2023-07-22 19:51:37,1012336,10.199999999999994,1
2023-07-22 19:51:47,1012392,10.199999999999994,1
2023-07-22 19:51:57,1012392,10.199999999999994,1
2023-07-22 19:52:07,1012456,10.199999999999994,1
2023-07-22 19:52:17,1012372,10.199999999999994,1
2023-07-22 19:52:27,1012392,10.199999999999994,1
2023-07-22 19:52:37,1012356,10.199999999999994,1
2023-07-22 19:52:47,1012344,10.199999999999994,1
2023-07-22 19:52:57,1012328,10.199999999999994,1
2023-07-22 19:53:07,1012304,10.199999999999994,1
2023-07-22 19:53:17,1012404,10.199999999999994,1
2023-07-22 19:53:27,1012500,10.199999999999994,1
2023-07-22 19:53:37,1012412,10.199999999999994,1
2023-07-22 19:53:47,1012436,10.199999999999994,1
2023-07-22 19:53:57,1012504,10.199999999999994,1
2023-07-22 19:54:07,1012300,10.199999999999994,1
2023-07-22 19:54:17,1012440,10.199999999999994,1
2023-07-22 19:54:27,1012332,10.199999999999994,1
2023-07-22 19:54:37,1012400,10.199999999999994,1
2023-07-22 19:54:47,1012428,10.199999999999994,1
2023-07-22 19:54:57,1012416,10.199999999999994,1
2023-07-22 19:55:07,1012304,10.199999999999994,1
2023-07-22 19:55:17,1012492,10.199999999999994,1
2023-07-22 19:55:27,1012444,10.199999999999994,1
2023-07-22 19:55:37,1012308,10.199999999999994,1
2023-07-22 19:55:47,1012212,10.199999999999994,1
2023-07-22 19:55:57,1012260,10.199999999999994,1
2023-07-22 19:56:07,1012388,10.199999999999994,1
2023-07-22 19:56:17,1012324,10.199999999999994,1
2023-07-22 19:56:27,1012248,10.199999999999994,1
2023-07-22 19:56:37,1012384,10.199999999999994,1
2023-07-22 19:56:47,1012284,10.199999999999994,1
2023-07-22 19:56:57,1012316,10.199999999999994,1
2023-07-22 19:57:07,1012388,10.199999999999994,1
2023-07-22 19:57:17,1012384,10.199999999999994,1
2023-07-22 19:57:27,1012376,10.199999999999994,1
2023-07-22 19:57:37,1012376,10.199999999999994,1
2023-07-22 19:57:47,1012416,10.199999999999994,1
2023-07-22 19:57:57,1012380,10.199999999999994,1
2023-07-22 19:58:07,1012404,10.199999999999994,1
2023-07-22 19:58:17,1012500,10.199999999999994,1
2023-07-22 19:58:27,1012592,10.199999999999994,1
2023-07-22 19:58:37,1012348,10.199999999999994,1
2023-07-22 19:58:47,1012704,10.199999999999994,1
2023-07-22 19:58:57,1012744,10.199999999999994,1
2023-07-22 19:59:07,1012680,10.199999999999994,1
2023-07-22 19:59:17,1012668,10.199999999999994,1
2023-07-22 19:59:27,1012656,10.199999999999994,1
2023-07-22 19:59:37,1012712,10.199999999999994,1
2023-07-22 19:59:47,1012612,10.199999999999994,1
2023-07-22 19:59:57,1012680,10.199999999999994,1
2023-07-22 20:00:07,1012652,10.199999999999994,1
2023-07-22 20:00:17,1012968,10.199999999999994,1
2023-07-22 20:00:27,1012892,10.199999999999994,1
2023-07-22 20:00:37,1012832,10.199999999999994,1
2023-07-22 20:00:47,1012976,10.199999999999994,1
2023-07-22 20:00:57,1012884,10.199999999999994,1
2023-07-22 20:01:07,1012780,10.199999999999994,1
2023-07-22 20:01:17,1012936,10.199999999999994,1
2023-07-22 20:01:27,1012924,10.199999999999994,1
2023-07-22 20:01:37,1013008,10.199999999999994,1
2023-07-22 20:01:47,1013008,10.199999999999994,1
2023-07-22 20:01:57,1012776,10.199999999999994,1
2023-07-22 20:02:07,1012844,10.199999999999994,1
2023-07-22 20:02:17,1012856,10.199999999999994,1
2023-07-22 20:02:27,1012880,10.199999999999994,1
2023-07-22 20:02:37,1012848,10.199999999999994,1
2023-07-22 20:02:47,1012964,10.199999999999994,1
2023-07-22 20:02:57,1013036,10.199999999999994,1
2023-07-22 20:03:07,1013100,10.199999999999994,1
2023-07-22 20:03:17,1012920,10.199999999999994,1
2023-07-22 20:03:27,1012908,10.199999999999994,1
2023-07-22 20:03:37,1012892,10.199999999999994,1
2023-07-22 20:03:47,1012928,10.199999999999994,1
2023-07-22 20:03:57,1012940,10.199999999999994,1
2023-07-22 20:04:07,1012932,10.199999999999994,1
2023-07-22 20:04:17,1012976,10.199999999999994,1
2023-07-22 20:04:27,1012836,10.199999999999994,1
2023-07-22 20:04:37,1013024,10.199999999999994,1
2023-07-22 20:04:47,1013220,10.199999999999994,1
2023-07-22 20:04:57,1013012,10.199999999999994,1
2023-07-22 20:05:07,1012868,10.199999999999994,1
2023-07-22 20:05:17,1012916,10.199999999999994,1
2023-07-22 20:05:27,1012964,10.199999999999994,1
2023-07-22 20:05:37,1012900,10.199999999999994,1
2023-07-22 20:05:47,1013008,10.199999999999994,1
2023-07-22 20:05:57,1012868,10.199999999999994,1
2023-07-22 20:06:07,1012968,10.199999999999994,1
2023-07-22 20:06:17,1012920,10.199999999999994,1
2023-07-22 20:06:27,1012936,10.199999999999994,1
2023-07-22 20:06:37,1012988,10.199999999999994,1
2023-07-22 20:06:47,1012976,10.199999999999994,1
2023-07-22 20:06:57,1013008,10.199999999999994,1
2023-07-22 20:07:07,1012972,10.199999999999994,1
2023-07-22 20:07:17,1012772,10.199999999999994,1
2023-07-22 20:07:27,1013024,10.199999999999994,1
2023-07-22 20:07:37,1012972,10.199999999999994,1
2023-07-22 20:07:47,1012984,10.199999999999994,1
2023-07-22 20:07:57,1013004,10.199999999999994,1
2023-07-22 20:08:07,1012852,10.199999999999994,1
2023-07-22 20:08:17,1013444,10.299999999999994,1
2023-07-22 20:08:27,1016020,10.299999999999994,1
2023-07-22 20:08:37,885832,8.699999999999994,1
2023-07-22 20:08:47,892304,8.799999999999994,1
2023-07-22 20:08:57,895772,8.899999999999995,1
2023-07-22 20:09:07,897716,8.899999999999995,1
2023-07-22 20:09:17,906444,8.999999999999995,1
2023-07-22 20:09:27,1013164,10.299999999999994,1
2023-07-22 20:09:37,1015156,10.299999999999994,1
2023-07-22 20:09:47,1015292,10.299999999999994,1
2023-07-22 20:09:57,1015228,10.299999999999994,1
2023-07-22 20:10:07,1015140,10.299999999999994,1
2023-07-22 20:10:17,1015216,10.299999999999994,1
2023-07-22 20:10:27,1015284,10.299999999999994,1
2023-07-22 20:10:37,1015264,10.299999999999994,1
2023-07-22 20:10:47,1015168,10.299999999999994,1
2023-07-22 20:10:57,1015068,10.299999999999994,1
2023-07-22 20:11:07,1015324,10.299999999999994,1
2023-07-22 20:11:17,1016336,10.299999999999994,1
2023-07-22 20:11:27,1016400,10.299999999999994,1
2023-07-22 20:11:37,1016384,10.299999999999994,1
2023-07-22 20:11:47,1016416,10.299999999999994,1
2023-07-22 20:11:57,1016396,10.299999999999994,1
2023-07-22 20:12:07,1016364,10.299999999999994,1
2023-07-22 20:12:17,1016400,10.299999999999994,1
2023-07-22 20:12:27,1016436,10.299999999999994,1
2023-07-22 20:12:37,1016448,10.299999999999994,1
2023-07-22 20:12:47,1016428,10.299999999999994,1
2023-07-22 20:12:57,1016360,10.299999999999994,1
2023-07-22 20:13:07,1016372,10.299999999999994,1
2023-07-22 20:13:17,1016440,10.299999999999994,1
2023-07-22 20:13:27,1016504,10.299999999999994,1
2023-07-22 20:13:37,1016464,10.299999999999994,1
2023-07-22 20:13:47,1016316,10.299999999999994,1
2023-07-22 20:13:57,1016448,10.299999999999994,1
2023-07-22 20:14:07,1016452,10.299999999999994,1
2023-07-22 20:14:17,1016532,10.299999999999994,1
2023-07-22 20:14:27,1016536,10.299999999999994,1
2023-07-22 20:14:37,1016384,10.299999999999994,1
2023-07-22 20:14:47,1016412,10.299999999999994,1
2023-07-22 21:03:33,719960,7.599999999999997,1
2023-07-22 21:03:42,720448,7.599999999999997,1
2023-07-22 21:03:52,720480,7.599999999999997,1
2023-07-22 21:04:02,720452,7.599999999999997,1
2023-07-22 21:04:12,720796,7.599999999999997,1
2023-07-22 21:04:22,720680,7.599999999999997,1
2023-07-22 21:04:32,720708,7.599999999999997,1
2023-07-22 21:04:42,853792,8.499999999999995,1
2023-07-22 21:04:52,1090520,11.299999999999997,7
2023-07-22 21:05:03,1508348,16.599999999999998,9
2023-07-22 21:05:13,1662804,18.6,9
2023-07-22 21:05:22,1947856,22.200000000000003,9
2023-07-22 21:05:33,1967600,22.300000000000004,9
2023-07-22 21:05:43,1983160,22.400000000000002,9
2023-07-22 21:05:53,1985584,22.500000000000004,9
2023-07-22 21:06:07,1988660,22.6,9
2023-07-22 21:06:14,1997800,22.700000000000003,9
2023-07-22 21:06:23,1994764,22.8,9
2023-07-22 21:06:33,2001104,22.999999999999996,9
2023-07-22 21:06:43,2002700,22.999999999999996,9
2023-07-22 21:06:52,2002876,22.999999999999996,9
2023-07-22 21:07:03,2002772,22.999999999999996,9
2023-07-22 21:07:15,1994528,22.899999999999995,8
2023-07-22 21:07:24,1994420,22.899999999999995,8
2023-07-22 21:07:37,1994440,22.899999999999995,8
2023-07-22 21:07:46,2002380,22.999999999999996,9
2023-07-22 21:07:53,1765840,20.3,8
2023-07-23 05:21:58,720044,7.599999999999997,1
2023-07-23 05:22:06,720504,7.599999999999997,1
2023-07-23 05:22:16,720588,7.599999999999997,1
2023-07-23 05:22:26,859264,8.499999999999995,1
2023-07-23 05:22:36,720964,7.599999999999997,1
2023-07-23 05:22:46,720888,7.599999999999997,1
2023-07-23 05:22:56,720956,7.599999999999997,1
2023-07-23 05:23:06,720904,7.599999999999997,1
2023-07-23 05:23:16,720748,7.599999999999997,1
2023-07-23 05:23:26,878888,8.699999999999994,1
2023-07-23 05:23:37,1679632,18.900000000000002,9
2023-07-23 05:23:47,1846096,20.9,9
2023-07-23 05:23:58,1950612,22.0,9
2023-07-23 05:24:07,1958948,22.200000000000003,9
2023-07-23 05:24:17,1976008,22.200000000000003,9
2023-07-23 05:24:27,1985700,22.6,9
2023-07-23 05:24:38,1998824,22.999999999999996,9
2023-07-23 05:24:48,2001396,22.999999999999996,9
2023-07-23 05:24:57,2002764,22.999999999999996,9
2023-07-23 05:25:08,2002744,22.999999999999996,9
2023-07-23 05:25:18,2002808,22.999999999999996,9
2023-07-23 05:25:27,2003328,22.999999999999996,9
2023-07-23 05:25:37,2002684,22.999999999999996,9
2023-07-23 05:25:47,2002924,22.999999999999996,9
2023-07-23 05:25:58,2002684,22.999999999999996,9
2023-07-23 05:26:08,2002868,22.999999999999996,9
2023-07-23 05:26:17,2002680,22.999999999999996,9
2023-07-23 05:26:27,2003376,22.999999999999996,9
2023-07-23 05:26:38,1994368,22.899999999999995,8
2023-07-23 05:26:47,1986260,22.799999999999997,7
2023-07-23 05:26:57,1986140,22.799999999999997,7
2023-07-23 05:27:09,1985832,22.799999999999997,7
2023-07-23 05:27:20,1993720,22.899999999999995,8
2023-07-23 05:27:30,1985900,22.799999999999997,7
2023-07-23 05:34:44,977324,10.099999999999996,5
2023-07-23 05:34:54,1951276,22.200000000000003,9
2023-07-23 05:35:04,1981460,22.400000000000002,9
2023-07-23 05:35:14,1993328,22.8,9
2023-07-23 05:35:26,2001272,22.999999999999996,9
2023-07-23 05:35:34,2002944,22.999999999999996,9
2023-07-23 05:35:44,2003140,22.999999999999996,9
2023-07-23 05:35:54,2002820,22.999999999999996,9
2023-07-23 05:36:04,2002900,22.999999999999996,9
2023-07-23 05:36:14,1998264,22.899999999999995,9
2023-07-23 05:36:24,1986232,22.799999999999997,7
2023-07-23 05:36:35,1993740,22.899999999999995,8
2023-07-23 05:36:44,1980012,22.7,7
2023-07-23 05:36:54,1983044,22.8,7
2023-07-23 05:37:04,2000964,22.999999999999996,9
2023-07-23 05:37:14,2001032,22.999999999999996,9
2023-07-23 05:37:24,2002204,22.999999999999996,9
2023-07-23 05:37:34,2003708,22.999999999999996,9
2023-07-23 05:37:44,2004240,22.999999999999996,9
2023-07-23 05:37:54,2090368,23.999999999999996,8
2023-07-23 05:38:05,2271128,26.299999999999994,10
2023-07-23 05:38:14,2376276,27.599999999999994,10
2023-07-23 05:38:25,2013076,23.199999999999996,9
2023-07-23 14:33:21,220972,1.6000000000000003,1
2023-07-23 14:33:30,221160,1.6000000000000003,1
2023-07-23 14:33:40,221032,1.6000000000000003,1
2023-07-23 14:33:50,221012,1.6000000000000003,1
2023-07-23 14:34:00,221432,1.6000000000000003,1
2023-07-23 14:34:10,221392,1.6000000000000003,1
2023-07-23 14:34:20,221336,1.6000000000000003,1
2023-07-23 14:34:30,221340,1.6000000000000003,1
2023-07-23 14:34:40,221416,1.6000000000000003,1
2023-07-23 14:34:50,221492,1.6000000000000003,1
2023-07-23 14:35:00,221436,1.6000000000000003,1
2023-07-23 14:35:10,221460,1.6000000000000003,1
2023-07-23 14:35:20,221536,1.6000000000000003,1
2023-07-23 14:35:30,221540,1.6000000000000003,1
2023-07-23 14:35:40,221424,1.6000000000000003,1
2023-07-23 14:35:50,221508,1.6000000000000003,1
2023-07-23 14:36:00,221408,1.6000000000000003,1
2023-07-23 14:36:10,221464,1.6000000000000003,1
2023-07-23 14:36:20,221548,1.6000000000000003,1
2023-07-23 14:36:30,221440,1.6000000000000003,1
2023-07-23 14:36:40,221476,1.6000000000000003,1
2023-07-23 14:36:50,221532,1.6000000000000003,1
2023-07-23 14:37:00,221452,1.6000000000000003,1
2023-07-23 14:37:10,221436,1.6000000000000003,1
2023-07-23 14:37:20,221552,1.6000000000000003,1
2023-07-23 14:37:30,221596,1.6000000000000003,1
2023-07-23 14:37:40,221600,1.6000000000000003,1
2023-07-23 14:37:50,221512,1.6000000000000003,1
2023-07-23 14:38:00,221492,1.6000000000000003,1
2023-07-23 14:38:10,221436,1.6000000000000003,1
2023-07-23 14:38:20,221372,1.6000000000000003,1
2023-07-23 14:38:30,221576,1.6000000000000003,1
2023-07-23 14:38:40,221420,1.6000000000000003,1
2023-07-23 14:38:50,221476,1.6000000000000003,1
2023-07-23 14:39:00,221488,1.6000000000000003,1
2023-07-23 14:39:10,221500,1.6000000000000003,1
2023-07-23 14:39:20,221544,1.6000000000000003,1
2023-07-23 14:39:30,221344,1.6000000000000003,1
2023-07-23 14:39:40,221448,1.6000000000000003,1
2023-07-23 14:39:50,221452,1.6000000000000003,1
2023-07-23 14:40:00,221420,1.6000000000000003,1
2023-07-23 14:40:10,221508,1.6000000000000003,1
2023-07-23 14:40:20,221388,1.6000000000000003,1
2023-07-23 14:40:30,221548,1.6000000000000003,1
2023-07-23 14:40:40,221456,1.6000000000000003,1
2023-07-23 14:40:50,221492,1.6000000000000003,1
2023-07-23 14:41:33,220332,1.6000000000000003,1
2023-07-23 14:41:40,220716,1.6000000000000003,1
2023-07-23 14:41:50,220660,1.6000000000000003,1
2023-07-23 14:42:00,221320,1.6000000000000003,1
2023-07-23 14:42:10,220832,1.6000000000000003,1
2023-07-23 14:42:20,221032,1.6000000000000003,1
2023-07-23 14:42:30,221032,1.6000000000000003,1
2023-07-23 14:42:40,221120,1.6000000000000003,1
2023-07-23 14:42:50,221128,1.6000000000000003,1
2023-07-23 14:43:00,221104,1.6000000000000003,1
2023-07-23 14:43:10,221048,1.6000000000000003,1
2023-07-23 14:43:20,221148,1.6000000000000003,1
2023-07-23 14:43:30,221144,1.6000000000000003,1
2023-07-23 14:43:40,221188,1.6000000000000003,1
2023-07-23 14:43:50,221104,1.6000000000000003,1
2023-07-23 14:44:00,221100,1.6000000000000003,1
2023-07-23 14:44:10,221140,1.6000000000000003,1
2023-07-23 14:44:20,221164,1.6000000000000003,1
2023-07-23 14:44:30,221092,1.6000000000000003,1
2023-07-23 14:44:41,221072,1.6000000000000003,1
2023-07-23 14:44:50,221012,1.6000000000000003,1
2023-07-23 14:45:00,221076,1.6000000000000003,1
2023-07-23 14:45:10,220952,1.6000000000000003,1
2023-07-23 14:45:20,221104,1.6000000000000003,1
2023-07-23 14:45:30,221148,1.6000000000000003,1
2023-07-23 14:45:40,220960,1.6000000000000003,1
2023-07-23 14:45:50,221216,1.6000000000000003,1
2023-07-23 14:46:00,221004,1.6000000000000003,1
2023-07-23 14:46:10,221048,1.6000000000000003,1
2023-07-23 14:46:20,221104,1.6000000000000003,1
2023-07-23 14:46:30,221204,1.6000000000000003,1
2023-07-23 14:46:40,221140,1.6000000000000003,1
2023-07-23 14:46:50,221028,1.6000000000000003,1
2023-07-23 14:47:00,221124,1.6000000000000003,1
2023-07-23 14:47:10,221120,1.6000000000000003,1
2023-07-23 14:47:20,221160,1.6000000000000003,1
2023-07-23 14:47:30,221108,1.6000000000000003,1
2023-07-23 14:47:40,221248,1.6000000000000003,1
2023-07-23 14:47:50,221028,1.6000000000000003,1
2023-07-23 14:48:00,221092,1.6000000000000003,1
2023-07-23 14:48:10,221164,1.6000000000000003,1
2023-07-23 14:48:20,221044,1.6000000000000003,1
2023-07-23 14:48:30,221000,1.6000000000000003,1
2023-07-23 14:48:40,221284,1.6000000000000003,1
2023-07-23 14:48:50,221148,1.6000000000000003,1
2023-07-23 14:49:00,221036,1.6000000000000003,1
2023-07-23 14:49:10,221028,1.6000000000000003,1
2023-07-23 14:49:20,221192,1.6000000000000003,1
2023-07-23 14:49:30,221048,1.6000000000000003,1
2023-07-23 14:49:40,221084,1.6000000000000003,1
2023-07-23 14:49:50,221104,1.6000000000000003,1
2023-07-23 14:50:00,221196,1.6000000000000003,1
2023-07-23 14:50:10,221024,1.6000000000000003,1
2023-07-23 14:50:20,221100,1.6000000000000003,1
2023-07-23 14:50:30,220988,1.6000000000000003,1
2023-07-23 14:50:40,221192,1.6000000000000003,1
2023-07-23 14:50:50,221096,1.6000000000000003,1
2023-07-23 14:51:00,221064,1.6000000000000003,1
2023-07-23 14:51:10,221032,1.6000000000000003,1
2023-07-23 14:51:20,221140,1.6000000000000003,1
2023-07-23 14:51:30,221140,1.6000000000000003,1
2023-07-23 14:51:40,221004,1.6000000000000003,1
2023-07-23 14:51:50,221192,1.6000000000000003,1
2023-07-23 14:52:00,221072,1.6000000000000003,1
2023-07-23 14:52:10,221036,1.6000000000000003,1
2023-07-23 14:52:20,221108,1.6000000000000003,1
2023-07-23 14:52:30,221252,1.6000000000000003,1
2023-07-23 14:52:40,221056,1.6000000000000003,1
2023-07-23 14:52:50,221116,1.6000000000000003,1
2023-07-23 14:53:00,221080,1.6000000000000003,1
2023-07-23 14:53:10,221188,1.6000000000000003,1
2023-07-23 14:53:20,221072,1.6000000000000003,1
2023-07-23 14:53:30,221028,1.6000000000000003,1
2023-07-23 14:53:40,221268,1.6000000000000003,1
2023-07-23 14:53:50,220956,1.6000000000000003,1
2023-07-23 14:54:00,220964,1.6000000000000003,1
2023-07-23 14:54:10,220980,1.6000000000000003,1
2023-07-23 14:54:20,221144,1.6000000000000003,1
2023-07-23 14:54:30,221120,1.6000000000000003,1
2023-07-23 14:54:40,221128,1.6000000000000003,1
2023-07-23 14:54:50,221188,1.6000000000000003,1
2023-07-23 14:55:00,221204,1.6000000000000003,1
2023-07-23 14:55:10,221080,1.6000000000000003,1
2023-07-23 14:55:20,221020,1.6000000000000003,1
2023-07-23 14:55:30,221116,1.6000000000000003,1
2023-07-23 14:55:40,221104,1.6000000000000003,1
2023-07-23 14:55:50,221032,1.6000000000000003,1
2023-07-23 14:56:00,221104,1.6000000000000003,1
2023-07-23 14:56:10,221160,1.6000000000000003,1
2023-07-23 14:56:20,221252,1.6000000000000003,1
2023-07-23 14:56:30,221132,1.6000000000000003,1
2023-07-23 14:56:40,221000,1.6000000000000003,1
2023-07-23 14:56:50,221152,1.6000000000000003,1
2023-07-23 14:57:00,221104,1.6000000000000003,1
2023-07-23 14:57:10,221064,1.6000000000000003,1
2023-07-23 14:57:20,221140,1.6000000000000003,1
2023-07-23 14:57:30,220996,1.6000000000000003,1
2023-07-23 14:57:40,221012,1.6000000000000003,1
2023-07-23 14:57:50,221188,1.6000000000000003,1
2023-07-23 14:58:00,221292,1.6000000000000003,1
2023-07-23 14:58:10,221048,1.6000000000000003,1
2023-07-23 14:58:20,221076,1.6000000000000003,1
2023-07-23 14:58:30,221360,1.6000000000000003,1
2023-07-23 14:58:40,221112,1.6000000000000003,1
2023-07-23 14:58:50,220944,1.6000000000000003,1
2023-07-23 14:59:00,221068,1.6000000000000003,1
2023-07-23 14:59:10,221336,1.6000000000000003,1
2023-07-23 14:59:20,221200,1.6000000000000003,1
2023-07-23 14:59:30,221140,1.6000000000000003,1
2023-07-23 14:59:40,221112,1.6000000000000003,1
2023-07-23 14:59:50,221252,1.6000000000000003,1
2023-07-23 15:00:00,221008,1.6000000000000003,1
2023-07-23 15:00:10,220996,1.6000000000000003,1
2023-07-23 15:00:20,221116,1.6000000000000003,1
2023-07-23 15:00:30,220984,1.6000000000000003,1
2023-07-23 15:00:40,220952,1.6000000000000003,1
2023-07-23 15:00:50,221196,1.6000000000000003,1
2023-07-23 15:01:00,221080,1.6000000000000003,1
2023-07-23 15:01:10,221108,1.6000000000000003,1
2023-07-23 15:01:20,221056,1.6000000000000003,1
2023-07-23 15:01:30,221032,1.6000000000000003,1
2023-07-23 15:01:40,221100,1.6000000000000003,1
2023-07-23 15:01:50,221048,1.6000000000000003,1
2023-07-23 15:02:00,221016,1.6000000000000003,1
2023-07-23 15:02:10,221096,1.6000000000000003,1
2023-07-23 15:02:20,221120,1.6000000000000003,1
2023-07-23 15:02:30,221140,1.6000000000000003,1
2023-07-23 15:02:40,221008,1.6000000000000003,1
2023-07-23 15:02:50,220944,1.6000000000000003,1
2023-07-23 15:03:00,221168,1.6000000000000003,1
2023-07-23 15:03:10,221140,1.6000000000000003,1
2023-07-23 15:03:20,221024,1.6000000000000003,1
2023-07-23 15:03:30,220996,1.6000000000000003,1
2023-07-23 15:03:40,221100,1.6000000000000003,1
2023-07-23 15:03:51,221056,1.6000000000000003,1
2023-07-23 15:04:00,221028,1.6000000000000003,1
2023-07-23 15:04:10,221100,1.6000000000000003,1
2023-07-23 15:04:20,220996,1.6000000000000003,1
2023-07-23 15:04:30,221000,1.6000000000000003,1
2023-07-23 15:04:40,221004,1.6000000000000003,1
2023-07-23 15:04:50,221144,1.6000000000000003,1
2023-07-23 15:05:00,221100,1.6000000000000003,1
2023-07-23 15:05:10,221088,1.6000000000000003,1
2023-07-23 15:05:20,221084,1.6000000000000003,1
2023-07-23 15:05:30,221012,1.6000000000000003,1
2023-07-23 15:05:40,221040,1.6000000000000003,1
2023-07-23 15:05:50,221108,1.6000000000000003,1
2023-07-23 15:06:00,221148,1.6000000000000003,1
2023-07-23 15:06:10,221200,1.6000000000000003,1
2023-07-23 15:06:20,221100,1.6000000000000003,1
2023-07-23 15:06:30,221148,1.6000000000000003,1
2023-07-23 15:06:40,221088,1.6000000000000003,1
2023-07-23 15:06:50,221120,1.6000000000000003,1
2023-07-23 15:07:00,221056,1.6000000000000003,1
2023-07-23 15:07:10,221088,1.6000000000000003,1
2023-07-23 15:07:20,221184,1.6000000000000003,1
2023-07-23 15:07:30,221148,1.6000000000000003,1
2023-07-23 15:07:40,221112,1.6000000000000003,1
2023-07-23 15:07:50,221064,1.6000000000000003,1
2023-07-23 15:08:00,221056,1.6000000000000003,1
2023-07-23 15:08:10,221168,1.6000000000000003,1
2023-07-23 15:08:20,221140,1.6000000000000003,1
2023-07-23 15:08:30,221084,1.6000000000000003,1
2023-07-23 15:08:40,221096,1.6000000000000003,1
2023-07-23 15:08:50,221108,1.6000000000000003,1
2023-07-23 15:09:00,221084,1.6000000000000003,1
2023-07-23 15:09:10,221104,1.6000000000000003,1
2023-07-23 15:09:20,221164,1.6000000000000003,1
2023-07-23 15:09:30,221148,1.6000000000000003,1
2023-07-23 15:09:40,221004,1.6000000000000003,1
2023-07-23 15:09:50,221044,1.6000000000000003,1
2023-07-23 15:10:00,221020,1.6000000000000003,1
2023-07-23 15:10:10,221100,1.6000000000000003,1
2023-07-23 15:10:20,221072,1.6000000000000003,1
2023-07-23 15:10:30,221120,1.6000000000000003,1
2023-07-23 15:10:40,221028,1.6000000000000003,1
2023-07-23 15:10:50,221036,1.6000000000000003,1
2023-07-23 15:11:00,220348,1.6000000000000003,1
2023-07-23 15:11:10,220932,1.6000000000000003,1
2023-07-23 15:11:20,220292,1.6000000000000003,1
2023-07-23 15:11:30,220640,1.6000000000000003,1
2023-07-23 15:11:40,220828,1.6000000000000003,1
2023-07-23 15:11:50,220828,1.6000000000000003,1
2023-07-23 15:12:00,220624,1.6000000000000003,1
2023-07-23 15:12:10,221044,1.6000000000000003,1
2023-07-23 15:12:20,221096,1.6000000000000003,1
2023-07-23 15:12:30,220948,1.6000000000000003,1
2023-07-23 15:12:40,221088,1.6000000000000003,1
2023-07-23 15:12:50,220908,1.6000000000000003,1
2023-07-23 15:13:00,221092,1.6000000000000003,1
2023-07-23 15:13:10,221136,1.6000000000000003,1
2023-07-23 15:13:20,221112,1.6000000000000003,1
2023-07-23 15:13:30,221152,1.6000000000000003,1
2023-07-23 15:13:40,220972,1.6000000000000003,1
2023-07-23 15:13:51,221096,1.6000000000000003,1
2023-07-23 15:14:00,221064,1.6000000000000003,1
2023-07-23 15:14:10,221108,1.6000000000000003,1
2023-07-23 15:14:21,221052,1.6000000000000003,1
2023-07-23 15:14:30,221092,1.6000000000000003,1
2023-07-23 15:14:40,221000,1.6000000000000003,1
2023-07-23 15:14:50,221052,1.6000000000000003,1
2023-07-23 15:15:00,221084,1.6000000000000003,1
2023-07-23 15:15:10,221012,1.6000000000000003,1
2023-07-23 15:15:20,221008,1.6000000000000003,1
2023-07-23 15:15:30,221076,1.6000000000000003,1
2023-07-23 15:15:40,221068,1.6000000000000003,1
2023-07-23 15:15:50,221016,1.6000000000000003,1
2023-07-23 15:16:00,221068,1.6000000000000003,1
2023-07-23 15:16:10,221056,1.6000000000000003,1
2023-07-23 15:16:20,221008,1.6000000000000003,1
2023-07-23 15:16:30,220936,1.6000000000000003,1
2023-07-23 15:16:40,221076,1.6000000000000003,1
2023-07-23 15:16:50,221148,1.6000000000000003,1
2023-07-23 15:17:00,221020,1.6000000000000003,1
2023-07-23 15:17:10,221016,1.6000000000000003,1
2023-07-23 15:17:20,221040,1.6000000000000003,1
2023-07-23 15:17:30,220940,1.6000000000000003,1
2023-07-23 15:17:40,220984,1.6000000000000003,1
2023-07-23 15:17:50,221108,1.6000000000000003,1
2023-07-23 15:18:00,220940,1.6000000000000003,1
2023-07-23 15:18:10,221056,1.6000000000000003,1
2023-07-23 15:18:20,221160,1.6000000000000003,1
2023-07-23 15:18:31,220984,1.6000000000000003,1
2023-07-23 15:18:40,220984,1.6000000000000003,1
2023-07-23 15:18:50,221036,1.6000000000000003,1
2023-07-23 15:19:00,221020,1.6000000000000003,1
2023-07-23 15:19:10,220952,1.6000000000000003,1
2023-07-23 15:19:20,221276,1.6000000000000003,1
2023-07-23 15:19:30,220960,1.6000000000000003,1
2023-07-23 15:19:40,220952,1.6000000000000003,1
2023-07-23 15:19:50,220988,1.6000000000000003,1
2023-07-23 15:20:00,221040,1.6000000000000003,1
2023-07-23 15:20:10,220984,1.6000000000000003,1
2023-07-23 15:20:20,221112,1.6000000000000003,1
2023-07-23 15:20:30,221152,1.6000000000000003,1
2023-07-23 15:20:40,221064,1.6000000000000003,1
2023-07-23 15:20:50,221064,1.6000000000000003,1
2023-07-23 15:21:00,221032,1.6000000000000003,1
2023-07-23 15:21:10,221060,1.6000000000000003,1
2023-07-23 15:21:20,221016,1.6000000000000003,1
2023-07-23 15:21:30,220988,1.6000000000000003,1
2023-07-23 15:21:40,220988,1.6000000000000003,1
2023-07-23 15:21:50,221008,1.6000000000000003,1
2023-07-23 15:22:00,221012,1.6000000000000003,1
2023-07-23 15:22:10,221100,1.6000000000000003,1
2023-07-23 15:22:20,221160,1.6000000000000003,1
2023-07-23 15:22:31,221060,1.6000000000000003,1
2023-07-23 15:22:40,221136,1.6000000000000003,1
2023-07-23 15:22:50,220952,1.6000000000000003,1
2023-07-23 15:23:00,220932,1.6000000000000003,1
2023-07-23 15:23:10,221036,1.6000000000000003,1
2023-07-23 15:23:20,221000,1.6000000000000003,1
2023-07-23 15:23:30,221056,1.6000000000000003,1
2023-07-23 15:23:40,221100,1.6000000000000003,1
2023-07-23 15:23:50,221056,1.6000000000000003,1
2023-07-23 15:24:00,221080,1.6000000000000003,1
2023-07-23 15:24:10,221152,1.6000000000000003,1
2023-07-23 15:24:20,221304,1.6000000000000003,1
2023-07-23 15:24:30,220952,1.6000000000000003,1
2023-07-23 15:24:40,221048,1.6000000000000003,1
2023-07-23 15:24:50,221088,1.6000000000000003,1
2023-07-23 15:25:00,220976,1.6000000000000003,1
2023-07-23 15:25:10,221040,1.6000000000000003,1
2023-07-23 15:25:20,221012,1.6000000000000003,1
2023-07-23 15:25:30,221092,1.6000000000000003,1
2023-07-23 15:25:40,220972,1.6000000000000003,1
2023-07-23 15:25:50,221104,1.6000000000000003,1
2023-07-23 15:26:00,220944,1.6000000000000003,1
2023-07-23 15:26:10,221044,1.6000000000000003,1
2023-07-23 15:26:20,221068,1.6000000000000003,1
2023-07-23 15:26:30,221048,1.6000000000000003,1
2023-07-23 15:26:40,221000,1.6000000000000003,1
2023-07-23 15:26:50,221044,1.6000000000000003,1
2023-07-23 15:27:00,221080,1.6000000000000003,1
2023-07-23 15:27:10,221136,1.6000000000000003,1
2023-07-23 15:27:20,221012,1.6000000000000003,1
2023-07-23 15:27:30,221160,1.6000000000000003,1
2023-07-23 15:27:40,221060,1.6000000000000003,1
2023-07-23 15:27:50,221096,1.6000000000000003,1
2023-07-23 15:28:00,220900,1.6000000000000003,1
2023-07-23 15:28:10,221068,1.6000000000000003,1
2023-07-23 15:28:20,221088,1.6000000000000003,1
2023-07-23 15:28:30,221112,1.6000000000000003,1
2023-07-23 15:28:40,221056,1.6000000000000003,1
2023-07-23 15:28:50,221136,1.6000000000000003,1
2023-07-23 15:29:00,221052,1.6000000000000003,1
2023-07-23 15:29:10,221096,1.6000000000000003,1
2023-07-23 15:29:20,221092,1.6000000000000003,1
2023-07-23 15:29:30,221068,1.6000000000000003,1
2023-07-23 15:29:40,221064,1.6000000000000003,1
2023-07-23 15:29:50,221056,1.6000000000000003,1
2023-07-23 15:30:00,221068,1.6000000000000003,1
2023-07-23 15:30:10,221096,1.6000000000000003,1
2023-07-23 15:30:20,221044,1.6000000000000003,1
2023-07-23 15:30:30,221016,1.6000000000000003,1
2023-07-23 15:30:40,221064,1.6000000000000003,1
2023-07-23 15:30:50,220984,1.6000000000000003,1
2023-07-23 15:31:00,221044,1.6000000000000003,1
2023-07-23 15:31:10,221392,1.6000000000000003,1
2023-07-23 15:31:20,220980,1.6000000000000003,1
2023-07-23 15:31:30,220960,1.6000000000000003,1
2023-07-23 15:31:40,221068,1.6000000000000003,1
2023-07-23 15:31:50,221068,1.6000000000000003,1
2023-07-23 15:32:00,221136,1.6000000000000003,1
2023-07-23 15:32:10,220892,1.6000000000000003,1
2023-07-23 15:32:20,221156,1.6000000000000003,1
2023-07-23 15:32:30,220952,1.6000000000000003,1
2023-07-23 15:32:40,221040,1.6000000000000003,1
2023-07-23 15:32:50,220956,1.6000000000000003,1
2023-07-23 15:33:00,221168,1.6000000000000003,1
2023-07-23 15:33:10,221008,1.6000000000000003,1
2023-07-23 15:33:20,220984,1.6000000000000003,1
2023-07-23 15:33:30,221048,1.6000000000000003,1
2023-07-23 15:33:40,220984,1.6000000000000003,1
2023-07-23 15:33:50,221044,1.6000000000000003,1
2023-07-23 15:34:00,221220,1.6000000000000003,1
2023-07-23 15:34:10,220968,1.6000000000000003,1
2023-07-23 15:34:20,221064,1.6000000000000003,1
2023-07-23 15:34:30,221056,1.6000000000000003,1
2023-07-23 15:34:40,220984,1.6000000000000003,1
2023-07-23 15:34:50,220940,1.6000000000000003,1
2023-07-23 15:35:00,221008,1.6000000000000003,1
2023-07-23 15:35:10,220980,1.6000000000000003,1
2023-07-23 15:35:20,220956,1.6000000000000003,1
2023-07-23 15:35:30,221004,1.6000000000000003,1
2023-07-23 15:35:40,221096,1.6000000000000003,1
2023-07-23 15:35:50,220908,1.6000000000000003,1
2023-07-23 15:36:00,221092,1.6000000000000003,1
2023-07-23 15:36:10,221068,1.6000000000000003,1
2023-07-23 15:36:20,220964,1.6000000000000003,1
2023-07-23 15:36:30,221060,1.6000000000000003,1
2023-07-23 15:36:40,220980,1.6000000000000003,1
2023-07-23 15:36:50,221008,1.6000000000000003,1
2023-07-23 15:37:00,221048,1.6000000000000003,1
2023-07-23 15:37:10,221068,1.6000000000000003,1
2023-07-23 15:37:20,221056,1.6000000000000003,1
2023-07-23 15:37:30,221056,1.6000000000000003,1
2023-07-23 15:37:40,221152,1.6000000000000003,1
2023-07-23 15:37:50,221080,1.6000000000000003,1
2023-07-23 15:38:00,221152,1.6000000000000003,1
2023-07-23 15:38:10,221000,1.6000000000000003,1
2023-07-23 15:38:20,220908,1.6000000000000003,1
2023-07-23 15:38:30,220940,1.6000000000000003,1
2023-07-23 15:38:40,221068,1.6000000000000003,1
2023-07-23 15:38:50,221084,1.6000000000000003,1
2023-07-23 15:39:00,221048,1.6000000000000003,1
2023-07-23 15:39:10,221064,1.6000000000000003,1
2023-07-23 15:39:20,221012,1.6000000000000003,1
2023-07-23 15:39:30,221104,1.6000000000000003,1
2023-07-23 15:39:40,221044,1.6000000000000003,1
2023-07-23 15:39:50,221044,1.6000000000000003,1
2023-07-23 15:40:00,220980,1.6000000000000003,1
2023-07-23 15:40:10,220372,1.6000000000000003,1
2023-07-23 15:40:20,220720,1.6000000000000003,1
2023-07-23 15:40:30,220328,1.6000000000000003,1
2023-07-23 15:40:40,220500,1.6000000000000003,1
2023-07-23 15:40:50,220244,1.6000000000000003,1
2023-07-23 15:41:00,220744,1.6000000000000003,1
2023-07-23 15:41:10,220852,1.6000000000000003,1
2023-07-23 15:41:20,220696,1.6000000000000003,1
2023-07-23 15:41:30,220832,1.6000000000000003,1
2023-07-23 15:41:40,221132,1.6000000000000003,1
2023-07-23 15:41:50,221096,1.6000000000000003,1
2023-07-23 15:42:00,221092,1.6000000000000003,1
2023-07-23 15:42:10,220960,1.6000000000000003,1
2023-07-23 15:42:20,221096,1.6000000000000003,1
2023-07-23 15:42:30,220904,1.6000000000000003,1
2023-07-23 15:42:40,221056,1.6000000000000003,1
2023-07-23 15:42:50,221052,1.6000000000000003,1
2023-07-23 15:43:00,221096,1.6000000000000003,1
2023-07-23 15:43:11,221056,1.6000000000000003,1
2023-07-23 15:43:20,221076,1.6000000000000003,1
2023-07-23 15:43:30,221000,1.6000000000000003,1
2023-07-23 15:43:40,220936,1.6000000000000003,1
2023-07-23 15:43:50,221144,1.6000000000000003,1
2023-07-23 15:44:00,221064,1.6000000000000003,1
2023-07-23 15:44:11,221100,1.6000000000000003,1
2023-07-23 15:44:20,221044,1.6000000000000003,1
2023-07-23 15:44:30,221132,1.6000000000000003,1
2023-07-23 15:44:41,221048,1.6000000000000003,1
2023-07-23 15:44:50,220964,1.6000000000000003,1
2023-07-23 15:45:00,220948,1.6000000000000003,1
2023-07-23 15:45:11,221000,1.6000000000000003,1
2023-07-23 15:45:20,221308,1.6000000000000003,1
2023-07-23 15:45:30,221132,1.6000000000000003,1
2023-07-23 15:45:40,221336,1.6000000000000003,1
2023-07-23 15:45:51,221140,1.6000000000000003,1
2023-07-23 15:46:00,221108,1.6000000000000003,1
2023-07-23 15:46:10,220896,1.6000000000000003,1
2023-07-23 15:46:20,221040,1.6000000000000003,1
2023-07-23 15:46:30,221048,1.6000000000000003,1
2023-07-23 15:46:40,220904,1.6000000000000003,1
2023-07-23 15:46:50,221004,1.6000000000000003,1
2023-07-23 15:47:00,221044,1.6000000000000003,1
2023-07-23 15:47:10,221052,1.6000000000000003,1
2023-07-23 15:47:20,221060,1.6000000000000003,1
2023-07-23 15:47:30,221184,1.6000000000000003,1
2023-07-23 15:47:40,221052,1.6000000000000003,1
2023-07-23 15:47:50,221032,1.6000000000000003,1
2023-07-23 15:48:00,220992,1.6000000000000003,1
2023-07-23 15:48:10,220940,1.6000000000000003,1
2023-07-23 15:48:20,221064,1.6000000000000003,1
2023-07-23 15:48:30,220892,1.6000000000000003,1
2023-07-23 15:48:40,221112,1.6000000000000003,1
2023-07-23 15:48:50,221056,1.6000000000000003,1
2023-07-23 15:49:04,221048,1.6000000000000003,1
2023-07-23 15:49:10,221048,1.6000000000000003,1
2023-07-23 15:49:21,221152,1.6000000000000003,1
2023-07-23 15:49:30,221064,1.6000000000000003,1
2023-07-23 15:49:40,221096,1.6000000000000003,1
2023-07-23 15:49:50,221092,1.6000000000000003,1
2023-07-23 15:50:01,220980,1.6000000000000003,1
2023-07-23 15:50:11,221096,1.6000000000000003,1
2023-07-23 15:50:20,221140,1.6000000000000003,1
2023-07-23 15:50:30,221028,1.6000000000000003,1
2023-07-23 15:50:40,221168,1.6000000000000003,1
2023-07-23 15:50:50,221120,1.6000000000000003,1
2023-07-23 15:51:00,221020,1.6000000000000003,1
2023-07-23 15:51:10,221048,1.6000000000000003,1
2023-07-23 15:51:20,221060,1.6000000000000003,1
2023-07-23 15:51:30,221044,1.6000000000000003,1
2023-07-23 15:51:40,221196,1.6000000000000003,1
2023-07-23 15:51:50,221240,1.6000000000000003,1
2023-07-23 15:52:00,220940,1.6000000000000003,1
2023-07-23 15:52:10,221108,1.6000000000000003,1
2023-07-23 15:52:20,221060,1.6000000000000003,1
2023-07-23 15:52:30,220896,1.6000000000000003,1
2023-07-23 15:52:40,220984,1.6000000000000003,1
2023-07-23 15:52:50,221116,1.6000000000000003,1
2023-07-23 15:53:00,221016,1.6000000000000003,1
2023-07-23 15:53:10,221056,1.6000000000000003,1
2023-07-23 15:53:20,221200,1.6000000000000003,1
2023-07-23 15:53:30,220992,1.6000000000000003,1
2023-07-23 15:53:40,221056,1.6000000000000003,1
2023-07-23 15:53:50,221036,1.6000000000000003,1
2023-07-23 15:54:00,220988,1.6000000000000003,1
2023-07-23 15:54:10,221028,1.6000000000000003,1
2023-07-23 15:54:20,221064,1.6000000000000003,1
2023-07-23 15:54:31,220984,1.6000000000000003,1
2023-07-23 15:54:41,221048,1.6000000000000003,1
2023-07-23 15:54:50,221208,1.6000000000000003,1
2023-07-23 15:55:00,221032,1.6000000000000003,1
2023-07-23 15:55:11,221148,1.6000000000000003,1
2023-07-23 15:55:21,221036,1.6000000000000003,1
2023-07-23 15:55:31,221044,1.6000000000000003,1
2023-07-23 15:55:40,220944,1.6000000000000003,1
2023-07-23 15:55:50,221000,1.6000000000000003,1
2023-07-23 15:56:00,221160,1.6000000000000003,1
2023-07-23 15:56:10,221016,1.6000000000000003,1
2023-07-23 15:56:20,221012,1.6000000000000003,1
2023-07-23 15:56:30,221032,1.6000000000000003,1
2023-07-23 15:56:40,220976,1.6000000000000003,1
2023-07-23 15:56:51,220972,1.6000000000000003,1
2023-07-23 15:57:00,220956,1.6000000000000003,1
2023-07-23 15:57:10,221008,1.6000000000000003,1
2023-07-23 15:57:20,220972,1.6000000000000003,1
2023-07-23 15:57:30,220908,1.6000000000000003,1
2023-07-23 15:57:40,220976,1.6000000000000003,1
2023-07-23 15:57:50,221156,1.6000000000000003,1
2023-07-23 15:58:00,221136,1.6000000000000003,1
2023-07-23 15:58:11,220992,1.6000000000000003,1
2023-07-23 15:58:20,220932,1.6000000000000003,1
2023-07-23 15:58:31,220940,1.6000000000000003,1
2023-07-23 15:58:40,221104,1.6000000000000003,1
2023-07-23 15:58:50,221080,1.6000000000000003,1
2023-07-23 15:59:00,221024,1.6000000000000003,1
2023-07-23 15:59:11,220972,1.6000000000000003,1
2023-07-23 15:59:20,221144,1.6000000000000003,1
2023-07-23 15:59:30,221084,1.6000000000000003,1
2023-07-23 15:59:40,221064,1.6000000000000003,1
2023-07-23 15:59:51,221004,1.6000000000000003,1
2023-07-23 16:00:00,220956,1.6000000000000003,1
2023-07-23 16:00:11,221092,1.6000000000000003,1
2023-07-23 16:00:21,221056,1.6000000000000003,1
2023-07-23 16:00:30,221068,1.6000000000000003,1
2023-07-23 16:00:40,220936,1.6000000000000003,1
2023-07-23 16:00:50,220992,1.6000000000000003,1
2023-07-23 16:01:00,220972,1.6000000000000003,1
2023-07-23 16:01:10,221016,1.6000000000000003,1
2023-07-23 16:01:20,220892,1.6000000000000003,1
2023-07-23 16:01:31,274324,2.1000000000000005,1
2023-07-23 16:01:40,274436,2.1000000000000005,1
2023-07-23 16:01:50,274340,2.1000000000000005,1
2023-07-23 16:02:00,274392,2.1000000000000005,1
2023-07-23 16:02:10,274500,2.1000000000000005,1
2023-07-23 16:02:20,274460,2.1000000000000005,1
2023-07-23 16:02:30,274348,2.1000000000000005,1
2023-07-23 16:02:41,274416,2.1000000000000005,1
2023-07-23 16:02:50,274376,2.1000000000000005,1
2023-07-23 16:03:01,274272,2.1000000000000005,1
2023-07-23 16:03:11,274348,2.1000000000000005,1
2023-07-23 16:03:20,274416,2.1000000000000005,1
2023-07-23 16:03:31,274508,2.1000000000000005,1
2023-07-23 16:03:41,274464,2.1000000000000005,1
2023-07-23 16:03:50,274520,2.1000000000000005,1
2023-07-23 16:04:00,274572,2.1000000000000005,1
2023-07-23 16:04:10,274440,2.1000000000000005,1
2023-07-23 16:04:21,274384,2.1000000000000005,1
2023-07-23 16:04:31,274456,2.1000000000000005,1
2023-07-23 16:04:41,274272,2.1000000000000005,1
2023-07-23 16:04:51,274476,2.1000000000000005,1
2023-07-23 16:05:01,274380,2.1000000000000005,1
2023-07-23 16:05:11,274416,2.1000000000000005,1
2023-07-23 16:05:21,287500,2.3000000000000003,2
2023-07-23 16:05:31,280744,2.2000000000000006,1
2023-07-23 16:05:41,280672,2.2000000000000006,1
2023-07-23 16:05:51,280728,2.2000000000000006,1
2023-07-23 16:06:01,280780,2.2000000000000006,1
2023-07-23 16:06:10,280664,2.2000000000000006,1
2023-07-23 16:06:21,280772,2.2000000000000006,1
2023-07-23 16:06:30,280760,2.2000000000000006,1
2023-07-23 16:06:40,280624,2.2000000000000006,1
2023-07-23 16:06:50,280656,2.2000000000000006,1
2023-07-23 16:07:01,280772,2.2000000000000006,1
2023-07-23 16:07:11,280732,2.2000000000000006,1
2023-07-23 16:07:21,280656,2.2000000000000006,1
2023-07-23 16:07:31,280692,2.2000000000000006,1
2023-07-23 16:07:41,280664,2.2000000000000006,1
2023-07-23 16:07:51,280744,2.2000000000000006,1
2023-07-23 16:08:01,280668,2.2000000000000006,1
2023-07-23 16:08:11,280624,2.2000000000000006,1
2023-07-23 16:08:21,443728,3.5000000000000013,3
2023-07-23 16:08:31,541664,4.799999999999999,9
2023-07-23 16:08:41,546008,4.799999999999999,9
2023-07-23 16:08:51,553060,4.799999999999999,9
2023-07-23 16:09:01,556952,4.799999999999999,9
2023-07-23 16:09:11,560856,4.899999999999999,9
2023-07-23 16:09:22,564716,4.999999999999999,9
2023-07-23 16:09:31,567028,4.999999999999999,9
2023-07-23 16:09:41,570864,5.3,9
2023-07-23 16:09:52,569452,5.399999999999999,8
2023-07-23 16:10:01,560620,5.299999999999998,9
2023-07-23 16:10:12,573520,5.399999999999997,9
2023-07-23 16:10:22,573052,5.399999999999996,9
2023-07-23 16:10:32,565516,5.399999999999996,8
2023-07-23 16:10:43,569428,5.399999999999996,9
2023-07-23 16:10:53,577060,5.499999999999996,9
2023-07-23 16:11:01,577192,5.499999999999996,9
2023-07-23 16:11:11,568908,5.399999999999996,8
2023-07-23 16:11:24,550100,5.199999999999996,5
2023-07-23 16:11:31,556328,5.199999999999996,7
2023-07-23 16:11:42,586252,5.599999999999996,9
2023-07-23 16:11:52,589252,5.599999999999996,9
2023-07-23 16:12:03,591152,5.599999999999996,9
2023-07-23 16:12:12,585196,5.499999999999996,8
2023-07-23 16:12:23,592200,5.599999999999996,9
2023-07-23 16:12:31,595304,5.599999999999996,9
2023-07-23 16:12:42,597480,5.599999999999996,9
2023-07-23 16:12:52,603508,5.599999999999996,9
2023-07-23 16:13:01,603596,5.599999999999996,9
2023-07-23 16:13:11,599932,5.499999999999996,8
2023-07-23 16:13:22,605992,5.599999999999996,9
2023-07-23 16:13:31,606888,5.599999999999996,9
2023-07-23 16:13:42,606916,5.599999999999996,9
2023-07-23 16:13:51,602532,5.499999999999996,8
2023-07-23 16:14:01,608272,5.599999999999996,9
2023-07-23 16:14:11,585236,5.199999999999996,5
2023-07-23 16:14:21,612724,5.599999999999996,9
2023-07-23 16:14:31,611212,5.499999999999996,8
2023-07-23 16:14:41,612080,5.4999999999999964,8
2023-07-23 16:14:51,618548,5.499999999999996,8
2023-07-23 16:15:01,631872,5.899999999999996,9
2023-07-23 16:15:11,627344,5.899999999999996,8
2023-07-23 16:15:21,634860,5.999999999999996,9
2023-07-23 16:15:31,636836,6.099999999999996,9
2023-07-23 16:15:41,639480,6.299999999999996,9
2023-07-23 16:15:51,634800,6.299999999999996,8
2023-07-23 16:16:01,642808,6.299999999999996,9
2023-07-23 16:16:12,630976,6.099999999999996,7
2023-07-23 16:16:34,633860,6.199999999999997,7
2023-07-23 16:16:37,635916,6.199999999999997,7
2023-07-23 16:16:44,638204,6.299999999999997,7
2023-07-23 16:16:53,644712,6.399999999999997,9
2023-07-23 16:17:01,651092,6.4999999999999964,9
2023-07-23 16:17:12,647176,6.399999999999997,9
2023-07-23 16:17:22,654060,6.4999999999999964,9
2023-07-23 16:17:31,654544,6.4999999999999964,9
2023-07-23 16:17:42,660064,6.4999999999999964,8
2023-07-23 16:17:51,663600,6.4999999999999964,9
2023-07-23 16:18:02,658892,6.399999999999997,8
2023-07-23 16:18:11,667196,6.4999999999999964,9
2023-07-23 16:18:23,670036,6.4999999999999964,9
2023-07-23 16:18:31,672712,6.4999999999999964,9
2023-07-23 16:18:42,667532,6.399999999999997,8
2023-07-23 16:18:52,675728,6.4999999999999964,9
2023-07-23 16:19:01,675732,6.4999999999999964,9
2023-07-23 16:19:11,664244,6.299999999999997,7
2023-07-23 16:19:21,678204,6.4999999999999964,9
2023-07-23 16:19:31,674440,6.399999999999997,8
2023-07-23 16:19:41,682736,6.4999999999999964,9
2023-07-23 16:19:52,676572,6.399999999999997,8
2023-07-23 16:20:01,676676,6.399999999999997,8
2023-07-23 16:20:11,681316,6.399999999999997,8
2023-07-23 16:20:21,687724,6.4999999999999964,9
2023-07-23 16:20:31,689060,6.4999999999999964,9
2023-07-23 16:20:41,680564,6.4999999999999964,8
2023-07-23 16:20:51,695172,6.4999999999999964,9
2023-07-23 16:21:01,701428,6.699999999999997,9
2023-07-23 16:21:11,701428,6.699999999999997,9
2023-07-23 16:21:22,707696,6.999999999999996,9
2023-07-23 16:21:31,702288,6.999999999999996,8
2023-07-23 16:21:41,710736,7.199999999999996,8
2023-07-23 16:21:51,705504,7.199999999999996,8
2023-07-23 16:22:01,707884,7.199999999999996,8
2023-07-23 16:22:11,716000,7.299999999999995,9
2023-07-23 16:22:21,710020,7.199999999999996,8
2023-07-23 16:22:31,712188,7.199999999999996,8
2023-07-23 16:22:41,722756,7.299999999999995,9
2023-07-23 16:22:51,728088,7.299999999999995,9
2023-07-23 16:23:01,730268,7.299999999999995,9
2023-07-23 16:23:11,728812,7.199999999999996,8
2023-07-23 16:23:22,730256,7.199999999999996,9
2023-07-23 16:23:32,737876,7.299999999999995,9
2023-07-23 16:23:42,732448,7.199999999999996,8
2023-07-23 16:23:52,740416,7.299999999999995,9
2023-07-23 16:24:01,740508,7.299999999999995,9
2023-07-23 16:24:11,736560,7.199999999999996,8
2023-07-23 16:24:21,744024,7.299999999999995,9
2023-07-23 16:24:31,747312,7.299999999999995,9
2023-07-23 16:24:41,750228,7.299999999999995,9
2023-07-23 16:24:51,749912,7.199999999999996,8
2023-07-23 16:25:01,758656,7.299999999999995,9
2023-07-23 16:25:11,755388,7.199999999999996,8
2023-07-23 16:25:21,765784,7.299999999999995,9
2023-07-23 16:25:31,767864,7.399999999999995,9
2023-07-23 16:25:41,764060,7.599999999999995,8
2023-07-23 16:25:51,773416,7.799999999999996,9
2023-07-23 16:26:01,767792,7.899999999999997,8
2023-07-23 16:26:11,776032,7.999999999999997,9
2023-07-23 16:26:21,781124,8.099999999999998,9
2023-07-23 16:26:31,777556,7.999999999999997,8
2023-07-23 16:26:41,785816,8.099999999999998,9
2023-07-23 16:26:51,780868,7.999999999999997,8
2023-07-23 16:27:02,789300,8.099999999999998,9
2023-07-23 16:27:11,785364,7.999999999999997,8
2023-07-23 16:27:21,788844,7.999999999999997,8
2023-07-23 16:27:32,798156,8.099999999999998,9
2023-07-23 16:27:41,801984,8.099999999999998,9
2023-07-23 16:27:51,804924,8.099999999999998,9
2023-07-23 16:28:01,800380,7.999999999999997,9
2023-07-23 16:28:12,808184,8.099999999999998,9
2023-07-23 16:28:21,808460,8.099999999999998,9
2023-07-23 16:28:32,804584,7.999999999999997,8
2023-07-23 16:28:41,649948,6.399999999999998,7
2023-07-24 07:50:25,280032,2.2000000000000006,1
2023-07-24 07:50:34,280480,2.2000000000000006,1
2023-07-24 07:50:44,280420,2.2000000000000006,1
2023-07-24 07:50:54,280440,2.2000000000000006,1
2023-07-24 07:51:04,280336,2.2000000000000006,1
2023-07-24 07:51:14,280944,2.2000000000000006,1
2023-07-24 07:51:24,280912,2.2000000000000006,1
2023-07-24 07:51:34,280956,2.2000000000000006,1
2023-07-24 07:51:44,281020,2.2000000000000006,1
2023-07-24 07:51:54,280856,2.2000000000000006,1
2023-07-24 07:52:04,280716,2.2000000000000006,1
2023-07-24 07:52:14,280840,2.2000000000000006,1
2023-07-24 07:52:24,280960,2.2000000000000006,1
2023-07-24 07:52:34,280892,2.2000000000000006,1
2023-07-24 07:52:44,280956,2.2000000000000006,1
2023-07-24 07:52:54,280780,2.2000000000000006,1
2023-07-24 07:53:04,280816,2.2000000000000006,1
2023-07-24 07:53:14,280832,2.2000000000000006,1
2023-07-24 07:53:24,281052,2.2000000000000006,1
2023-07-24 07:53:34,280960,2.2000000000000006,1
2023-07-24 07:53:44,280916,2.2000000000000006,1
2023-07-24 07:53:54,281032,2.2000000000000006,1
2023-07-24 07:54:04,280880,2.2000000000000006,1
2023-07-24 07:54:14,280896,2.2000000000000006,1
2023-07-24 07:54:24,280880,2.2000000000000006,1
2023-07-24 07:54:34,280752,2.2000000000000006,1
2023-07-24 07:54:44,280876,2.2000000000000006,1
2023-07-24 07:54:54,280868,2.2000000000000006,1
2023-07-24 07:55:04,280772,2.2000000000000006,1
2023-07-24 07:55:14,280780,2.2000000000000006,1
2023-07-24 07:55:24,280892,2.2000000000000006,1
2023-07-24 07:55:34,280768,2.2000000000000006,1
2023-07-24 07:55:44,280872,2.2000000000000006,1
2023-07-24 07:55:54,280896,2.2000000000000006,1
2023-07-24 07:56:04,280860,2.2000000000000006,1
2023-07-24 07:56:14,280804,2.2000000000000006,1
2023-07-24 07:56:24,281104,2.2000000000000006,1
2023-07-24 07:56:34,280888,2.2000000000000006,1
2023-07-24 07:56:44,280976,2.2000000000000006,1
2023-07-24 07:56:54,280832,2.2000000000000006,1
2023-07-24 07:57:04,280800,2.2000000000000006,1
2023-07-24 07:57:14,280840,2.2000000000000006,1
2023-07-24 07:57:24,281024,2.2000000000000006,1
2023-07-24 07:57:34,281056,2.2000000000000006,1
2023-07-24 07:57:44,280796,2.2000000000000006,1
2023-07-24 07:57:54,280792,2.2000000000000006,1
2023-07-24 07:58:04,280792,2.2000000000000006,1
2023-07-24 07:58:14,280824,2.2000000000000006,1
2023-07-24 07:58:24,280760,2.2000000000000006,1
2023-07-24 07:58:34,280884,2.2000000000000006,1
2023-07-24 07:58:44,280888,2.2000000000000006,1
2023-07-24 07:58:54,281140,2.2000000000000006,1
2023-07-24 07:59:04,280836,2.2000000000000006,1
2023-07-24 07:59:14,280912,2.2000000000000006,1
2023-07-24 07:59:24,280764,2.2000000000000006,1
2023-07-24 07:59:34,280836,2.2000000000000006,1
2023-07-24 07:59:44,280816,2.2000000000000006,1
2023-07-30 06:59:22,340576,2.900000000000001,1
2023-07-30 06:59:32,341080,2.900000000000001,1
2023-07-30 06:59:42,341044,2.900000000000001,1
2023-07-30 06:59:52,340892,2.900000000000001,1
2023-07-30 07:00:02,341204,2.900000000000001,1
2023-07-30 07:00:12,341396,2.900000000000001,1
2023-07-30 07:00:22,341360,2.900000000000001,1
2023-07-30 07:00:32,341332,2.900000000000001,1
2023-07-30 07:00:42,341520,2.900000000000001,1
2023-07-30 07:00:52,341324,2.900000000000001,1
2023-07-30 07:01:02,341472,2.900000000000001,2
2023-07-30 07:01:12,341352,2.900000000000001,1
2023-07-30 07:01:22,341416,2.900000000000001,1
2023-07-30 07:01:32,341480,2.900000000000001,1
2023-07-30 07:01:42,341564,2.900000000000001,1
2023-07-30 07:01:52,341524,2.900000000000001,1
2023-07-30 07:02:02,341472,2.900000000000001,1
2023-07-30 07:02:12,341464,2.900000000000001,1
2023-07-30 07:02:22,341584,2.900000000000001,1
2023-07-30 07:02:32,341384,2.900000000000001,1
2023-07-30 07:02:42,341536,2.900000000000001,1
2023-07-30 07:02:52,341516,2.900000000000001,1
2023-07-30 07:03:02,341508,2.900000000000001,1
2023-07-30 07:03:12,341600,2.900000000000001,1
2023-07-30 07:03:22,341448,2.900000000000001,1
2023-07-30 07:03:32,341504,2.900000000000001,1
2023-07-30 07:03:42,341416,2.900000000000001,1
2023-07-30 07:03:52,341564,2.900000000000001,1
2023-07-30 07:04:02,341612,2.900000000000001,1
2023-07-30 07:04:12,341448,2.900000000000001,1
2023-07-30 07:04:22,341520,2.900000000000001,1
2023-07-30 07:04:32,341516,2.900000000000001,1
2023-07-30 07:04:42,341500,2.900000000000001,1
2023-07-30 07:04:52,341508,2.900000000000001,1
2023-07-30 07:05:02,341476,2.900000000000001,1
2023-07-30 07:05:12,341428,2.900000000000001,1
2023-07-30 07:05:22,341528,2.900000000000001,1
2023-07-30 07:05:32,341556,2.900000000000001,1
2023-07-30 07:05:42,341444,2.900000000000001,1
2023-07-30 07:05:52,341368,2.900000000000001,1
2023-07-30 07:06:02,341628,2.900000000000001,1
2023-07-30 07:06:12,341468,2.900000000000001,1
2023-07-30 07:06:22,341560,2.900000000000001,1
2023-07-30 07:06:32,341672,2.900000000000001,1
2023-07-30 07:06:42,341540,2.900000000000001,1
2023-07-30 07:06:52,341512,2.900000000000001,1
2023-07-30 07:07:02,341444,2.900000000000001,1
2023-07-30 07:07:12,341504,2.900000000000001,1
2023-07-30 07:07:22,341544,2.900000000000001,1
2023-07-30 07:07:32,341508,2.900000000000001,1
2023-07-30 07:07:42,341456,2.900000000000001,1
2023-07-30 07:07:52,341440,2.900000000000001,1
2023-07-30 07:08:02,341552,2.900000000000001,1
2023-07-30 07:08:12,341480,2.900000000000001,1
2023-07-30 07:08:22,341616,2.900000000000001,1
2023-07-30 07:08:32,341692,2.900000000000001,1
2023-07-30 07:08:42,341560,2.900000000000001,1
2023-07-30 07:08:52,341476,2.900000000000001,1
2023-07-30 07:09:02,341536,2.900000000000001,1
2023-07-30 07:09:12,341460,2.900000000000001,1
2023-07-30 07:09:22,341564,2.900000000000001,1
2023-07-30 07:09:32,341504,2.900000000000001,1
2023-07-30 07:09:42,341472,2.900000000000001,1
2023-07-30 07:09:52,341488,2.900000000000001,1
2023-07-30 07:10:02,341428,2.900000000000001,1
2023-07-30 07:10:12,341448,2.900000000000001,1
2023-07-30 07:10:22,341500,2.900000000000001,1
2023-07-30 07:10:32,341472,2.900000000000001,1
2023-07-30 07:10:42,341524,2.900000000000001,2
2023-07-30 07:10:52,341368,2.900000000000001,2
2023-07-30 07:11:02,341536,2.900000000000001,2
2023-07-30 07:11:12,341472,2.900000000000001,2
2023-07-30 07:11:22,341676,2.900000000000001,2
2023-07-30 07:11:32,341420,2.900000000000001,2
2023-07-30 07:11:42,341576,2.900000000000001,1
2023-07-30 07:11:52,341532,2.900000000000001,1
2023-07-30 07:12:02,341608,2.900000000000001,1
2023-07-30 07:12:12,341504,2.900000000000001,1
2023-07-30 07:12:22,341508,2.900000000000001,1
2023-07-30 07:12:32,277152,2.3000000000000007,1
2023-07-30 07:12:42,277100,2.3000000000000007,1
2023-07-30 07:12:52,329816,2.800000000000001,1
2023-07-30 07:13:02,329892,2.800000000000001,1
2023-07-30 07:13:12,336276,2.9000000000000012,1
2023-07-30 07:13:22,336212,2.9000000000000012,1
2023-07-30 07:13:32,336276,2.9000000000000012,1
2023-07-30 07:13:42,336140,2.9000000000000012,1
2023-07-30 07:13:52,336144,2.9000000000000012,1
2023-07-30 07:14:02,336232,2.9000000000000012,1
2023-07-30 07:14:12,336180,2.9000000000000012,1
2023-07-30 07:14:22,336248,2.9000000000000012,1
2023-07-30 07:14:32,336280,2.9000000000000012,1
2023-07-30 07:14:42,336264,2.9000000000000012,1
2023-07-30 07:14:52,336332,2.9000000000000012,1
2023-07-30 07:15:02,336188,2.9000000000000012,1
2023-07-30 07:15:12,336192,2.9000000000000012,1
2023-07-30 07:15:22,336252,2.9000000000000012,1
2023-07-30 07:15:46,335232,2.9000000000000004,1
2023-07-30 07:15:55,335880,2.9000000000000004,1
2023-07-30 07:16:05,335684,2.9000000000000004,1
2023-07-30 07:16:16,335716,2.9000000000000004,1
2023-07-30 07:16:25,335904,2.9000000000000004,1
2023-07-30 07:16:35,336056,2.9000000000000004,1
2023-07-30 07:16:45,336260,2.9000000000000004,1
2023-07-30 07:16:55,336200,2.9000000000000004,1
2023-07-30 07:17:05,336152,2.9000000000000004,1
2023-07-30 07:17:15,336308,2.9000000000000004,1
2023-07-30 07:17:25,336132,2.9000000000000004,1
2023-07-30 07:17:35,336168,2.9000000000000004,1
2023-07-30 07:17:45,336100,2.9000000000000004,1
