timestamp,dbName,deadlocks
2023-07-22 16:58:59,postgres,0
2023-07-22 16:58:59,explorer,0
2023-07-22 16:58:59,template1,0
2023-07-22 16:58:59,template0,0
2023-07-22 16:59:09,postgres,0
2023-07-22 16:59:09,explorer,0
2023-07-22 16:59:09,template1,0
2023-07-22 16:59:09,template0,0
2023-07-22 16:59:19,postgres,0
2023-07-22 16:59:19,explorer,0
2023-07-22 16:59:19,template1,0
2023-07-22 16:59:19,template0,0
2023-07-22 16:59:29,postgres,0
2023-07-22 16:59:29,explorer,0
2023-07-22 16:59:29,template1,0
2023-07-22 16:59:29,template0,0
2023-07-22 16:59:39,postgres,0
2023-07-22 16:59:39,explorer,0
2023-07-22 16:59:39,template1,0
2023-07-22 16:59:39,template0,0
2023-07-22 16:59:49,postgres,0
2023-07-22 16:59:49,explorer,0
2023-07-22 16:59:49,template1,0
2023-07-22 16:59:49,template0,0
2023-07-22 16:59:59,postgres,0
2023-07-22 16:59:59,explorer,0
2023-07-22 16:59:59,template1,0
2023-07-22 16:59:59,template0,0
2023-07-22 17:00:09,postgres,0
2023-07-22 17:00:09,explorer,0
2023-07-22 17:00:09,template1,0
2023-07-22 17:00:09,template0,0
2023-07-22 17:00:19,postgres,0
2023-07-22 17:00:19,explorer,0
2023-07-22 17:00:19,template1,0
2023-07-22 17:00:19,template0,0
2023-07-22 17:00:29,postgres,0
2023-07-22 17:00:29,explorer,0
2023-07-22 17:00:29,template1,0
2023-07-22 17:00:29,template0,0
2023-07-22 17:00:39,postgres,0
2023-07-22 17:00:39,explorer,0
2023-07-22 17:00:39,template1,0
2023-07-22 17:00:39,template0,0
2023-07-22 17:00:49,postgres,0
2023-07-22 17:00:49,explorer,0
2023-07-22 17:00:49,template1,0
2023-07-22 17:00:49,template0,0
2023-07-22 17:00:59,postgres,0
2023-07-22 17:00:59,explorer,0
2023-07-22 17:00:59,template1,0
2023-07-22 17:00:59,template0,0
2023-07-22 17:01:09,postgres,0
2023-07-22 17:01:09,explorer,0
2023-07-22 17:01:09,template1,0
2023-07-22 17:01:09,template0,0
2023-07-22 17:01:19,postgres,0
2023-07-22 17:01:19,explorer,0
2023-07-22 17:01:19,template1,0
2023-07-22 17:01:19,template0,0
2023-07-22 17:01:29,postgres,0
2023-07-22 17:01:29,explorer,0
2023-07-22 17:01:29,template1,0
2023-07-22 17:01:29,template0,0
2023-07-22 17:01:39,postgres,0
2023-07-22 17:01:39,explorer,0
2023-07-22 17:01:39,template1,0
2023-07-22 17:01:39,template0,0
2023-07-22 17:01:49,postgres,0
2023-07-22 17:01:49,explorer,0
2023-07-22 17:01:49,template1,0
2023-07-22 17:01:49,template0,0
2023-07-22 17:01:59,postgres,0
2023-07-22 17:01:59,explorer,0
2023-07-22 17:01:59,template1,0
2023-07-22 17:01:59,template0,0
2023-07-22 17:02:09,postgres,0
2023-07-22 17:02:09,explorer,0
2023-07-22 17:02:09,template1,0
2023-07-22 17:02:09,template0,0
2023-07-22 17:02:19,postgres,0
2023-07-22 17:02:19,explorer,0
2023-07-22 17:02:19,template1,0
2023-07-22 17:02:19,template0,0
2023-07-22 17:02:29,postgres,0
2023-07-22 17:02:29,explorer,0
2023-07-22 17:02:29,template1,0
2023-07-22 17:02:29,template0,0
2023-07-22 17:02:39,postgres,0
2023-07-22 17:02:39,explorer,0
2023-07-22 17:02:39,template1,0
2023-07-22 17:02:39,template0,0
2023-07-22 17:02:49,postgres,0
2023-07-22 17:02:49,explorer,0
2023-07-22 17:02:49,template1,0
2023-07-22 17:02:49,template0,0
2023-07-22 17:02:59,postgres,0
2023-07-22 17:02:59,explorer,0
2023-07-22 17:02:59,template1,0
2023-07-22 17:02:59,template0,0
2023-07-22 17:03:09,postgres,0
2023-07-22 17:03:09,explorer,0
2023-07-22 17:03:09,template1,0
2023-07-22 17:03:09,template0,0
2023-07-22 17:03:19,postgres,0
2023-07-22 17:03:19,explorer,0
2023-07-22 17:03:19,template1,0
2023-07-22 17:03:19,template0,0
2023-07-22 17:03:29,postgres,0
2023-07-22 17:03:29,explorer,0
2023-07-22 17:03:29,template1,0
2023-07-22 17:03:29,template0,0
2023-07-22 17:03:39,postgres,0
2023-07-22 17:03:39,explorer,0
2023-07-22 17:03:39,template1,0
2023-07-22 17:03:39,template0,0
2023-07-22 17:03:49,postgres,0
2023-07-22 17:03:49,explorer,0
2023-07-22 17:03:49,template1,0
2023-07-22 17:03:49,template0,0
2023-07-22 17:03:59,postgres,0
2023-07-22 17:03:59,explorer,0
2023-07-22 17:03:59,template1,0
2023-07-22 17:03:59,template0,0
2023-07-22 17:04:09,postgres,0
2023-07-22 17:04:09,explorer,0
2023-07-22 17:04:09,template1,0
2023-07-22 17:04:09,template0,0
2023-07-22 17:04:19,postgres,0
2023-07-22 17:04:19,explorer,0
2023-07-22 17:04:19,template1,0
2023-07-22 17:04:19,template0,0
2023-07-22 17:04:29,postgres,0
2023-07-22 17:04:29,explorer,0
2023-07-22 17:04:29,template1,0
2023-07-22 17:04:29,template0,0
2023-07-22 17:04:39,postgres,0
2023-07-22 17:04:39,explorer,0
2023-07-22 17:04:39,template1,0
2023-07-22 17:04:39,template0,0
2023-07-22 17:04:49,postgres,0
2023-07-22 17:04:49,explorer,0
2023-07-22 17:04:49,template1,0
2023-07-22 17:04:49,template0,0
2023-07-22 17:04:59,postgres,0
2023-07-22 17:04:59,explorer,0
2023-07-22 17:04:59,template1,0
2023-07-22 17:04:59,template0,0
2023-07-22 17:05:09,postgres,0
2023-07-22 17:05:09,explorer,0
2023-07-22 17:05:09,template1,0
2023-07-22 17:05:09,template0,0
2023-07-22 17:05:19,postgres,0
2023-07-22 17:05:19,explorer,0
2023-07-22 17:05:19,template1,0
2023-07-22 17:05:19,template0,0
2023-07-22 17:05:29,postgres,0
2023-07-22 17:05:29,explorer,0
2023-07-22 17:05:29,template1,0
2023-07-22 17:05:29,template0,0
2023-07-22 17:05:39,postgres,0
2023-07-22 17:05:39,explorer,0
2023-07-22 17:05:39,template1,0
2023-07-22 17:05:39,template0,0
2023-07-22 17:05:49,postgres,0
2023-07-22 17:05:49,explorer,0
2023-07-22 17:05:49,template1,0
2023-07-22 17:05:49,template0,0
2023-07-22 17:05:59,postgres,0
2023-07-22 17:05:59,explorer,0
2023-07-22 17:05:59,template1,0
2023-07-22 17:05:59,template0,0
2023-07-22 17:06:09,postgres,0
2023-07-22 17:06:09,explorer,0
2023-07-22 17:06:09,template1,0
2023-07-22 17:06:09,template0,0
2023-07-22 17:06:19,postgres,0
2023-07-22 17:06:19,explorer,0
2023-07-22 17:06:19,template1,0
2023-07-22 17:06:19,template0,0
2023-07-22 17:06:29,postgres,0
2023-07-22 17:06:29,explorer,0
2023-07-22 17:06:29,template1,0
2023-07-22 17:06:29,template0,0
2023-07-22 17:06:39,postgres,0
2023-07-22 17:06:39,explorer,0
2023-07-22 17:06:39,template1,0
2023-07-22 17:06:39,template0,0
2023-07-22 17:06:49,postgres,0
2023-07-22 17:06:49,explorer,0
2023-07-22 17:06:49,template1,0
2023-07-22 17:06:49,template0,0
2023-07-22 17:06:59,postgres,0
2023-07-22 17:06:59,explorer,0
2023-07-22 17:06:59,template1,0
2023-07-22 17:06:59,template0,0
2023-07-22 17:07:09,postgres,0
2023-07-22 17:07:09,explorer,0
2023-07-22 17:07:09,template1,0
2023-07-22 17:07:09,template0,0
2023-07-22 17:07:19,postgres,0
2023-07-22 17:07:19,explorer,0
2023-07-22 17:07:19,template1,0
2023-07-22 17:07:19,template0,0
2023-07-22 17:07:29,postgres,0
2023-07-22 17:07:29,explorer,0
2023-07-22 17:07:29,template1,0
2023-07-22 17:07:29,template0,0
2023-07-22 17:07:39,postgres,0
2023-07-22 17:07:39,explorer,0
2023-07-22 17:07:39,template1,0
2023-07-22 17:07:39,template0,0
2023-07-22 17:07:49,postgres,0
2023-07-22 17:07:49,explorer,0
2023-07-22 17:07:49,template1,0
2023-07-22 17:07:49,template0,0
2023-07-22 17:07:59,postgres,0
2023-07-22 17:07:59,explorer,0
2023-07-22 17:07:59,template1,0
2023-07-22 17:07:59,template0,0
2023-07-22 17:08:09,postgres,0
2023-07-22 17:08:09,explorer,0
2023-07-22 17:08:09,template1,0
2023-07-22 17:08:09,template0,0
2023-07-22 17:08:19,postgres,0
2023-07-22 17:08:19,explorer,0
2023-07-22 17:08:19,template1,0
2023-07-22 17:08:19,template0,0
2023-07-22 17:08:29,postgres,0
2023-07-22 17:08:29,explorer,0
2023-07-22 17:08:29,template1,0
2023-07-22 17:08:29,template0,0
2023-07-22 17:08:39,postgres,0
2023-07-22 17:08:39,explorer,0
2023-07-22 17:08:39,template1,0
2023-07-22 17:08:39,template0,0
2023-07-22 17:08:49,postgres,0
2023-07-22 17:08:49,explorer,0
2023-07-22 17:08:49,template1,0
2023-07-22 17:08:49,template0,0
2023-07-22 17:08:59,postgres,0
2023-07-22 17:08:59,explorer,0
2023-07-22 17:08:59,template1,0
2023-07-22 17:08:59,template0,0
2023-07-22 17:09:09,postgres,0
2023-07-22 17:09:09,explorer,0
2023-07-22 17:09:09,template1,0
2023-07-22 17:09:09,template0,0
2023-07-22 17:09:19,postgres,0
2023-07-22 17:09:19,explorer,0
2023-07-22 17:09:19,template1,0
2023-07-22 17:09:19,template0,0
2023-07-22 17:09:29,postgres,0
2023-07-22 17:09:29,explorer,0
2023-07-22 17:09:29,template1,0
2023-07-22 17:09:29,template0,0
2023-07-22 17:09:39,postgres,0
2023-07-22 17:09:39,explorer,0
2023-07-22 17:09:39,template1,0
2023-07-22 17:09:39,template0,0
2023-07-22 17:09:49,postgres,0
2023-07-22 17:09:49,explorer,0
2023-07-22 17:09:49,template1,0
2023-07-22 17:09:49,template0,0
2023-07-22 17:09:59,postgres,0
2023-07-22 17:09:59,explorer,0
2023-07-22 17:09:59,template1,0
2023-07-22 17:09:59,template0,0
2023-07-22 17:10:09,postgres,0
2023-07-22 17:10:09,explorer,0
2023-07-22 17:10:09,template1,0
2023-07-22 17:10:09,template0,0
2023-07-22 17:10:19,postgres,0
2023-07-22 17:10:19,explorer,0
2023-07-22 17:10:19,template1,0
2023-07-22 17:10:19,template0,0
2023-07-22 17:10:29,postgres,0
2023-07-22 17:10:29,explorer,0
2023-07-22 17:10:29,template1,0
2023-07-22 17:10:29,template0,0
2023-07-22 17:10:39,postgres,0
2023-07-22 17:10:39,explorer,0
2023-07-22 17:10:39,template1,0
2023-07-22 17:10:39,template0,0
2023-07-22 17:10:49,postgres,0
2023-07-22 17:10:49,explorer,0
2023-07-22 17:10:49,template1,0
2023-07-22 17:10:49,template0,0
2023-07-22 17:10:59,postgres,0
2023-07-22 17:10:59,explorer,0
2023-07-22 17:10:59,template1,0
2023-07-22 17:10:59,template0,0
2023-07-22 17:11:09,postgres,0
2023-07-22 17:11:09,explorer,0
2023-07-22 17:11:09,template1,0
2023-07-22 17:11:09,template0,0
2023-07-22 17:11:19,postgres,0
2023-07-22 17:11:19,explorer,0
2023-07-22 17:11:19,template1,0
2023-07-22 17:11:19,template0,0
2023-07-22 17:11:29,postgres,0
2023-07-22 17:11:29,explorer,0
2023-07-22 17:11:29,template1,0
2023-07-22 17:11:29,template0,0
2023-07-22 17:11:39,postgres,0
2023-07-22 17:11:39,explorer,0
2023-07-22 17:11:39,template1,0
2023-07-22 17:11:39,template0,0
2023-07-22 17:11:49,postgres,0
2023-07-22 17:11:49,explorer,0
2023-07-22 17:11:49,template1,0
2023-07-22 17:11:49,template0,0
2023-07-22 17:11:59,postgres,0
2023-07-22 17:11:59,explorer,0
2023-07-22 17:11:59,template1,0
2023-07-22 17:11:59,template0,0
2023-07-22 17:12:09,postgres,0
2023-07-22 17:12:09,explorer,0
2023-07-22 17:12:09,template1,0
2023-07-22 17:12:09,template0,0
2023-07-22 17:12:19,postgres,0
2023-07-22 17:12:19,explorer,0
2023-07-22 17:12:19,template1,0
2023-07-22 17:12:19,template0,0
2023-07-22 17:12:29,postgres,0
2023-07-22 17:12:29,explorer,0
2023-07-22 17:12:29,template1,0
2023-07-22 17:12:29,template0,0
2023-07-22 17:12:39,postgres,0
2023-07-22 17:12:39,explorer,0
2023-07-22 17:12:39,template1,0
2023-07-22 17:12:39,template0,0
2023-07-22 17:12:49,postgres,0
2023-07-22 17:12:49,explorer,0
2023-07-22 17:12:49,template1,0
2023-07-22 17:12:49,template0,0
2023-07-22 17:12:59,postgres,0
2023-07-22 17:12:59,explorer,0
2023-07-22 17:12:59,template1,0
2023-07-22 17:12:59,template0,0
2023-07-22 17:13:09,postgres,0
2023-07-22 17:13:09,explorer,0
2023-07-22 17:13:09,template1,0
2023-07-22 17:13:09,template0,0
2023-07-22 17:13:19,postgres,0
2023-07-22 17:13:19,explorer,0
2023-07-22 17:13:19,template1,0
2023-07-22 17:13:19,template0,0
2023-07-22 17:13:29,postgres,0
2023-07-22 17:13:29,explorer,0
2023-07-22 17:13:29,template1,0
2023-07-22 17:13:29,template0,0
2023-07-22 17:13:39,postgres,0
2023-07-22 17:13:39,explorer,0
2023-07-22 17:13:39,template1,0
2023-07-22 17:13:39,template0,0
2023-07-22 17:13:49,postgres,0
2023-07-22 17:13:49,explorer,0
2023-07-22 17:13:49,template1,0
2023-07-22 17:13:49,template0,0
2023-07-22 17:13:59,postgres,0
2023-07-22 17:13:59,explorer,0
2023-07-22 17:13:59,template1,0
2023-07-22 17:13:59,template0,0
2023-07-22 17:14:09,postgres,0
2023-07-22 17:14:09,explorer,0
2023-07-22 17:14:09,template1,0
2023-07-22 17:14:09,template0,0
2023-07-22 17:14:19,postgres,0
2023-07-22 17:14:19,explorer,0
2023-07-22 17:14:19,template1,0
2023-07-22 17:14:19,template0,0
2023-07-22 17:14:29,postgres,0
2023-07-22 17:14:29,explorer,0
2023-07-22 17:14:29,template1,0
2023-07-22 17:14:29,template0,0
2023-07-22 17:14:39,postgres,0
2023-07-22 17:14:39,explorer,0
2023-07-22 17:14:39,template1,0
2023-07-22 17:14:39,template0,0
2023-07-22 17:14:49,postgres,0
2023-07-22 17:14:49,explorer,0
2023-07-22 17:14:49,template1,0
2023-07-22 17:14:49,template0,0
2023-07-22 17:14:59,postgres,0
2023-07-22 17:14:59,explorer,0
2023-07-22 17:14:59,template1,0
2023-07-22 17:14:59,template0,0
2023-07-22 17:15:09,postgres,0
2023-07-22 17:15:09,explorer,0
2023-07-22 17:15:09,template1,0
2023-07-22 17:15:09,template0,0
2023-07-22 17:15:19,postgres,0
2023-07-22 17:15:19,explorer,0
2023-07-22 17:15:19,template1,0
2023-07-22 17:15:19,template0,0
2023-07-22 17:15:29,postgres,0
2023-07-22 17:15:29,explorer,0
2023-07-22 17:15:29,template1,0
2023-07-22 17:15:29,template0,0
2023-07-22 17:15:39,postgres,0
2023-07-22 17:15:39,explorer,0
2023-07-22 17:15:39,template1,0
2023-07-22 17:15:39,template0,0
2023-07-22 17:15:49,postgres,0
2023-07-22 17:15:49,explorer,0
2023-07-22 17:15:49,template1,0
2023-07-22 17:15:49,template0,0
2023-07-22 17:15:59,postgres,0
2023-07-22 17:15:59,explorer,0
2023-07-22 17:15:59,template1,0
2023-07-22 17:15:59,template0,0
2023-07-22 17:16:09,postgres,0
2023-07-22 17:16:09,explorer,0
2023-07-22 17:16:09,template1,0
2023-07-22 17:16:09,template0,0
2023-07-22 17:16:19,postgres,0
2023-07-22 17:16:19,explorer,0
2023-07-22 17:16:19,template1,0
2023-07-22 17:16:19,template0,0
2023-07-22 17:16:29,postgres,0
2023-07-22 17:16:29,explorer,0
2023-07-22 17:16:29,template1,0
2023-07-22 17:16:29,template0,0
2023-07-22 17:16:39,postgres,0
2023-07-22 17:16:39,explorer,0
2023-07-22 17:16:39,template1,0
2023-07-22 17:16:39,template0,0
2023-07-22 17:16:49,postgres,0
2023-07-22 17:16:49,explorer,0
2023-07-22 17:16:49,template1,0
2023-07-22 17:16:49,template0,0
2023-07-22 17:16:59,postgres,0
2023-07-22 17:16:59,explorer,0
2023-07-22 17:16:59,template1,0
2023-07-22 17:16:59,template0,0
2023-07-22 17:17:09,postgres,0
2023-07-22 17:17:09,explorer,0
2023-07-22 17:17:09,template1,0
2023-07-22 17:17:09,template0,0
2023-07-22 17:17:19,postgres,0
2023-07-22 17:17:19,explorer,0
2023-07-22 17:17:19,template1,0
2023-07-22 17:17:19,template0,0
2023-07-22 17:17:29,postgres,0
2023-07-22 17:17:29,explorer,0
2023-07-22 17:17:29,template1,0
2023-07-22 17:17:29,template0,0
2023-07-22 17:17:39,postgres,0
2023-07-22 17:17:39,explorer,0
2023-07-22 17:17:39,template1,0
2023-07-22 17:17:39,template0,0
2023-07-22 17:17:49,postgres,0
2023-07-22 17:17:49,explorer,0
2023-07-22 17:17:49,template1,0
2023-07-22 17:17:49,template0,0
2023-07-22 17:17:59,postgres,0
2023-07-22 17:17:59,explorer,0
2023-07-22 17:17:59,template1,0
2023-07-22 17:17:59,template0,0
2023-07-22 17:18:09,postgres,0
2023-07-22 17:18:09,explorer,0
2023-07-22 17:18:09,template1,0
2023-07-22 17:18:09,template0,0
2023-07-22 17:18:19,postgres,0
2023-07-22 17:18:19,explorer,0
2023-07-22 17:18:19,template1,0
2023-07-22 17:18:19,template0,0
2023-07-22 17:18:29,postgres,0
2023-07-22 17:18:29,explorer,0
2023-07-22 17:18:29,template1,0
2023-07-22 17:18:29,template0,0
2023-07-22 17:18:39,postgres,0
2023-07-22 17:18:39,explorer,0
2023-07-22 17:18:39,template1,0
2023-07-22 17:18:39,template0,0
2023-07-22 17:18:49,postgres,0
2023-07-22 17:18:49,explorer,0
2023-07-22 17:18:49,template1,0
2023-07-22 17:18:49,template0,0
2023-07-22 17:18:59,postgres,0
2023-07-22 17:18:59,explorer,0
2023-07-22 17:18:59,template1,0
2023-07-22 17:18:59,template0,0
2023-07-22 17:19:09,postgres,0
2023-07-22 17:19:09,explorer,0
2023-07-22 17:19:09,template1,0
2023-07-22 17:19:09,template0,0
2023-07-22 17:19:19,postgres,0
2023-07-22 17:19:19,explorer,0
2023-07-22 17:19:19,template1,0
2023-07-22 17:19:19,template0,0
2023-07-22 17:19:29,postgres,0
2023-07-22 17:19:29,explorer,0
2023-07-22 17:19:29,template1,0
2023-07-22 17:19:29,template0,0
2023-07-22 17:19:39,postgres,0
2023-07-22 17:19:39,explorer,0
2023-07-22 17:19:39,template1,0
2023-07-22 17:19:39,template0,0
2023-07-22 17:19:49,postgres,0
2023-07-22 17:19:49,explorer,0
2023-07-22 17:19:49,template1,0
2023-07-22 17:19:49,template0,0
2023-07-22 17:19:59,postgres,0
2023-07-22 17:19:59,explorer,0
2023-07-22 17:19:59,template1,0
2023-07-22 17:19:59,template0,0
2023-07-22 17:20:09,postgres,0
2023-07-22 17:20:09,explorer,0
2023-07-22 17:20:09,template1,0
2023-07-22 17:20:09,template0,0
2023-07-22 17:20:19,postgres,0
2023-07-22 17:20:19,explorer,0
2023-07-22 17:20:19,template1,0
2023-07-22 17:20:19,template0,0
2023-07-22 17:20:29,postgres,0
2023-07-22 17:20:29,explorer,0
2023-07-22 17:20:29,template1,0
2023-07-22 17:20:29,template0,0
2023-07-22 17:20:39,postgres,0
2023-07-22 17:20:39,explorer,0
2023-07-22 17:20:39,template1,0
2023-07-22 17:20:39,template0,0
2023-07-22 17:20:49,postgres,0
2023-07-22 17:20:49,explorer,0
2023-07-22 17:20:49,template1,0
2023-07-22 17:20:49,template0,0
2023-07-22 17:20:59,postgres,0
2023-07-22 17:20:59,explorer,0
2023-07-22 17:20:59,template1,0
2023-07-22 17:20:59,template0,0
2023-07-22 17:21:09,postgres,0
2023-07-22 17:21:09,explorer,0
2023-07-22 17:21:09,template1,0
2023-07-22 17:21:09,template0,0
2023-07-22 17:21:19,postgres,0
2023-07-22 17:21:19,explorer,0
2023-07-22 17:21:19,template1,0
2023-07-22 17:21:19,template0,0
2023-07-22 17:21:29,postgres,0
2023-07-22 17:21:29,explorer,0
2023-07-22 17:21:29,template1,0
2023-07-22 17:21:29,template0,0
2023-07-22 17:21:39,postgres,0
2023-07-22 17:21:39,explorer,0
2023-07-22 17:21:39,template1,0
2023-07-22 17:21:39,template0,0
2023-07-22 17:21:49,postgres,0
2023-07-22 17:21:49,explorer,0
2023-07-22 17:21:49,template1,0
2023-07-22 17:21:49,template0,0
2023-07-22 17:21:59,postgres,0
2023-07-22 17:21:59,explorer,0
2023-07-22 17:21:59,template1,0
2023-07-22 17:21:59,template0,0
2023-07-22 17:22:09,postgres,0
2023-07-22 17:22:09,explorer,0
2023-07-22 17:22:09,template1,0
2023-07-22 17:22:09,template0,0
2023-07-22 17:22:19,postgres,0
2023-07-22 17:22:19,explorer,0
2023-07-22 17:22:19,template1,0
2023-07-22 17:22:19,template0,0
2023-07-22 17:22:29,postgres,0
2023-07-22 17:22:29,explorer,0
2023-07-22 17:22:29,template1,0
2023-07-22 17:22:29,template0,0
2023-07-22 17:22:39,postgres,0
2023-07-22 17:22:39,explorer,0
2023-07-22 17:22:39,template1,0
2023-07-22 17:22:39,template0,0
2023-07-22 17:22:49,postgres,0
2023-07-22 17:22:49,explorer,0
2023-07-22 17:22:49,template1,0
2023-07-22 17:22:49,template0,0
2023-07-22 17:22:59,postgres,0
2023-07-22 17:22:59,explorer,0
2023-07-22 17:22:59,template1,0
2023-07-22 17:22:59,template0,0
2023-07-22 17:23:09,postgres,0
2023-07-22 17:23:09,explorer,0
2023-07-22 17:23:09,template1,0
2023-07-22 17:23:09,template0,0
2023-07-22 17:23:19,postgres,0
2023-07-22 17:23:19,explorer,0
2023-07-22 17:23:19,template1,0
2023-07-22 17:23:19,template0,0
2023-07-22 17:23:29,postgres,0
2023-07-22 17:23:29,explorer,0
2023-07-22 17:23:29,template1,0
2023-07-22 17:23:29,template0,0
2023-07-22 17:23:39,postgres,0
2023-07-22 17:23:39,explorer,0
2023-07-22 17:23:39,template1,0
2023-07-22 17:23:39,template0,0
2023-07-22 17:23:49,postgres,0
2023-07-22 17:23:49,explorer,0
2023-07-22 17:23:49,template1,0
2023-07-22 17:23:49,template0,0
2023-07-22 17:23:59,postgres,0
2023-07-22 17:23:59,explorer,0
2023-07-22 17:23:59,template1,0
2023-07-22 17:23:59,template0,0
2023-07-22 17:24:09,postgres,0
2023-07-22 17:24:09,explorer,0
2023-07-22 17:24:09,template1,0
2023-07-22 17:24:09,template0,0
2023-07-22 17:24:19,postgres,0
2023-07-22 17:24:19,explorer,0
2023-07-22 17:24:19,template1,0
2023-07-22 17:24:19,template0,0
2023-07-22 17:24:29,postgres,0
2023-07-22 17:24:29,explorer,0
2023-07-22 17:24:29,template1,0
2023-07-22 17:24:29,template0,0
2023-07-22 17:24:39,postgres,0
2023-07-22 17:24:39,explorer,0
2023-07-22 17:24:39,template1,0
2023-07-22 17:24:39,template0,0
2023-07-22 17:24:49,postgres,0
2023-07-22 17:24:49,explorer,0
2023-07-22 17:24:49,template1,0
2023-07-22 17:24:49,template0,0
2023-07-22 17:24:59,postgres,0
2023-07-22 17:24:59,explorer,0
2023-07-22 17:24:59,template1,0
2023-07-22 17:24:59,template0,0
2023-07-22 17:25:09,postgres,0
2023-07-22 17:25:09,explorer,0
2023-07-22 17:25:09,template1,0
2023-07-22 17:25:09,template0,0
2023-07-22 17:25:19,postgres,0
2023-07-22 17:25:19,explorer,0
2023-07-22 17:25:19,template1,0
2023-07-22 17:25:19,template0,0
2023-07-22 17:25:29,postgres,0
2023-07-22 17:25:29,explorer,0
2023-07-22 17:25:29,template1,0
2023-07-22 17:25:29,template0,0
2023-07-22 17:25:39,postgres,0
2023-07-22 17:25:39,explorer,0
2023-07-22 17:25:39,template1,0
2023-07-22 17:25:39,template0,0
2023-07-22 17:25:49,postgres,0
2023-07-22 17:25:49,explorer,0
2023-07-22 17:25:49,template1,0
2023-07-22 17:25:49,template0,0
2023-07-22 17:25:59,postgres,0
2023-07-22 17:25:59,explorer,0
2023-07-22 17:25:59,template1,0
2023-07-22 17:25:59,template0,0
2023-07-22 17:26:09,postgres,0
2023-07-22 17:26:09,explorer,0
2023-07-22 17:26:09,template1,0
2023-07-22 17:26:09,template0,0
2023-07-22 17:26:19,postgres,0
2023-07-22 17:26:19,explorer,0
2023-07-22 17:26:19,template1,0
2023-07-22 17:26:19,template0,0
2023-07-22 17:26:29,postgres,0
2023-07-22 17:26:29,explorer,0
2023-07-22 17:26:29,template1,0
2023-07-22 17:26:29,template0,0
2023-07-22 17:26:39,postgres,0
2023-07-22 17:26:39,explorer,0
2023-07-22 17:26:39,template1,0
2023-07-22 17:26:39,template0,0
2023-07-22 17:26:49,postgres,0
2023-07-22 17:26:49,explorer,0
2023-07-22 17:26:49,template1,0
2023-07-22 17:26:49,template0,0
2023-07-22 17:26:59,postgres,0
2023-07-22 17:26:59,explorer,0
2023-07-22 17:26:59,template1,0
2023-07-22 17:26:59,template0,0
2023-07-22 17:27:09,postgres,0
2023-07-22 17:27:09,explorer,0
2023-07-22 17:27:09,template1,0
2023-07-22 17:27:09,template0,0
2023-07-22 17:27:19,postgres,0
2023-07-22 17:27:19,explorer,0
2023-07-22 17:27:19,template1,0
2023-07-22 17:27:19,template0,0
2023-07-22 17:27:29,postgres,0
2023-07-22 17:27:29,explorer,0
2023-07-22 17:27:29,template1,0
2023-07-22 17:27:29,template0,0
2023-07-22 17:27:39,postgres,0
2023-07-22 17:27:39,explorer,0
2023-07-22 17:27:39,template1,0
2023-07-22 17:27:39,template0,0
2023-07-22 17:27:49,postgres,0
2023-07-22 17:27:49,explorer,0
2023-07-22 17:27:49,template1,0
2023-07-22 17:27:49,template0,0
2023-07-22 17:27:59,postgres,0
2023-07-22 17:27:59,explorer,0
2023-07-22 17:27:59,template1,0
2023-07-22 17:27:59,template0,0
2023-07-22 17:28:09,postgres,0
2023-07-22 17:28:09,explorer,0
2023-07-22 17:28:09,template1,0
2023-07-22 17:28:09,template0,0
2023-07-22 17:28:19,postgres,0
2023-07-22 17:28:19,explorer,0
2023-07-22 17:28:19,template1,0
2023-07-22 17:28:19,template0,0
2023-07-22 17:28:29,postgres,0
2023-07-22 17:28:29,explorer,0
2023-07-22 17:28:29,template1,0
2023-07-22 17:28:29,template0,0
2023-07-22 18:53:43,postgres,0
2023-07-22 18:53:43,explorer,0
2023-07-22 18:53:43,template1,0
2023-07-22 18:53:43,template0,0
2023-07-22 18:53:53,postgres,0
2023-07-22 18:53:53,explorer,0
2023-07-22 18:53:53,template1,0
2023-07-22 18:53:53,template0,0
2023-07-22 18:54:03,postgres,0
2023-07-22 18:54:03,explorer,0
2023-07-22 18:54:03,template1,0
2023-07-22 18:54:03,template0,0
2023-07-22 18:54:13,postgres,0
2023-07-22 18:54:13,explorer,0
2023-07-22 18:54:13,template1,0
2023-07-22 18:54:13,template0,0
2023-07-22 18:54:23,postgres,0
2023-07-22 18:54:23,explorer,0
2023-07-22 18:54:23,template1,0
2023-07-22 18:54:23,template0,0
2023-07-22 18:54:33,postgres,0
2023-07-22 18:54:33,explorer,0
2023-07-22 18:54:33,template1,0
2023-07-22 18:54:33,template0,0
2023-07-22 18:54:43,postgres,0
2023-07-22 18:54:43,explorer,0
2023-07-22 18:54:43,template1,0
2023-07-22 18:54:43,template0,0
2023-07-22 18:54:53,postgres,0
2023-07-22 18:54:53,explorer,0
2023-07-22 18:54:53,template1,0
2023-07-22 18:54:53,template0,0
2023-07-22 18:55:03,postgres,0
2023-07-22 18:55:03,explorer,0
2023-07-22 18:55:03,template1,0
2023-07-22 18:55:03,template0,0
2023-07-22 18:55:13,postgres,0
2023-07-22 18:55:13,explorer,0
2023-07-22 18:55:13,template1,0
2023-07-22 18:55:13,template0,0
2023-07-22 18:55:23,postgres,0
2023-07-22 18:55:23,explorer,0
2023-07-22 18:55:23,template1,0
2023-07-22 18:55:23,template0,0
2023-07-22 18:55:33,postgres,0
2023-07-22 18:55:33,explorer,0
2023-07-22 18:55:33,template1,0
2023-07-22 18:55:33,template0,0
2023-07-22 18:55:43,postgres,0
2023-07-22 18:55:43,explorer,0
2023-07-22 18:55:43,template1,0
2023-07-22 18:55:43,template0,0
2023-07-22 18:55:53,postgres,0
2023-07-22 18:55:53,explorer,0
2023-07-22 18:55:53,template1,0
2023-07-22 18:55:53,template0,0
2023-07-22 18:56:03,postgres,0
2023-07-22 18:56:03,explorer,0
2023-07-22 18:56:03,template1,0
2023-07-22 18:56:03,template0,0
2023-07-22 18:56:13,postgres,0
2023-07-22 18:56:13,explorer,0
2023-07-22 18:56:13,template1,0
2023-07-22 18:56:13,template0,0
2023-07-22 18:56:23,postgres,0
2023-07-22 18:56:23,explorer,0
2023-07-22 18:56:23,template1,0
2023-07-22 18:56:23,template0,0
2023-07-22 18:56:33,postgres,0
2023-07-22 18:56:33,explorer,0
2023-07-22 18:56:33,template1,0
2023-07-22 18:56:33,template0,0
2023-07-22 18:56:43,postgres,0
2023-07-22 18:56:43,explorer,0
2023-07-22 18:56:43,template1,0
2023-07-22 18:56:43,template0,0
2023-07-22 18:56:53,postgres,0
2023-07-22 18:56:53,explorer,0
2023-07-22 18:56:53,template1,0
2023-07-22 18:56:53,template0,0
2023-07-22 18:57:03,postgres,0
2023-07-22 18:57:03,explorer,0
2023-07-22 18:57:03,template1,0
2023-07-22 18:57:03,template0,0
2023-07-22 18:57:13,postgres,0
2023-07-22 18:57:13,explorer,0
2023-07-22 18:57:13,template1,0
2023-07-22 18:57:13,template0,0
2023-07-22 18:57:23,postgres,0
2023-07-22 18:57:23,explorer,0
2023-07-22 18:57:23,template1,0
2023-07-22 18:57:23,template0,0
2023-07-22 18:57:33,postgres,0
2023-07-22 18:57:33,explorer,0
2023-07-22 18:57:33,template1,0
2023-07-22 18:57:33,template0,0
2023-07-22 18:57:43,postgres,0
2023-07-22 18:57:43,explorer,0
2023-07-22 18:57:43,template1,0
2023-07-22 18:57:43,template0,0
2023-07-22 18:57:53,postgres,0
2023-07-22 18:57:53,explorer,0
2023-07-22 18:57:53,template1,0
2023-07-22 18:57:53,template0,0
2023-07-22 18:58:03,postgres,0
2023-07-22 18:58:03,explorer,0
2023-07-22 18:58:03,template1,0
2023-07-22 18:58:03,template0,0
2023-07-22 18:58:13,postgres,0
2023-07-22 18:58:13,explorer,0
2023-07-22 18:58:13,template1,0
2023-07-22 18:58:13,template0,0
2023-07-22 18:58:23,postgres,0
2023-07-22 18:58:23,explorer,0
2023-07-22 18:58:23,template1,0
2023-07-22 18:58:23,template0,0
2023-07-22 18:58:33,postgres,0
2023-07-22 18:58:33,explorer,0
2023-07-22 18:58:33,template1,0
2023-07-22 18:58:33,template0,0
2023-07-22 18:58:43,postgres,0
2023-07-22 18:58:43,explorer,0
2023-07-22 18:58:43,template1,0
2023-07-22 18:58:43,template0,0
2023-07-22 19:02:57,postgres,0
2023-07-22 19:02:57,explorer,0
2023-07-22 19:02:57,template1,0
2023-07-22 19:02:57,template0,0
2023-07-22 19:03:06,postgres,0
2023-07-22 19:03:06,explorer,0
2023-07-22 19:03:06,template1,0
2023-07-22 19:03:06,template0,0
2023-07-22 19:03:16,postgres,0
2023-07-22 19:03:16,explorer,0
2023-07-22 19:03:16,template1,0
2023-07-22 19:03:16,template0,0
2023-07-22 19:03:26,postgres,0
2023-07-22 19:03:26,explorer,0
2023-07-22 19:03:26,template1,0
2023-07-22 19:03:26,template0,0
2023-07-22 19:03:36,postgres,0
2023-07-22 19:03:36,explorer,0
2023-07-22 19:03:36,template1,0
2023-07-22 19:03:36,template0,0
2023-07-22 19:03:46,postgres,0
2023-07-22 19:03:46,explorer,0
2023-07-22 19:03:46,template1,0
2023-07-22 19:03:46,template0,0
2023-07-22 19:03:56,postgres,0
2023-07-22 19:03:56,explorer,0
2023-07-22 19:03:56,template1,0
2023-07-22 19:03:56,template0,0
2023-07-22 19:04:06,postgres,0
2023-07-22 19:04:06,explorer,0
2023-07-22 19:04:06,template1,0
2023-07-22 19:04:06,template0,0
2023-07-22 19:04:16,postgres,0
2023-07-22 19:04:16,explorer,0
2023-07-22 19:04:16,template1,0
2023-07-22 19:04:16,template0,0
2023-07-22 19:04:26,postgres,0
2023-07-22 19:04:26,explorer,0
2023-07-22 19:04:26,template1,0
2023-07-22 19:04:26,template0,0
2023-07-22 19:04:36,postgres,0
2023-07-22 19:04:36,explorer,0
2023-07-22 19:04:36,template1,0
2023-07-22 19:04:36,template0,0
2023-07-22 19:04:46,postgres,0
2023-07-22 19:04:46,explorer,0
2023-07-22 19:04:46,template1,0
2023-07-22 19:04:46,template0,0
2023-07-22 19:04:56,postgres,0
2023-07-22 19:04:56,explorer,0
2023-07-22 19:04:56,template1,0
2023-07-22 19:04:56,template0,0
2023-07-22 19:05:06,postgres,0
2023-07-22 19:05:06,explorer,0
2023-07-22 19:05:06,template1,0
2023-07-22 19:05:06,template0,0
2023-07-22 19:05:16,postgres,0
2023-07-22 19:05:16,explorer,0
2023-07-22 19:05:16,template1,0
2023-07-22 19:05:16,template0,0
2023-07-22 19:05:26,postgres,0
2023-07-22 19:05:26,explorer,0
2023-07-22 19:05:26,template1,0
2023-07-22 19:05:26,template0,0
2023-07-22 19:05:36,postgres,0
2023-07-22 19:05:36,explorer,0
2023-07-22 19:05:36,template1,0
2023-07-22 19:05:36,template0,0
2023-07-22 19:05:46,postgres,0
2023-07-22 19:05:46,explorer,0
2023-07-22 19:05:46,template1,0
2023-07-22 19:05:46,template0,0
2023-07-22 19:05:56,postgres,0
2023-07-22 19:05:56,explorer,0
2023-07-22 19:05:56,template1,0
2023-07-22 19:05:56,template0,0
2023-07-22 19:06:06,postgres,0
2023-07-22 19:06:06,explorer,0
2023-07-22 19:06:06,template1,0
2023-07-22 19:06:06,template0,0
2023-07-22 19:06:16,postgres,0
2023-07-22 19:06:16,explorer,0
2023-07-22 19:06:16,template1,0
2023-07-22 19:06:16,template0,0
2023-07-22 19:06:26,postgres,0
2023-07-22 19:06:26,explorer,0
2023-07-22 19:06:26,template1,0
2023-07-22 19:06:26,template0,0
2023-07-22 19:06:36,postgres,0
2023-07-22 19:06:36,explorer,0
2023-07-22 19:06:36,template1,0
2023-07-22 19:06:36,template0,0
2023-07-22 19:06:46,postgres,0
2023-07-22 19:06:46,explorer,0
2023-07-22 19:06:46,template1,0
2023-07-22 19:06:46,template0,0
2023-07-22 19:06:56,postgres,0
2023-07-22 19:06:56,explorer,0
2023-07-22 19:06:56,template1,0
2023-07-22 19:06:56,template0,0
2023-07-22 19:07:06,postgres,0
2023-07-22 19:07:06,explorer,0
2023-07-22 19:07:06,template1,0
2023-07-22 19:07:06,template0,0
2023-07-22 19:07:16,postgres,0
2023-07-22 19:07:16,explorer,0
2023-07-22 19:07:16,template1,0
2023-07-22 19:07:16,template0,0
2023-07-22 19:07:26,postgres,0
2023-07-22 19:07:26,explorer,0
2023-07-22 19:07:26,template1,0
2023-07-22 19:07:26,template0,0
2023-07-22 19:07:36,postgres,0
2023-07-22 19:07:36,explorer,0
2023-07-22 19:07:36,template1,0
2023-07-22 19:07:36,template0,0
2023-07-22 19:07:46,postgres,0
2023-07-22 19:07:46,explorer,0
2023-07-22 19:07:46,template1,0
2023-07-22 19:07:46,template0,0
2023-07-22 19:07:56,postgres,0
2023-07-22 19:07:56,explorer,0
2023-07-22 19:07:56,template1,0
2023-07-22 19:07:56,template0,0
2023-07-22 19:08:06,postgres,0
2023-07-22 19:08:06,explorer,0
2023-07-22 19:08:06,template1,0
2023-07-22 19:08:06,template0,0
2023-07-22 19:08:16,postgres,0
2023-07-22 19:08:16,explorer,0
2023-07-22 19:08:16,template1,0
2023-07-22 19:08:16,template0,0
2023-07-22 19:08:26,postgres,0
2023-07-22 19:08:26,explorer,0
2023-07-22 19:08:26,template1,0
2023-07-22 19:08:26,template0,0
2023-07-22 19:08:36,postgres,0
2023-07-22 19:08:36,explorer,0
2023-07-22 19:08:36,template1,0
2023-07-22 19:08:36,template0,0
2023-07-22 19:12:19,postgres,0
2023-07-22 19:12:19,explorer,0
2023-07-22 19:12:19,template1,0
2023-07-22 19:12:19,template0,0
2023-07-22 19:12:29,postgres,0
2023-07-22 19:12:29,explorer,0
2023-07-22 19:12:29,template1,0
2023-07-22 19:12:29,template0,0
2023-07-22 19:12:39,postgres,0
2023-07-22 19:12:39,explorer,0
2023-07-22 19:12:39,template1,0
2023-07-22 19:12:39,template0,0
2023-07-22 19:12:49,postgres,0
2023-07-22 19:12:49,explorer,0
2023-07-22 19:12:49,template1,0
2023-07-22 19:12:49,template0,0
2023-07-22 19:12:59,postgres,0
2023-07-22 19:12:59,explorer,0
2023-07-22 19:12:59,template1,0
2023-07-22 19:12:59,template0,0
2023-07-22 19:13:09,postgres,0
2023-07-22 19:13:09,explorer,0
2023-07-22 19:13:09,template1,0
2023-07-22 19:13:09,template0,0
2023-07-22 19:13:19,postgres,0
2023-07-22 19:13:19,explorer,0
2023-07-22 19:13:19,template1,0
2023-07-22 19:13:19,template0,0
2023-07-22 19:13:29,postgres,0
2023-07-22 19:13:29,explorer,0
2023-07-22 19:13:29,template1,0
2023-07-22 19:13:29,template0,0
2023-07-22 19:13:39,postgres,0
2023-07-22 19:13:39,explorer,0
2023-07-22 19:13:39,template1,0
2023-07-22 19:13:39,template0,0
2023-07-22 19:13:49,postgres,0
2023-07-22 19:13:49,explorer,0
2023-07-22 19:13:49,template1,0
2023-07-22 19:13:49,template0,0
2023-07-22 19:13:59,postgres,0
2023-07-22 19:13:59,explorer,0
2023-07-22 19:13:59,template1,0
2023-07-22 19:13:59,template0,0
2023-07-22 19:14:09,postgres,0
2023-07-22 19:14:09,explorer,0
2023-07-22 19:14:09,template1,0
2023-07-22 19:14:09,template0,0
2023-07-22 19:14:19,postgres,0
2023-07-22 19:14:19,explorer,0
2023-07-22 19:14:19,template1,0
2023-07-22 19:14:19,template0,0
2023-07-22 19:14:29,postgres,0
2023-07-22 19:14:29,explorer,0
2023-07-22 19:14:29,template1,0
2023-07-22 19:14:29,template0,0
2023-07-22 19:14:39,postgres,0
2023-07-22 19:14:39,explorer,0
2023-07-22 19:14:39,template1,0
2023-07-22 19:14:39,template0,0
2023-07-22 19:14:49,postgres,0
2023-07-22 19:14:49,explorer,0
2023-07-22 19:14:49,template1,0
2023-07-22 19:14:49,template0,0
2023-07-22 19:14:59,postgres,0
2023-07-22 19:14:59,explorer,0
2023-07-22 19:14:59,template1,0
2023-07-22 19:14:59,template0,0
2023-07-22 19:15:09,postgres,0
2023-07-22 19:15:09,explorer,0
2023-07-22 19:15:09,template1,0
2023-07-22 19:15:09,template0,0
2023-07-22 19:15:19,postgres,0
2023-07-22 19:15:19,explorer,0
2023-07-22 19:15:19,template1,0
2023-07-22 19:15:19,template0,0
2023-07-22 19:15:29,postgres,0
2023-07-22 19:15:29,explorer,0
2023-07-22 19:15:29,template1,0
2023-07-22 19:15:29,template0,0
2023-07-22 19:15:39,postgres,0
2023-07-22 19:15:39,explorer,0
2023-07-22 19:15:39,template1,0
2023-07-22 19:15:39,template0,0
2023-07-22 19:15:49,postgres,0
2023-07-22 19:15:49,explorer,0
2023-07-22 19:15:49,template1,0
2023-07-22 19:15:49,template0,0
2023-07-22 19:15:59,postgres,0
2023-07-22 19:15:59,explorer,0
2023-07-22 19:15:59,template1,0
2023-07-22 19:15:59,template0,0
2023-07-22 19:16:09,postgres,0
2023-07-22 19:16:09,explorer,0
2023-07-22 19:16:09,template1,0
2023-07-22 19:16:09,template0,0
2023-07-22 19:16:19,postgres,0
2023-07-22 19:16:19,explorer,0
2023-07-22 19:16:19,template1,0
2023-07-22 19:16:19,template0,0
2023-07-22 19:16:29,postgres,0
2023-07-22 19:16:29,explorer,0
2023-07-22 19:16:29,template1,0
2023-07-22 19:16:29,template0,0
2023-07-22 19:16:39,postgres,0
2023-07-22 19:16:39,explorer,0
2023-07-22 19:16:39,template1,0
2023-07-22 19:16:39,template0,0
2023-07-22 19:16:49,postgres,0
2023-07-22 19:16:49,explorer,0
2023-07-22 19:16:49,template1,0
2023-07-22 19:16:49,template0,0
2023-07-22 19:16:59,postgres,0
2023-07-22 19:16:59,explorer,0
2023-07-22 19:16:59,template1,0
2023-07-22 19:16:59,template0,0
2023-07-22 19:17:09,postgres,0
2023-07-22 19:17:09,explorer,0
2023-07-22 19:17:09,template1,0
2023-07-22 19:17:09,template0,0
2023-07-22 19:17:19,postgres,0
2023-07-22 19:17:19,explorer,0
2023-07-22 19:17:19,template1,0
2023-07-22 19:17:19,template0,0
2023-07-22 19:17:29,postgres,0
2023-07-22 19:17:29,explorer,0
2023-07-22 19:17:29,template1,0
2023-07-22 19:17:29,template0,0
2023-07-22 19:17:39,postgres,0
2023-07-22 19:17:39,explorer,0
2023-07-22 19:17:39,template1,0
2023-07-22 19:17:39,template0,0
2023-07-22 19:17:49,postgres,0
2023-07-22 19:17:49,explorer,0
2023-07-22 19:17:49,template1,0
2023-07-22 19:17:49,template0,0
2023-07-22 19:17:59,postgres,0
2023-07-22 19:17:59,explorer,0
2023-07-22 19:17:59,template1,0
2023-07-22 19:17:59,template0,0
2023-07-22 19:18:09,postgres,0
2023-07-22 19:18:09,explorer,0
2023-07-22 19:18:09,template1,0
2023-07-22 19:18:09,template0,0
2023-07-22 19:18:19,postgres,0
2023-07-22 19:18:19,explorer,0
2023-07-22 19:18:19,template1,0
2023-07-22 19:18:19,template0,0
2023-07-22 19:18:29,postgres,0
2023-07-22 19:18:29,explorer,0
2023-07-22 19:18:29,template1,0
2023-07-22 19:18:29,template0,0
2023-07-22 19:18:39,postgres,0
2023-07-22 19:18:39,explorer,0
2023-07-22 19:18:39,template1,0
2023-07-22 19:18:39,template0,0
2023-07-22 19:18:49,postgres,0
2023-07-22 19:18:49,explorer,0
2023-07-22 19:18:49,template1,0
2023-07-22 19:18:49,template0,0
2023-07-22 19:18:59,postgres,0
2023-07-22 19:18:59,explorer,0
2023-07-22 19:18:59,template1,0
2023-07-22 19:18:59,template0,0
2023-07-22 19:19:09,postgres,0
2023-07-22 19:19:09,explorer,0
2023-07-22 19:19:09,template1,0
2023-07-22 19:19:09,template0,0
2023-07-22 19:19:19,postgres,0
2023-07-22 19:19:19,explorer,0
2023-07-22 19:19:19,template1,0
2023-07-22 19:19:19,template0,0
2023-07-22 19:19:29,postgres,0
2023-07-22 19:19:29,explorer,0
2023-07-22 19:19:29,template1,0
2023-07-22 19:19:29,template0,0
2023-07-22 19:19:39,postgres,0
2023-07-22 19:19:39,explorer,0
2023-07-22 19:19:39,template1,0
2023-07-22 19:19:39,template0,0
2023-07-22 19:19:49,postgres,0
2023-07-22 19:19:49,explorer,0
2023-07-22 19:19:49,template1,0
2023-07-22 19:19:49,template0,0
2023-07-22 19:19:59,postgres,0
2023-07-22 19:19:59,explorer,0
2023-07-22 19:19:59,template1,0
2023-07-22 19:19:59,template0,0
2023-07-22 19:20:09,postgres,0
2023-07-22 19:20:09,explorer,0
2023-07-22 19:20:09,template1,0
2023-07-22 19:20:09,template0,0
2023-07-22 19:20:19,postgres,0
2023-07-22 19:20:19,explorer,0
2023-07-22 19:20:19,template1,0
2023-07-22 19:20:19,template0,0
2023-07-22 19:20:29,postgres,0
2023-07-22 19:20:29,explorer,0
2023-07-22 19:20:29,template1,0
2023-07-22 19:20:29,template0,0
2023-07-22 19:20:39,postgres,0
2023-07-22 19:20:39,explorer,0
2023-07-22 19:20:39,template1,0
2023-07-22 19:20:39,template0,0
2023-07-22 19:20:49,postgres,0
2023-07-22 19:20:49,explorer,0
2023-07-22 19:20:49,template1,0
2023-07-22 19:20:49,template0,0
2023-07-22 19:20:59,postgres,0
2023-07-22 19:20:59,explorer,0
2023-07-22 19:20:59,template1,0
2023-07-22 19:20:59,template0,0
2023-07-22 19:21:09,postgres,0
2023-07-22 19:21:09,explorer,0
2023-07-22 19:21:09,template1,0
2023-07-22 19:21:09,template0,0
2023-07-22 19:21:19,postgres,0
2023-07-22 19:21:19,explorer,0
2023-07-22 19:21:19,template1,0
2023-07-22 19:21:19,template0,0
2023-07-22 19:21:29,postgres,0
2023-07-22 19:21:29,explorer,0
2023-07-22 19:21:29,template1,0
2023-07-22 19:21:29,template0,0
2023-07-22 19:21:39,postgres,0
2023-07-22 19:21:39,explorer,0
2023-07-22 19:21:39,template1,0
2023-07-22 19:21:39,template0,0
2023-07-22 19:21:49,postgres,0
2023-07-22 19:21:49,explorer,0
2023-07-22 19:21:49,template1,0
2023-07-22 19:21:49,template0,0
2023-07-22 19:21:59,postgres,0
2023-07-22 19:21:59,explorer,0
2023-07-22 19:21:59,template1,0
2023-07-22 19:21:59,template0,0
2023-07-22 19:22:09,postgres,0
2023-07-22 19:22:09,explorer,0
2023-07-22 19:22:09,template1,0
2023-07-22 19:22:09,template0,0
2023-07-22 19:22:19,postgres,0
2023-07-22 19:22:19,explorer,0
2023-07-22 19:22:19,template1,0
2023-07-22 19:22:19,template0,0
2023-07-22 19:22:29,postgres,0
2023-07-22 19:22:29,explorer,0
2023-07-22 19:22:29,template1,0
2023-07-22 19:22:29,template0,0
2023-07-22 19:22:39,postgres,0
2023-07-22 19:22:39,explorer,0
2023-07-22 19:22:39,template1,0
2023-07-22 19:22:39,template0,0
2023-07-22 19:22:49,postgres,0
2023-07-22 19:22:49,explorer,0
2023-07-22 19:22:49,template1,0
2023-07-22 19:22:49,template0,0
2023-07-22 19:22:59,postgres,0
2023-07-22 19:22:59,explorer,0
2023-07-22 19:22:59,template1,0
2023-07-22 19:22:59,template0,0
2023-07-22 19:23:09,postgres,0
2023-07-22 19:23:09,explorer,0
2023-07-22 19:23:09,template1,0
2023-07-22 19:23:09,template0,0
2023-07-22 19:23:19,postgres,0
2023-07-22 19:23:19,explorer,0
2023-07-22 19:23:19,template1,0
2023-07-22 19:23:19,template0,0
2023-07-22 19:23:29,postgres,0
2023-07-22 19:23:29,explorer,0
2023-07-22 19:23:29,template1,0
2023-07-22 19:23:29,template0,0
2023-07-22 19:23:39,postgres,0
2023-07-22 19:23:39,explorer,0
2023-07-22 19:23:39,template1,0
2023-07-22 19:23:39,template0,0
2023-07-22 19:23:49,postgres,0
2023-07-22 19:23:49,explorer,0
2023-07-22 19:23:49,template1,0
2023-07-22 19:23:49,template0,0
2023-07-22 19:23:59,postgres,0
2023-07-22 19:23:59,explorer,0
2023-07-22 19:23:59,template1,0
2023-07-22 19:23:59,template0,0
2023-07-22 19:24:09,postgres,0
2023-07-22 19:24:09,explorer,0
2023-07-22 19:24:09,template1,0
2023-07-22 19:24:09,template0,0
2023-07-22 19:24:19,postgres,0
2023-07-22 19:24:19,explorer,0
2023-07-22 19:24:19,template1,0
2023-07-22 19:24:19,template0,0
2023-07-22 19:24:29,postgres,0
2023-07-22 19:24:29,explorer,0
2023-07-22 19:24:29,template1,0
2023-07-22 19:24:29,template0,0
2023-07-22 19:24:39,postgres,0
2023-07-22 19:24:39,explorer,0
2023-07-22 19:24:39,template1,0
2023-07-22 19:24:39,template0,0
2023-07-22 19:24:49,postgres,0
2023-07-22 19:24:49,explorer,0
2023-07-22 19:24:49,template1,0
2023-07-22 19:24:49,template0,0
2023-07-22 19:24:59,postgres,0
2023-07-22 19:24:59,explorer,0
2023-07-22 19:24:59,template1,0
2023-07-22 19:24:59,template0,0
2023-07-22 19:25:09,postgres,0
2023-07-22 19:25:09,explorer,0
2023-07-22 19:25:09,template1,0
2023-07-22 19:25:09,template0,0
2023-07-22 19:25:19,postgres,0
2023-07-22 19:25:19,explorer,0
2023-07-22 19:25:19,template1,0
2023-07-22 19:25:19,template0,0
2023-07-22 19:25:29,postgres,0
2023-07-22 19:25:29,explorer,0
2023-07-22 19:25:29,template1,0
2023-07-22 19:25:29,template0,0
2023-07-22 19:25:39,postgres,0
2023-07-22 19:25:39,explorer,0
2023-07-22 19:25:39,template1,0
2023-07-22 19:25:39,template0,0
2023-07-22 19:25:49,postgres,0
2023-07-22 19:25:49,explorer,0
2023-07-22 19:25:49,template1,0
2023-07-22 19:25:49,template0,0
2023-07-22 19:25:59,postgres,0
2023-07-22 19:25:59,explorer,0
2023-07-22 19:25:59,template1,0
2023-07-22 19:25:59,template0,0
2023-07-22 19:26:09,postgres,0
2023-07-22 19:26:09,explorer,0
2023-07-22 19:26:09,template1,0
2023-07-22 19:26:09,template0,0
2023-07-22 19:26:19,postgres,0
2023-07-22 19:26:19,explorer,0
2023-07-22 19:26:19,template1,0
2023-07-22 19:26:19,template0,0
2023-07-22 19:26:29,postgres,0
2023-07-22 19:26:29,explorer,0
2023-07-22 19:26:29,template1,0
2023-07-22 19:26:29,template0,0
2023-07-22 19:26:39,postgres,0
2023-07-22 19:26:39,explorer,0
2023-07-22 19:26:39,template1,0
2023-07-22 19:26:39,template0,0
2023-07-22 19:26:49,postgres,0
2023-07-22 19:26:49,explorer,0
2023-07-22 19:26:49,template1,0
2023-07-22 19:26:49,template0,0
2023-07-22 19:26:59,postgres,0
2023-07-22 19:26:59,explorer,0
2023-07-22 19:26:59,template1,0
2023-07-22 19:26:59,template0,0
2023-07-22 19:27:09,postgres,0
2023-07-22 19:27:09,explorer,0
2023-07-22 19:27:09,template1,0
2023-07-22 19:27:09,template0,0
2023-07-22 19:27:19,postgres,0
2023-07-22 19:27:19,explorer,0
2023-07-22 19:27:19,template1,0
2023-07-22 19:27:19,template0,0
2023-07-22 19:27:29,postgres,0
2023-07-22 19:27:29,explorer,0
2023-07-22 19:27:29,template1,0
2023-07-22 19:27:29,template0,0
2023-07-22 19:27:39,postgres,0
2023-07-22 19:27:39,explorer,0
2023-07-22 19:27:39,template1,0
2023-07-22 19:27:39,template0,0
2023-07-22 19:27:49,postgres,0
2023-07-22 19:27:49,explorer,0
2023-07-22 19:27:49,template1,0
2023-07-22 19:27:49,template0,0
2023-07-22 19:27:59,postgres,0
2023-07-22 19:27:59,explorer,0
2023-07-22 19:27:59,template1,0
2023-07-22 19:27:59,template0,0
2023-07-22 19:28:09,postgres,0
2023-07-22 19:28:09,explorer,0
2023-07-22 19:28:09,template1,0
2023-07-22 19:28:09,template0,0
2023-07-22 19:28:19,postgres,0
2023-07-22 19:28:19,explorer,0
2023-07-22 19:28:19,template1,0
2023-07-22 19:28:19,template0,0
2023-07-22 19:28:29,postgres,0
2023-07-22 19:28:29,explorer,0
2023-07-22 19:28:29,template1,0
2023-07-22 19:28:29,template0,0
2023-07-22 19:28:39,postgres,0
2023-07-22 19:28:39,explorer,0
2023-07-22 19:28:39,template1,0
2023-07-22 19:28:39,template0,0
2023-07-22 19:28:49,postgres,0
2023-07-22 19:28:49,explorer,0
2023-07-22 19:28:49,template1,0
2023-07-22 19:28:49,template0,0
2023-07-22 19:28:59,postgres,0
2023-07-22 19:28:59,explorer,0
2023-07-22 19:28:59,template1,0
2023-07-22 19:28:59,template0,0
2023-07-22 19:29:09,postgres,0
2023-07-22 19:29:09,explorer,0
2023-07-22 19:29:09,template1,0
2023-07-22 19:29:09,template0,0
2023-07-22 19:29:19,postgres,0
2023-07-22 19:29:19,explorer,0
2023-07-22 19:29:19,template1,0
2023-07-22 19:29:19,template0,0
2023-07-22 19:29:29,postgres,0
2023-07-22 19:29:29,explorer,0
2023-07-22 19:29:29,template1,0
2023-07-22 19:29:29,template0,0
2023-07-22 19:29:39,postgres,0
2023-07-22 19:29:39,explorer,0
2023-07-22 19:29:39,template1,0
2023-07-22 19:29:39,template0,0
2023-07-22 19:29:49,postgres,0
2023-07-22 19:29:49,explorer,0
2023-07-22 19:29:49,template1,0
2023-07-22 19:29:49,template0,0
2023-07-22 19:29:59,postgres,0
2023-07-22 19:29:59,explorer,0
2023-07-22 19:29:59,template1,0
2023-07-22 19:29:59,template0,0
2023-07-22 19:30:09,postgres,0
2023-07-22 19:30:09,explorer,0
2023-07-22 19:30:09,template1,0
2023-07-22 19:30:09,template0,0
2023-07-22 19:30:19,postgres,0
2023-07-22 19:30:19,explorer,0
2023-07-22 19:30:19,template1,0
2023-07-22 19:30:19,template0,0
2023-07-22 19:30:29,postgres,0
2023-07-22 19:30:29,explorer,0
2023-07-22 19:30:29,template1,0
2023-07-22 19:30:29,template0,0
2023-07-22 19:30:39,postgres,0
2023-07-22 19:30:39,explorer,0
2023-07-22 19:30:39,template1,0
2023-07-22 19:30:39,template0,0
2023-07-22 19:30:49,postgres,0
2023-07-22 19:30:49,explorer,0
2023-07-22 19:30:49,template1,0
2023-07-22 19:30:49,template0,0
2023-07-22 19:30:59,postgres,0
2023-07-22 19:30:59,explorer,0
2023-07-22 19:30:59,template1,0
2023-07-22 19:30:59,template0,0
2023-07-22 19:31:09,postgres,0
2023-07-22 19:31:09,explorer,0
2023-07-22 19:31:09,template1,0
2023-07-22 19:31:09,template0,0
2023-07-22 19:31:19,postgres,0
2023-07-22 19:31:19,explorer,0
2023-07-22 19:31:19,template1,0
2023-07-22 19:31:19,template0,0
2023-07-22 19:31:29,postgres,0
2023-07-22 19:31:29,explorer,0
2023-07-22 19:31:29,template1,0
2023-07-22 19:31:29,template0,0
2023-07-22 19:31:39,postgres,0
2023-07-22 19:31:39,explorer,0
2023-07-22 19:31:39,template1,0
2023-07-22 19:31:39,template0,0
2023-07-22 19:31:49,postgres,0
2023-07-22 19:31:49,explorer,0
2023-07-22 19:31:49,template1,0
2023-07-22 19:31:49,template0,0
2023-07-22 19:31:59,postgres,0
2023-07-22 19:31:59,explorer,0
2023-07-22 19:31:59,template1,0
2023-07-22 19:31:59,template0,0
2023-07-22 19:32:09,postgres,0
2023-07-22 19:32:09,explorer,0
2023-07-22 19:32:09,template1,0
2023-07-22 19:32:09,template0,0
2023-07-22 19:32:19,postgres,0
2023-07-22 19:32:19,explorer,0
2023-07-22 19:32:19,template1,0
2023-07-22 19:32:19,template0,0
2023-07-22 19:32:29,postgres,0
2023-07-22 19:32:29,explorer,0
2023-07-22 19:32:29,template1,0
2023-07-22 19:32:29,template0,0
2023-07-22 19:38:58,postgres,0
2023-07-22 19:38:58,explorer,0
2023-07-22 19:38:58,template1,0
2023-07-22 19:38:58,template0,0
2023-07-22 19:39:07,postgres,0
2023-07-22 19:39:07,explorer,0
2023-07-22 19:39:07,template1,0
2023-07-22 19:39:07,template0,0
2023-07-22 19:39:17,postgres,0
2023-07-22 19:39:17,explorer,0
2023-07-22 19:39:17,template1,0
2023-07-22 19:39:17,template0,0
2023-07-22 19:39:27,postgres,0
2023-07-22 19:39:27,explorer,0
2023-07-22 19:39:27,template1,0
2023-07-22 19:39:27,template0,0
2023-07-22 19:39:37,postgres,0
2023-07-22 19:39:37,explorer,0
2023-07-22 19:39:37,template1,0
2023-07-22 19:39:37,template0,0
2023-07-22 19:39:47,postgres,0
2023-07-22 19:39:47,explorer,0
2023-07-22 19:39:47,template1,0
2023-07-22 19:39:47,template0,0
2023-07-22 19:39:57,postgres,0
2023-07-22 19:39:57,explorer,0
2023-07-22 19:39:57,template1,0
2023-07-22 19:39:57,template0,0
2023-07-22 19:40:07,postgres,0
2023-07-22 19:40:07,explorer,0
2023-07-22 19:40:07,template1,0
2023-07-22 19:40:07,template0,0
2023-07-22 19:40:17,postgres,0
2023-07-22 19:40:17,explorer,0
2023-07-22 19:40:17,template1,0
2023-07-22 19:40:17,template0,0
2023-07-22 19:40:27,postgres,0
2023-07-22 19:40:27,explorer,0
2023-07-22 19:40:27,template1,0
2023-07-22 19:40:27,template0,0
2023-07-22 19:40:37,postgres,0
2023-07-22 19:40:37,explorer,0
2023-07-22 19:40:37,template1,0
2023-07-22 19:40:37,template0,0
2023-07-22 19:40:47,postgres,0
2023-07-22 19:40:47,explorer,0
2023-07-22 19:40:47,template1,0
2023-07-22 19:40:47,template0,0
2023-07-22 19:40:57,postgres,0
2023-07-22 19:40:57,explorer,0
2023-07-22 19:40:57,template1,0
2023-07-22 19:40:57,template0,0
2023-07-22 19:41:07,postgres,0
2023-07-22 19:41:07,explorer,0
2023-07-22 19:41:07,template1,0
2023-07-22 19:41:07,template0,0
2023-07-22 19:41:17,postgres,0
2023-07-22 19:41:17,explorer,0
2023-07-22 19:41:17,template1,0
2023-07-22 19:41:17,template0,0
2023-07-22 19:41:27,postgres,0
2023-07-22 19:41:27,explorer,0
2023-07-22 19:41:27,template1,0
2023-07-22 19:41:27,template0,0
2023-07-22 19:41:37,postgres,0
2023-07-22 19:41:37,explorer,0
2023-07-22 19:41:37,template1,0
2023-07-22 19:41:37,template0,0
2023-07-22 19:41:47,postgres,0
2023-07-22 19:41:47,explorer,0
2023-07-22 19:41:47,template1,0
2023-07-22 19:41:47,template0,0
2023-07-22 19:41:57,postgres,0
2023-07-22 19:41:57,explorer,0
2023-07-22 19:41:57,template1,0
2023-07-22 19:41:57,template0,0
2023-07-22 19:42:07,postgres,0
2023-07-22 19:42:07,explorer,0
2023-07-22 19:42:07,template1,0
2023-07-22 19:42:07,template0,0
2023-07-22 19:42:17,postgres,0
2023-07-22 19:42:17,explorer,0
2023-07-22 19:42:17,template1,0
2023-07-22 19:42:17,template0,0
2023-07-22 19:42:27,postgres,0
2023-07-22 19:42:27,explorer,0
2023-07-22 19:42:27,template1,0
2023-07-22 19:42:27,template0,0
2023-07-22 19:42:37,postgres,0
2023-07-22 19:42:37,explorer,0
2023-07-22 19:42:37,template1,0
2023-07-22 19:42:37,template0,0
2023-07-22 19:42:47,postgres,0
2023-07-22 19:42:47,explorer,0
2023-07-22 19:42:47,template1,0
2023-07-22 19:42:47,template0,0
2023-07-22 19:42:57,postgres,0
2023-07-22 19:42:57,explorer,0
2023-07-22 19:42:57,template1,0
2023-07-22 19:42:57,template0,0
2023-07-22 19:43:07,postgres,0
2023-07-22 19:43:07,explorer,0
2023-07-22 19:43:07,template1,0
2023-07-22 19:43:07,template0,0
2023-07-22 19:43:17,postgres,0
2023-07-22 19:43:17,explorer,0
2023-07-22 19:43:17,template1,0
2023-07-22 19:43:17,template0,0
2023-07-22 19:43:27,postgres,0
2023-07-22 19:43:27,explorer,0
2023-07-22 19:43:27,template1,0
2023-07-22 19:43:27,template0,0
2023-07-22 19:43:37,postgres,0
2023-07-22 19:43:37,explorer,0
2023-07-22 19:43:37,template1,0
2023-07-22 19:43:37,template0,0
2023-07-22 19:43:47,postgres,0
2023-07-22 19:43:47,explorer,0
2023-07-22 19:43:47,template1,0
2023-07-22 19:43:47,template0,0
2023-07-22 19:43:57,postgres,0
2023-07-22 19:43:57,explorer,0
2023-07-22 19:43:57,template1,0
2023-07-22 19:43:57,template0,0
2023-07-22 19:44:07,postgres,0
2023-07-22 19:44:07,explorer,0
2023-07-22 19:44:07,template1,0
2023-07-22 19:44:07,template0,0
2023-07-22 19:44:17,postgres,0
2023-07-22 19:44:17,explorer,0
2023-07-22 19:44:17,template1,0
2023-07-22 19:44:17,template0,0
2023-07-22 19:44:27,postgres,0
2023-07-22 19:44:27,explorer,0
2023-07-22 19:44:27,template1,0
2023-07-22 19:44:27,template0,0
2023-07-22 19:44:37,postgres,0
2023-07-22 19:44:37,explorer,0
2023-07-22 19:44:37,template1,0
2023-07-22 19:44:37,template0,0
2023-07-22 19:44:47,postgres,0
2023-07-22 19:44:47,explorer,0
2023-07-22 19:44:47,template1,0
2023-07-22 19:44:47,template0,0
2023-07-22 19:44:57,postgres,0
2023-07-22 19:44:57,explorer,0
2023-07-22 19:44:57,template1,0
2023-07-22 19:44:57,template0,0
2023-07-22 19:45:07,postgres,0
2023-07-22 19:45:07,explorer,0
2023-07-22 19:45:07,template1,0
2023-07-22 19:45:07,template0,0
2023-07-22 19:45:17,postgres,0
2023-07-22 19:45:17,explorer,0
2023-07-22 19:45:17,template1,0
2023-07-22 19:45:17,template0,0
2023-07-22 19:45:27,postgres,0
2023-07-22 19:45:27,explorer,0
2023-07-22 19:45:27,template1,0
2023-07-22 19:45:27,template0,0
2023-07-22 19:45:37,postgres,0
2023-07-22 19:45:37,explorer,0
2023-07-22 19:45:37,template1,0
2023-07-22 19:45:37,template0,0
2023-07-22 19:45:47,postgres,0
2023-07-22 19:45:47,explorer,0
2023-07-22 19:45:47,template1,0
2023-07-22 19:45:47,template0,0
2023-07-22 19:45:57,postgres,0
2023-07-22 19:45:57,explorer,0
2023-07-22 19:45:57,template1,0
2023-07-22 19:45:57,template0,0
2023-07-22 19:46:07,postgres,0
2023-07-22 19:46:07,explorer,0
2023-07-22 19:46:07,template1,0
2023-07-22 19:46:07,template0,0
2023-07-22 19:46:17,postgres,0
2023-07-22 19:46:17,explorer,0
2023-07-22 19:46:17,template1,0
2023-07-22 19:46:17,template0,0
2023-07-22 19:46:27,postgres,0
2023-07-22 19:46:27,explorer,0
2023-07-22 19:46:27,template1,0
2023-07-22 19:46:27,template0,0
2023-07-22 19:46:37,postgres,0
2023-07-22 19:46:37,explorer,0
2023-07-22 19:46:37,template1,0
2023-07-22 19:46:37,template0,0
2023-07-22 19:46:47,postgres,0
2023-07-22 19:46:47,explorer,0
2023-07-22 19:46:47,template1,0
2023-07-22 19:46:47,template0,0
2023-07-22 19:46:57,postgres,0
2023-07-22 19:46:57,explorer,0
2023-07-22 19:46:57,template1,0
2023-07-22 19:46:57,template0,0
2023-07-22 19:47:07,postgres,0
2023-07-22 19:47:07,explorer,0
2023-07-22 19:47:07,template1,0
2023-07-22 19:47:07,template0,0
2023-07-22 19:47:17,postgres,0
2023-07-22 19:47:17,explorer,0
2023-07-22 19:47:17,template1,0
2023-07-22 19:47:17,template0,0
2023-07-22 19:47:27,postgres,0
2023-07-22 19:47:27,explorer,0
2023-07-22 19:47:27,template1,0
2023-07-22 19:47:27,template0,0
2023-07-22 19:47:37,postgres,0
2023-07-22 19:47:37,explorer,0
2023-07-22 19:47:37,template1,0
2023-07-22 19:47:37,template0,0
2023-07-22 19:47:47,postgres,0
2023-07-22 19:47:47,explorer,0
2023-07-22 19:47:47,template1,0
2023-07-22 19:47:47,template0,0
2023-07-22 19:47:57,postgres,0
2023-07-22 19:47:57,explorer,0
2023-07-22 19:47:57,template1,0
2023-07-22 19:47:57,template0,0
2023-07-22 19:48:07,postgres,0
2023-07-22 19:48:07,explorer,0
2023-07-22 19:48:07,template1,0
2023-07-22 19:48:07,template0,0
2023-07-22 19:48:17,postgres,0
2023-07-22 19:48:17,explorer,0
2023-07-22 19:48:17,template1,0
2023-07-22 19:48:17,template0,0
2023-07-22 19:48:27,postgres,0
2023-07-22 19:48:27,explorer,0
2023-07-22 19:48:27,template1,0
2023-07-22 19:48:27,template0,0
2023-07-22 19:48:37,postgres,0
2023-07-22 19:48:37,explorer,0
2023-07-22 19:48:37,template1,0
2023-07-22 19:48:37,template0,0
2023-07-22 19:48:47,postgres,0
2023-07-22 19:48:47,explorer,0
2023-07-22 19:48:47,template1,0
2023-07-22 19:48:47,template0,0
2023-07-22 19:48:57,postgres,0
2023-07-22 19:48:57,explorer,0
2023-07-22 19:48:57,template1,0
2023-07-22 19:48:57,template0,0
2023-07-22 19:49:07,postgres,0
2023-07-22 19:49:07,explorer,0
2023-07-22 19:49:07,template1,0
2023-07-22 19:49:07,template0,0
2023-07-22 19:49:17,postgres,0
2023-07-22 19:49:17,explorer,0
2023-07-22 19:49:17,template1,0
2023-07-22 19:49:17,template0,0
2023-07-22 19:49:27,postgres,0
2023-07-22 19:49:27,explorer,0
2023-07-22 19:49:27,template1,0
2023-07-22 19:49:27,template0,0
2023-07-22 19:49:37,postgres,0
2023-07-22 19:49:37,explorer,0
2023-07-22 19:49:37,template1,0
2023-07-22 19:49:37,template0,0
2023-07-22 19:49:47,postgres,0
2023-07-22 19:49:47,explorer,0
2023-07-22 19:49:47,template1,0
2023-07-22 19:49:47,template0,0
2023-07-22 19:49:57,postgres,0
2023-07-22 19:49:57,explorer,0
2023-07-22 19:49:57,template1,0
2023-07-22 19:49:57,template0,0
2023-07-22 19:50:07,postgres,0
2023-07-22 19:50:07,explorer,0
2023-07-22 19:50:07,template1,0
2023-07-22 19:50:07,template0,0
2023-07-22 19:50:17,postgres,0
2023-07-22 19:50:17,explorer,0
2023-07-22 19:50:17,template1,0
2023-07-22 19:50:17,template0,0
2023-07-22 19:50:27,postgres,0
2023-07-22 19:50:27,explorer,0
2023-07-22 19:50:27,template1,0
2023-07-22 19:50:27,template0,0
2023-07-22 19:50:37,postgres,0
2023-07-22 19:50:37,explorer,0
2023-07-22 19:50:37,template1,0
2023-07-22 19:50:37,template0,0
2023-07-22 19:50:47,postgres,0
2023-07-22 19:50:47,explorer,0
2023-07-22 19:50:47,template1,0
2023-07-22 19:50:47,template0,0
2023-07-22 19:50:57,postgres,0
2023-07-22 19:50:57,explorer,0
2023-07-22 19:50:57,template1,0
2023-07-22 19:50:57,template0,0
2023-07-22 19:51:07,postgres,0
2023-07-22 19:51:07,explorer,0
2023-07-22 19:51:07,template1,0
2023-07-22 19:51:07,template0,0
2023-07-22 19:51:17,postgres,0
2023-07-22 19:51:17,explorer,0
2023-07-22 19:51:17,template1,0
2023-07-22 19:51:17,template0,0
2023-07-22 19:51:27,postgres,0
2023-07-22 19:51:27,explorer,0
2023-07-22 19:51:27,template1,0
2023-07-22 19:51:27,template0,0
2023-07-22 19:51:37,postgres,0
2023-07-22 19:51:37,explorer,0
2023-07-22 19:51:37,template1,0
2023-07-22 19:51:37,template0,0
2023-07-22 19:51:47,postgres,0
2023-07-22 19:51:47,explorer,0
2023-07-22 19:51:47,template1,0
2023-07-22 19:51:47,template0,0
2023-07-22 19:51:57,postgres,0
2023-07-22 19:51:57,explorer,0
2023-07-22 19:51:57,template1,0
2023-07-22 19:51:57,template0,0
2023-07-22 19:52:07,postgres,0
2023-07-22 19:52:07,explorer,0
2023-07-22 19:52:07,template1,0
2023-07-22 19:52:07,template0,0
2023-07-22 19:52:17,postgres,0
2023-07-22 19:52:17,explorer,0
2023-07-22 19:52:17,template1,0
2023-07-22 19:52:17,template0,0
2023-07-22 19:52:27,postgres,0
2023-07-22 19:52:27,explorer,0
2023-07-22 19:52:27,template1,0
2023-07-22 19:52:27,template0,0
2023-07-22 19:52:37,postgres,0
2023-07-22 19:52:37,explorer,0
2023-07-22 19:52:37,template1,0
2023-07-22 19:52:37,template0,0
2023-07-22 19:52:47,postgres,0
2023-07-22 19:52:47,explorer,0
2023-07-22 19:52:47,template1,0
2023-07-22 19:52:47,template0,0
2023-07-22 19:52:57,postgres,0
2023-07-22 19:52:57,explorer,0
2023-07-22 19:52:57,template1,0
2023-07-22 19:52:57,template0,0
2023-07-22 19:53:07,postgres,0
2023-07-22 19:53:07,explorer,0
2023-07-22 19:53:07,template1,0
2023-07-22 19:53:07,template0,0
2023-07-22 19:53:17,postgres,0
2023-07-22 19:53:17,explorer,0
2023-07-22 19:53:17,template1,0
2023-07-22 19:53:17,template0,0
2023-07-22 19:53:27,postgres,0
2023-07-22 19:53:27,explorer,0
2023-07-22 19:53:27,template1,0
2023-07-22 19:53:27,template0,0
2023-07-22 19:53:37,postgres,0
2023-07-22 19:53:37,explorer,0
2023-07-22 19:53:37,template1,0
2023-07-22 19:53:37,template0,0
2023-07-22 19:53:47,postgres,0
2023-07-22 19:53:47,explorer,0
2023-07-22 19:53:47,template1,0
2023-07-22 19:53:47,template0,0
2023-07-22 19:53:57,postgres,0
2023-07-22 19:53:57,explorer,0
2023-07-22 19:53:57,template1,0
2023-07-22 19:53:57,template0,0
2023-07-22 19:54:07,postgres,0
2023-07-22 19:54:07,explorer,0
2023-07-22 19:54:07,template1,0
2023-07-22 19:54:07,template0,0
2023-07-22 19:54:17,postgres,0
2023-07-22 19:54:17,explorer,0
2023-07-22 19:54:17,template1,0
2023-07-22 19:54:17,template0,0
2023-07-22 19:54:27,postgres,0
2023-07-22 19:54:27,explorer,0
2023-07-22 19:54:27,template1,0
2023-07-22 19:54:27,template0,0
2023-07-22 19:54:37,postgres,0
2023-07-22 19:54:37,explorer,0
2023-07-22 19:54:37,template1,0
2023-07-22 19:54:37,template0,0
2023-07-22 19:54:47,postgres,0
2023-07-22 19:54:47,explorer,0
2023-07-22 19:54:47,template1,0
2023-07-22 19:54:47,template0,0
2023-07-22 19:54:57,postgres,0
2023-07-22 19:54:57,explorer,0
2023-07-22 19:54:57,template1,0
2023-07-22 19:54:57,template0,0
2023-07-22 19:55:07,postgres,0
2023-07-22 19:55:07,explorer,0
2023-07-22 19:55:07,template1,0
2023-07-22 19:55:07,template0,0
2023-07-22 19:55:17,postgres,0
2023-07-22 19:55:17,explorer,0
2023-07-22 19:55:17,template1,0
2023-07-22 19:55:17,template0,0
2023-07-22 19:55:27,postgres,0
2023-07-22 19:55:27,explorer,0
2023-07-22 19:55:27,template1,0
2023-07-22 19:55:27,template0,0
2023-07-22 19:55:37,postgres,0
2023-07-22 19:55:37,explorer,0
2023-07-22 19:55:37,template1,0
2023-07-22 19:55:37,template0,0
2023-07-22 19:55:47,postgres,0
2023-07-22 19:55:47,explorer,0
2023-07-22 19:55:47,template1,0
2023-07-22 19:55:47,template0,0
2023-07-22 19:55:57,postgres,0
2023-07-22 19:55:57,explorer,0
2023-07-22 19:55:57,template1,0
2023-07-22 19:55:57,template0,0
2023-07-22 19:56:07,postgres,0
2023-07-22 19:56:07,explorer,0
2023-07-22 19:56:07,template1,0
2023-07-22 19:56:07,template0,0
2023-07-22 19:56:17,postgres,0
2023-07-22 19:56:17,explorer,0
2023-07-22 19:56:17,template1,0
2023-07-22 19:56:17,template0,0
2023-07-22 19:56:27,postgres,0
2023-07-22 19:56:27,explorer,0
2023-07-22 19:56:27,template1,0
2023-07-22 19:56:27,template0,0
2023-07-22 19:56:37,postgres,0
2023-07-22 19:56:37,explorer,0
2023-07-22 19:56:37,template1,0
2023-07-22 19:56:37,template0,0
2023-07-22 19:56:47,postgres,0
2023-07-22 19:56:47,explorer,0
2023-07-22 19:56:47,template1,0
2023-07-22 19:56:47,template0,0
2023-07-22 19:56:57,postgres,0
2023-07-22 19:56:57,explorer,0
2023-07-22 19:56:57,template1,0
2023-07-22 19:56:57,template0,0
2023-07-22 19:57:07,postgres,0
2023-07-22 19:57:07,explorer,0
2023-07-22 19:57:07,template1,0
2023-07-22 19:57:07,template0,0
2023-07-22 19:57:17,postgres,0
2023-07-22 19:57:17,explorer,0
2023-07-22 19:57:17,template1,0
2023-07-22 19:57:17,template0,0
2023-07-22 19:57:27,postgres,0
2023-07-22 19:57:27,explorer,0
2023-07-22 19:57:27,template1,0
2023-07-22 19:57:27,template0,0
2023-07-22 19:57:37,postgres,0
2023-07-22 19:57:37,explorer,0
2023-07-22 19:57:37,template1,0
2023-07-22 19:57:37,template0,0
2023-07-22 19:57:47,postgres,0
2023-07-22 19:57:47,explorer,0
2023-07-22 19:57:47,template1,0
2023-07-22 19:57:47,template0,0
2023-07-22 19:57:57,postgres,0
2023-07-22 19:57:57,explorer,0
2023-07-22 19:57:57,template1,0
2023-07-22 19:57:57,template0,0
2023-07-22 19:58:07,postgres,0
2023-07-22 19:58:07,explorer,0
2023-07-22 19:58:07,template1,0
2023-07-22 19:58:07,template0,0
2023-07-22 19:58:17,postgres,0
2023-07-22 19:58:17,explorer,0
2023-07-22 19:58:17,template1,0
2023-07-22 19:58:17,template0,0
2023-07-22 19:58:27,postgres,0
2023-07-22 19:58:27,explorer,0
2023-07-22 19:58:27,template1,0
2023-07-22 19:58:27,template0,0
2023-07-22 19:58:37,postgres,0
2023-07-22 19:58:37,explorer,0
2023-07-22 19:58:37,template1,0
2023-07-22 19:58:37,template0,0
2023-07-22 19:58:47,postgres,0
2023-07-22 19:58:47,explorer,0
2023-07-22 19:58:47,template1,0
2023-07-22 19:58:47,template0,0
2023-07-22 19:58:57,postgres,0
2023-07-22 19:58:57,explorer,0
2023-07-22 19:58:57,template1,0
2023-07-22 19:58:57,template0,0
2023-07-22 19:59:07,postgres,0
2023-07-22 19:59:07,explorer,0
2023-07-22 19:59:07,template1,0
2023-07-22 19:59:07,template0,0
2023-07-22 19:59:17,postgres,0
2023-07-22 19:59:17,explorer,0
2023-07-22 19:59:17,template1,0
2023-07-22 19:59:17,template0,0
2023-07-22 19:59:27,postgres,0
2023-07-22 19:59:27,explorer,0
2023-07-22 19:59:27,template1,0
2023-07-22 19:59:27,template0,0
2023-07-22 19:59:37,postgres,0
2023-07-22 19:59:37,explorer,0
2023-07-22 19:59:37,template1,0
2023-07-22 19:59:37,template0,0
2023-07-22 19:59:47,postgres,0
2023-07-22 19:59:47,explorer,0
2023-07-22 19:59:47,template1,0
2023-07-22 19:59:47,template0,0
2023-07-22 19:59:57,postgres,0
2023-07-22 19:59:57,explorer,0
2023-07-22 19:59:57,template1,0
2023-07-22 19:59:57,template0,0
2023-07-22 20:00:07,postgres,0
2023-07-22 20:00:07,explorer,0
2023-07-22 20:00:07,template1,0
2023-07-22 20:00:07,template0,0
2023-07-22 20:00:17,postgres,0
2023-07-22 20:00:17,explorer,0
2023-07-22 20:00:17,template1,0
2023-07-22 20:00:17,template0,0
2023-07-22 20:00:27,postgres,0
2023-07-22 20:00:27,explorer,0
2023-07-22 20:00:27,template1,0
2023-07-22 20:00:27,template0,0
2023-07-22 20:00:37,postgres,0
2023-07-22 20:00:37,explorer,0
2023-07-22 20:00:37,template1,0
2023-07-22 20:00:37,template0,0
2023-07-22 20:00:47,postgres,0
2023-07-22 20:00:47,explorer,0
2023-07-22 20:00:47,template1,0
2023-07-22 20:00:47,template0,0
2023-07-22 20:00:57,postgres,0
2023-07-22 20:00:57,explorer,0
2023-07-22 20:00:57,template1,0
2023-07-22 20:00:57,template0,0
2023-07-22 20:01:07,postgres,0
2023-07-22 20:01:07,explorer,0
2023-07-22 20:01:07,template1,0
2023-07-22 20:01:07,template0,0
2023-07-22 20:01:17,postgres,0
2023-07-22 20:01:17,explorer,0
2023-07-22 20:01:17,template1,0
2023-07-22 20:01:17,template0,0
2023-07-22 20:01:27,postgres,0
2023-07-22 20:01:27,explorer,0
2023-07-22 20:01:27,template1,0
2023-07-22 20:01:27,template0,0
2023-07-22 20:01:37,postgres,0
2023-07-22 20:01:37,explorer,0
2023-07-22 20:01:37,template1,0
2023-07-22 20:01:37,template0,0
2023-07-22 20:01:47,postgres,0
2023-07-22 20:01:47,explorer,0
2023-07-22 20:01:47,template1,0
2023-07-22 20:01:47,template0,0
2023-07-22 20:01:57,postgres,0
2023-07-22 20:01:57,explorer,0
2023-07-22 20:01:57,template1,0
2023-07-22 20:01:57,template0,0
2023-07-22 20:02:07,postgres,0
2023-07-22 20:02:07,explorer,0
2023-07-22 20:02:07,template1,0
2023-07-22 20:02:07,template0,0
2023-07-22 20:02:17,postgres,0
2023-07-22 20:02:17,explorer,0
2023-07-22 20:02:17,template1,0
2023-07-22 20:02:17,template0,0
2023-07-22 20:02:27,postgres,0
2023-07-22 20:02:27,explorer,0
2023-07-22 20:02:27,template1,0
2023-07-22 20:02:27,template0,0
2023-07-22 20:02:37,postgres,0
2023-07-22 20:02:37,explorer,0
2023-07-22 20:02:37,template1,0
2023-07-22 20:02:37,template0,0
2023-07-22 20:02:47,postgres,0
2023-07-22 20:02:47,explorer,0
2023-07-22 20:02:47,template1,0
2023-07-22 20:02:47,template0,0
2023-07-22 20:02:57,postgres,0
2023-07-22 20:02:57,explorer,0
2023-07-22 20:02:57,template1,0
2023-07-22 20:02:57,template0,0
2023-07-22 20:03:07,postgres,0
2023-07-22 20:03:07,explorer,0
2023-07-22 20:03:07,template1,0
2023-07-22 20:03:07,template0,0
2023-07-22 20:03:17,postgres,0
2023-07-22 20:03:17,explorer,0
2023-07-22 20:03:17,template1,0
2023-07-22 20:03:17,template0,0
2023-07-22 20:03:27,postgres,0
2023-07-22 20:03:27,explorer,0
2023-07-22 20:03:27,template1,0
2023-07-22 20:03:27,template0,0
2023-07-22 20:03:37,postgres,0
2023-07-22 20:03:37,explorer,0
2023-07-22 20:03:37,template1,0
2023-07-22 20:03:37,template0,0
2023-07-22 20:03:47,postgres,0
2023-07-22 20:03:47,explorer,0
2023-07-22 20:03:47,template1,0
2023-07-22 20:03:47,template0,0
2023-07-22 20:03:57,postgres,0
2023-07-22 20:03:57,explorer,0
2023-07-22 20:03:57,template1,0
2023-07-22 20:03:57,template0,0
2023-07-22 20:04:07,postgres,0
2023-07-22 20:04:07,explorer,0
2023-07-22 20:04:07,template1,0
2023-07-22 20:04:07,template0,0
2023-07-22 20:04:17,postgres,0
2023-07-22 20:04:17,explorer,0
2023-07-22 20:04:17,template1,0
2023-07-22 20:04:17,template0,0
2023-07-22 20:04:27,postgres,0
2023-07-22 20:04:27,explorer,0
2023-07-22 20:04:27,template1,0
2023-07-22 20:04:27,template0,0
2023-07-22 20:04:37,postgres,0
2023-07-22 20:04:37,explorer,0
2023-07-22 20:04:37,template1,0
2023-07-22 20:04:37,template0,0
2023-07-22 20:04:47,postgres,0
2023-07-22 20:04:47,explorer,0
2023-07-22 20:04:47,template1,0
2023-07-22 20:04:47,template0,0
2023-07-22 20:04:57,postgres,0
2023-07-22 20:04:57,explorer,0
2023-07-22 20:04:57,template1,0
2023-07-22 20:04:57,template0,0
2023-07-22 20:05:07,postgres,0
2023-07-22 20:05:07,explorer,0
2023-07-22 20:05:07,template1,0
2023-07-22 20:05:07,template0,0
2023-07-22 20:05:17,postgres,0
2023-07-22 20:05:17,explorer,0
2023-07-22 20:05:17,template1,0
2023-07-22 20:05:17,template0,0
2023-07-22 20:05:27,postgres,0
2023-07-22 20:05:27,explorer,0
2023-07-22 20:05:27,template1,0
2023-07-22 20:05:27,template0,0
2023-07-22 20:05:37,postgres,0
2023-07-22 20:05:37,explorer,0
2023-07-22 20:05:37,template1,0
2023-07-22 20:05:37,template0,0
2023-07-22 20:05:47,postgres,0
2023-07-22 20:05:47,explorer,0
2023-07-22 20:05:47,template1,0
2023-07-22 20:05:47,template0,0
2023-07-22 20:05:57,postgres,0
2023-07-22 20:05:57,explorer,0
2023-07-22 20:05:57,template1,0
2023-07-22 20:05:57,template0,0
2023-07-22 20:06:07,postgres,0
2023-07-22 20:06:07,explorer,0
2023-07-22 20:06:07,template1,0
2023-07-22 20:06:07,template0,0
2023-07-22 20:06:17,postgres,0
2023-07-22 20:06:17,explorer,0
2023-07-22 20:06:17,template1,0
2023-07-22 20:06:17,template0,0
2023-07-22 20:06:27,postgres,0
2023-07-22 20:06:27,explorer,0
2023-07-22 20:06:27,template1,0
2023-07-22 20:06:27,template0,0
2023-07-22 20:06:37,postgres,0
2023-07-22 20:06:37,explorer,0
2023-07-22 20:06:37,template1,0
2023-07-22 20:06:37,template0,0
2023-07-22 20:06:47,postgres,0
2023-07-22 20:06:47,explorer,0
2023-07-22 20:06:47,template1,0
2023-07-22 20:06:47,template0,0
2023-07-22 20:06:57,postgres,0
2023-07-22 20:06:57,explorer,0
2023-07-22 20:06:57,template1,0
2023-07-22 20:06:57,template0,0
2023-07-22 20:07:07,postgres,0
2023-07-22 20:07:07,explorer,0
2023-07-22 20:07:07,template1,0
2023-07-22 20:07:07,template0,0
2023-07-22 20:07:17,postgres,0
2023-07-22 20:07:17,explorer,0
2023-07-22 20:07:17,template1,0
2023-07-22 20:07:17,template0,0
2023-07-22 20:07:27,postgres,0
2023-07-22 20:07:27,explorer,0
2023-07-22 20:07:27,template1,0
2023-07-22 20:07:27,template0,0
2023-07-22 20:07:37,postgres,0
2023-07-22 20:07:37,explorer,0
2023-07-22 20:07:37,template1,0
2023-07-22 20:07:37,template0,0
2023-07-22 20:07:47,postgres,0
2023-07-22 20:07:47,explorer,0
2023-07-22 20:07:47,template1,0
2023-07-22 20:07:47,template0,0
2023-07-22 20:07:57,postgres,0
2023-07-22 20:07:57,explorer,0
2023-07-22 20:07:57,template1,0
2023-07-22 20:07:57,template0,0
2023-07-22 20:08:07,postgres,0
2023-07-22 20:08:07,explorer,0
2023-07-22 20:08:07,template1,0
2023-07-22 20:08:07,template0,0
2023-07-22 20:08:17,postgres,0
2023-07-22 20:08:17,explorer,0
2023-07-22 20:08:17,template1,0
2023-07-22 20:08:17,template0,0
2023-07-22 20:08:27,postgres,0
2023-07-22 20:08:27,explorer,0
2023-07-22 20:08:27,template1,0
2023-07-22 20:08:27,template0,0
2023-07-22 20:08:37,postgres,0
2023-07-22 20:08:37,explorer,0
2023-07-22 20:08:37,template1,0
2023-07-22 20:08:37,template0,0
2023-07-22 20:08:47,postgres,0
2023-07-22 20:08:47,explorer,0
2023-07-22 20:08:47,template1,0
2023-07-22 20:08:47,template0,0
2023-07-22 20:08:57,postgres,0
2023-07-22 20:08:57,explorer,0
2023-07-22 20:08:57,template1,0
2023-07-22 20:08:57,template0,0
2023-07-22 20:09:07,postgres,0
2023-07-22 20:09:07,explorer,0
2023-07-22 20:09:07,template1,0
2023-07-22 20:09:07,template0,0
2023-07-22 20:09:17,postgres,0
2023-07-22 20:09:17,explorer,0
2023-07-22 20:09:17,template1,0
2023-07-22 20:09:17,template0,0
2023-07-22 20:09:27,postgres,0
2023-07-22 20:09:27,explorer,0
2023-07-22 20:09:27,template1,0
2023-07-22 20:09:27,template0,0
2023-07-22 20:09:37,postgres,0
2023-07-22 20:09:37,explorer,0
2023-07-22 20:09:37,template1,0
2023-07-22 20:09:37,template0,0
2023-07-22 20:09:47,postgres,0
2023-07-22 20:09:47,explorer,0
2023-07-22 20:09:47,template1,0
2023-07-22 20:09:47,template0,0
2023-07-22 20:09:57,postgres,0
2023-07-22 20:09:57,explorer,0
2023-07-22 20:09:57,template1,0
2023-07-22 20:09:57,template0,0
2023-07-22 20:10:07,postgres,0
2023-07-22 20:10:07,explorer,0
2023-07-22 20:10:07,template1,0
2023-07-22 20:10:07,template0,0
2023-07-22 20:10:17,postgres,0
2023-07-22 20:10:17,explorer,0
2023-07-22 20:10:17,template1,0
2023-07-22 20:10:17,template0,0
2023-07-22 20:10:27,postgres,0
2023-07-22 20:10:27,explorer,0
2023-07-22 20:10:27,template1,0
2023-07-22 20:10:27,template0,0
2023-07-22 20:10:37,postgres,0
2023-07-22 20:10:37,explorer,0
2023-07-22 20:10:37,template1,0
2023-07-22 20:10:37,template0,0
2023-07-22 20:10:47,postgres,0
2023-07-22 20:10:47,explorer,0
2023-07-22 20:10:47,template1,0
2023-07-22 20:10:47,template0,0
2023-07-22 20:10:57,postgres,0
2023-07-22 20:10:57,explorer,0
2023-07-22 20:10:57,template1,0
2023-07-22 20:10:57,template0,0
2023-07-22 20:11:07,postgres,0
2023-07-22 20:11:07,explorer,0
2023-07-22 20:11:07,template1,0
2023-07-22 20:11:07,template0,0
2023-07-22 20:11:17,postgres,0
2023-07-22 20:11:17,explorer,0
2023-07-22 20:11:17,template1,0
2023-07-22 20:11:17,template0,0
2023-07-22 20:11:27,postgres,0
2023-07-22 20:11:27,explorer,0
2023-07-22 20:11:27,template1,0
2023-07-22 20:11:27,template0,0
2023-07-22 20:11:37,postgres,0
2023-07-22 20:11:37,explorer,0
2023-07-22 20:11:37,template1,0
2023-07-22 20:11:37,template0,0
2023-07-22 20:11:47,postgres,0
2023-07-22 20:11:47,explorer,0
2023-07-22 20:11:47,template1,0
2023-07-22 20:11:47,template0,0
2023-07-22 20:11:57,postgres,0
2023-07-22 20:11:57,explorer,0
2023-07-22 20:11:57,template1,0
2023-07-22 20:11:57,template0,0
2023-07-22 20:12:07,postgres,0
2023-07-22 20:12:07,explorer,0
2023-07-22 20:12:07,template1,0
2023-07-22 20:12:07,template0,0
2023-07-22 20:12:17,postgres,0
2023-07-22 20:12:17,explorer,0
2023-07-22 20:12:17,template1,0
2023-07-22 20:12:17,template0,0
2023-07-22 20:12:27,postgres,0
2023-07-22 20:12:27,explorer,0
2023-07-22 20:12:27,template1,0
2023-07-22 20:12:27,template0,0
2023-07-22 20:12:37,postgres,0
2023-07-22 20:12:37,explorer,0
2023-07-22 20:12:37,template1,0
2023-07-22 20:12:37,template0,0
2023-07-22 20:12:47,postgres,0
2023-07-22 20:12:47,explorer,0
2023-07-22 20:12:47,template1,0
2023-07-22 20:12:47,template0,0
2023-07-22 20:12:57,postgres,0
2023-07-22 20:12:57,explorer,0
2023-07-22 20:12:57,template1,0
2023-07-22 20:12:57,template0,0
2023-07-22 20:13:07,postgres,0
2023-07-22 20:13:07,explorer,0
2023-07-22 20:13:07,template1,0
2023-07-22 20:13:07,template0,0
2023-07-22 20:13:17,postgres,0
2023-07-22 20:13:17,explorer,0
2023-07-22 20:13:17,template1,0
2023-07-22 20:13:17,template0,0
2023-07-22 20:13:27,postgres,0
2023-07-22 20:13:27,explorer,0
2023-07-22 20:13:27,template1,0
2023-07-22 20:13:27,template0,0
2023-07-22 20:13:37,postgres,0
2023-07-22 20:13:37,explorer,0
2023-07-22 20:13:37,template1,0
2023-07-22 20:13:37,template0,0
2023-07-22 20:13:47,postgres,0
2023-07-22 20:13:47,explorer,0
2023-07-22 20:13:47,template1,0
2023-07-22 20:13:47,template0,0
2023-07-22 20:13:57,postgres,0
2023-07-22 20:13:57,explorer,0
2023-07-22 20:13:57,template1,0
2023-07-22 20:13:57,template0,0
2023-07-22 20:14:07,postgres,0
2023-07-22 20:14:07,explorer,0
2023-07-22 20:14:07,template1,0
2023-07-22 20:14:07,template0,0
2023-07-22 20:14:17,postgres,0
2023-07-22 20:14:17,explorer,0
2023-07-22 20:14:17,template1,0
2023-07-22 20:14:17,template0,0
2023-07-22 20:14:27,postgres,0
2023-07-22 20:14:27,explorer,0
2023-07-22 20:14:27,template1,0
2023-07-22 20:14:27,template0,0
2023-07-22 20:14:37,postgres,0
2023-07-22 20:14:37,explorer,0
2023-07-22 20:14:37,template1,0
2023-07-22 20:14:37,template0,0
2023-07-22 20:14:47,postgres,0
2023-07-22 20:14:47,explorer,0
2023-07-22 20:14:47,template1,0
2023-07-22 20:14:47,template0,0
2023-07-22 21:03:33,postgres,0
2023-07-22 21:03:33,explorer,0
2023-07-22 21:03:33,template1,0
2023-07-22 21:03:33,template0,0
2023-07-22 21:03:42,postgres,0
2023-07-22 21:03:42,explorer,0
2023-07-22 21:03:42,template1,0
2023-07-22 21:03:42,template0,0
2023-07-22 21:03:52,postgres,0
2023-07-22 21:03:52,explorer,0
2023-07-22 21:03:52,template1,0
2023-07-22 21:03:52,template0,0
2023-07-22 21:04:02,postgres,0
2023-07-22 21:04:02,explorer,0
2023-07-22 21:04:02,template1,0
2023-07-22 21:04:02,template0,0
2023-07-22 21:04:12,postgres,0
2023-07-22 21:04:12,explorer,0
2023-07-22 21:04:12,template1,0
2023-07-22 21:04:12,template0,0
2023-07-22 21:04:22,postgres,0
2023-07-22 21:04:22,explorer,0
2023-07-22 21:04:22,template1,0
2023-07-22 21:04:22,template0,0
2023-07-22 21:04:32,postgres,0
2023-07-22 21:04:32,explorer,0
2023-07-22 21:04:32,template1,0
2023-07-22 21:04:32,template0,0
2023-07-22 21:04:42,postgres,0
2023-07-22 21:04:42,explorer,0
2023-07-22 21:04:42,template1,0
2023-07-22 21:04:42,template0,0
2023-07-22 21:04:52,postgres,0
2023-07-22 21:04:52,explorer,0
2023-07-22 21:04:52,template1,0
2023-07-22 21:04:52,template0,0
2023-07-22 21:05:02,postgres,0
2023-07-22 21:05:02,explorer,0
2023-07-22 21:05:02,template1,0
2023-07-22 21:05:02,template0,0
2023-07-22 21:05:12,postgres,0
2023-07-22 21:05:12,explorer,0
2023-07-22 21:05:12,template1,0
2023-07-22 21:05:12,template0,0
2023-07-22 21:05:22,postgres,0
2023-07-22 21:05:22,explorer,0
2023-07-22 21:05:22,template1,0
2023-07-22 21:05:22,template0,0
2023-07-22 21:05:32,postgres,0
2023-07-22 21:05:32,explorer,0
2023-07-22 21:05:32,template1,0
2023-07-22 21:05:32,template0,0
2023-07-22 21:05:42,postgres,0
2023-07-22 21:05:42,explorer,0
2023-07-22 21:05:42,template1,0
2023-07-22 21:05:42,template0,0
2023-07-22 21:05:52,postgres,0
2023-07-22 21:05:52,explorer,0
2023-07-22 21:05:52,template1,0
2023-07-22 21:05:52,template0,0
2023-07-22 21:06:02,postgres,0
2023-07-22 21:06:02,explorer,0
2023-07-22 21:06:02,template1,0
2023-07-22 21:06:02,template0,0
2023-07-22 21:06:13,postgres,0
2023-07-22 21:06:13,explorer,0
2023-07-22 21:06:13,template1,0
2023-07-22 21:06:13,template0,0
2023-07-22 21:06:22,postgres,0
2023-07-22 21:06:22,explorer,0
2023-07-22 21:06:22,template1,0
2023-07-22 21:06:22,template0,0
2023-07-22 21:06:32,postgres,0
2023-07-22 21:06:32,explorer,0
2023-07-22 21:06:32,template1,0
2023-07-22 21:06:32,template0,0
2023-07-22 21:06:43,postgres,0
2023-07-22 21:06:43,explorer,0
2023-07-22 21:06:43,template1,0
2023-07-22 21:06:43,template0,0
2023-07-22 21:06:52,postgres,0
2023-07-22 21:06:52,explorer,0
2023-07-22 21:06:52,template1,0
2023-07-22 21:06:52,template0,0
2023-07-22 21:07:02,postgres,0
2023-07-22 21:07:02,explorer,0
2023-07-22 21:07:02,template1,0
2023-07-22 21:07:02,template0,0
2023-07-22 21:07:13,postgres,0
2023-07-22 21:07:13,explorer,0
2023-07-22 21:07:13,template1,0
2023-07-22 21:07:13,template0,0
2023-07-22 21:07:23,postgres,0
2023-07-22 21:07:23,explorer,0
2023-07-22 21:07:23,template1,0
2023-07-22 21:07:23,template0,0
2023-07-22 21:07:33,postgres,0
2023-07-22 21:07:33,explorer,0
2023-07-22 21:07:33,template1,0
2023-07-22 21:07:33,template0,0
2023-07-22 21:07:44,postgres,0
2023-07-22 21:07:44,explorer,0
2023-07-22 21:07:44,template1,0
2023-07-22 21:07:44,template0,0
2023-07-22 21:07:52,postgres,0
2023-07-22 21:07:52,explorer,0
2023-07-22 21:07:52,template1,0
2023-07-22 21:07:52,template0,0
2023-07-23 05:21:57,postgres,0
2023-07-23 05:21:57,explorer,0
2023-07-23 05:21:57,template1,0
2023-07-23 05:21:57,template0,0
2023-07-23 05:22:06,postgres,0
2023-07-23 05:22:06,explorer,0
2023-07-23 05:22:06,template1,0
2023-07-23 05:22:06,template0,0
2023-07-23 05:22:16,postgres,0
2023-07-23 05:22:16,explorer,0
2023-07-23 05:22:16,template1,0
2023-07-23 05:22:16,template0,0
2023-07-23 05:22:26,postgres,0
2023-07-23 05:22:26,explorer,0
2023-07-23 05:22:26,template1,0
2023-07-23 05:22:26,template0,0
2023-07-23 05:22:36,postgres,0
2023-07-23 05:22:36,explorer,0
2023-07-23 05:22:36,template1,0
2023-07-23 05:22:36,template0,0
2023-07-23 05:22:46,postgres,0
2023-07-23 05:22:46,explorer,0
2023-07-23 05:22:46,template1,0
2023-07-23 05:22:46,template0,0
2023-07-23 05:22:56,postgres,0
2023-07-23 05:22:56,explorer,0
2023-07-23 05:22:56,template1,0
2023-07-23 05:22:56,template0,0
2023-07-23 05:23:06,postgres,0
2023-07-23 05:23:06,explorer,0
2023-07-23 05:23:06,template1,0
2023-07-23 05:23:06,template0,0
2023-07-23 05:23:16,postgres,0
2023-07-23 05:23:16,explorer,0
2023-07-23 05:23:16,template1,0
2023-07-23 05:23:16,template0,0
2023-07-23 05:23:26,postgres,0
2023-07-23 05:23:26,explorer,0
2023-07-23 05:23:26,template1,0
2023-07-23 05:23:26,template0,0
2023-07-23 05:23:36,postgres,0
2023-07-23 05:23:36,explorer,0
2023-07-23 05:23:36,template1,0
2023-07-23 05:23:36,template0,0
2023-07-23 05:23:46,postgres,0
2023-07-23 05:23:46,explorer,0
2023-07-23 05:23:46,template1,0
2023-07-23 05:23:46,template0,0
2023-07-23 05:23:57,postgres,0
2023-07-23 05:23:57,explorer,0
2023-07-23 05:23:57,template1,0
2023-07-23 05:23:57,template0,0
2023-07-23 05:24:06,postgres,0
2023-07-23 05:24:06,explorer,0
2023-07-23 05:24:06,template1,0
2023-07-23 05:24:06,template0,0
2023-07-23 05:24:16,postgres,0
2023-07-23 05:24:16,explorer,0
2023-07-23 05:24:16,template1,0
2023-07-23 05:24:16,template0,0
2023-07-23 05:24:26,postgres,0
2023-07-23 05:24:26,explorer,0
2023-07-23 05:24:26,template1,0
2023-07-23 05:24:26,template0,0
2023-07-23 05:24:36,postgres,0
2023-07-23 05:24:36,explorer,0
2023-07-23 05:24:36,template1,0
2023-07-23 05:24:36,template0,0
2023-07-23 05:24:47,postgres,0
2023-07-23 05:24:47,explorer,0
2023-07-23 05:24:47,template1,0
2023-07-23 05:24:47,template0,0
2023-07-23 05:24:57,postgres,0
2023-07-23 05:24:57,explorer,0
2023-07-23 05:24:57,template1,0
2023-07-23 05:24:57,template0,0
2023-07-23 05:25:07,postgres,0
2023-07-23 05:25:07,explorer,0
2023-07-23 05:25:07,template1,0
2023-07-23 05:25:07,template0,0
2023-07-23 05:25:17,postgres,0
2023-07-23 05:25:17,explorer,0
2023-07-23 05:25:17,template1,0
2023-07-23 05:25:17,template0,0
2023-07-23 05:25:27,postgres,0
2023-07-23 05:25:27,explorer,0
2023-07-23 05:25:27,template1,0
2023-07-23 05:25:27,template0,0
2023-07-23 05:25:37,postgres,0
2023-07-23 05:25:37,explorer,0
2023-07-23 05:25:37,template1,0
2023-07-23 05:25:37,template0,0
2023-07-23 05:25:47,postgres,0
2023-07-23 05:25:47,explorer,0
2023-07-23 05:25:47,template1,0
2023-07-23 05:25:47,template0,0
2023-07-23 05:25:57,postgres,0
2023-07-23 05:25:57,explorer,0
2023-07-23 05:25:57,template1,0
2023-07-23 05:25:57,template0,0
2023-07-23 05:26:08,postgres,0
2023-07-23 05:26:08,explorer,0
2023-07-23 05:26:08,template1,0
2023-07-23 05:26:08,template0,0
2023-07-23 05:26:17,postgres,0
2023-07-23 05:26:17,explorer,0
2023-07-23 05:26:17,template1,0
2023-07-23 05:26:17,template0,0
2023-07-23 05:26:27,postgres,0
2023-07-23 05:26:27,explorer,0
2023-07-23 05:26:27,template1,0
2023-07-23 05:26:27,template0,0
2023-07-23 05:26:38,postgres,0
2023-07-23 05:26:38,explorer,0
2023-07-23 05:26:38,template1,0
2023-07-23 05:26:38,template0,0
2023-07-23 05:26:47,postgres,0
2023-07-23 05:26:47,explorer,0
2023-07-23 05:26:47,template1,0
2023-07-23 05:26:47,template0,0
2023-07-23 05:26:57,postgres,0
2023-07-23 05:26:57,explorer,0
2023-07-23 05:26:57,template1,0
2023-07-23 05:26:57,template0,0
2023-07-23 05:27:07,postgres,0
2023-07-23 05:27:07,explorer,0
2023-07-23 05:27:07,template1,0
2023-07-23 05:27:07,template0,0
2023-07-23 05:27:17,postgres,0
2023-07-23 05:27:17,explorer,0
2023-07-23 05:27:17,template1,0
2023-07-23 05:27:17,template0,0
2023-07-23 05:27:28,postgres,0
2023-07-23 05:27:28,explorer,0
2023-07-23 05:27:28,template1,0
2023-07-23 05:27:28,template0,0
2023-07-23 05:34:44,postgres,0
2023-07-23 05:34:44,explorer,0
2023-07-23 05:34:44,template1,0
2023-07-23 05:34:44,template0,0
2023-07-23 05:34:54,postgres,0
2023-07-23 05:34:54,explorer,0
2023-07-23 05:34:54,template1,0
2023-07-23 05:34:54,template0,0
2023-07-23 05:35:03,postgres,0
2023-07-23 05:35:03,explorer,0
2023-07-23 05:35:03,template1,0
2023-07-23 05:35:03,template0,0
2023-07-23 05:35:13,postgres,0
2023-07-23 05:35:13,explorer,0
2023-07-23 05:35:13,template1,0
2023-07-23 05:35:13,template0,0
2023-07-23 05:35:24,postgres,0
2023-07-23 05:35:24,explorer,0
2023-07-23 05:35:24,template1,0
2023-07-23 05:35:24,template0,0
2023-07-23 05:35:34,postgres,0
2023-07-23 05:35:34,explorer,0
2023-07-23 05:35:34,template1,0
2023-07-23 05:35:34,template0,0
2023-07-23 05:35:43,postgres,0
2023-07-23 05:35:43,explorer,0
2023-07-23 05:35:43,template1,0
2023-07-23 05:35:43,template0,0
2023-07-23 05:35:53,postgres,0
2023-07-23 05:35:53,explorer,0
2023-07-23 05:35:53,template1,0
2023-07-23 05:35:53,template0,0
2023-07-23 05:36:03,postgres,0
2023-07-23 05:36:03,explorer,0
2023-07-23 05:36:03,template1,0
2023-07-23 05:36:03,template0,0
2023-07-23 05:36:14,postgres,0
2023-07-23 05:36:14,explorer,0
2023-07-23 05:36:14,template1,0
2023-07-23 05:36:14,template0,0
2023-07-23 05:36:23,postgres,0
2023-07-23 05:36:23,explorer,0
2023-07-23 05:36:23,template1,0
2023-07-23 05:36:23,template0,0
2023-07-23 05:36:34,postgres,0
2023-07-23 05:36:34,explorer,0
2023-07-23 05:36:34,template1,0
2023-07-23 05:36:34,template0,0
2023-07-23 05:36:44,postgres,0
2023-07-23 05:36:44,explorer,0
2023-07-23 05:36:44,template1,0
2023-07-23 05:36:44,template0,0
2023-07-23 05:36:54,postgres,0
2023-07-23 05:36:54,explorer,0
2023-07-23 05:36:54,template1,0
2023-07-23 05:36:54,template0,0
2023-07-23 05:37:03,postgres,0
2023-07-23 05:37:03,explorer,0
2023-07-23 05:37:03,template1,0
2023-07-23 05:37:03,template0,0
2023-07-23 05:37:14,postgres,0
2023-07-23 05:37:14,explorer,0
2023-07-23 05:37:14,template1,0
2023-07-23 05:37:14,template0,0
2023-07-23 05:37:23,postgres,0
2023-07-23 05:37:23,explorer,0
2023-07-23 05:37:23,template1,0
2023-07-23 05:37:23,template0,0
2023-07-23 05:37:34,postgres,0
2023-07-23 05:37:34,explorer,0
2023-07-23 05:37:34,template1,0
2023-07-23 05:37:34,template0,0
2023-07-23 05:37:44,postgres,0
2023-07-23 05:37:44,explorer,0
2023-07-23 05:37:44,template1,0
2023-07-23 05:37:44,template0,0
2023-07-23 05:37:54,postgres,0
2023-07-23 05:37:54,explorer,0
2023-07-23 05:37:54,template1,0
2023-07-23 05:37:54,template0,0
2023-07-23 05:38:05,postgres,0
2023-07-23 05:38:05,explorer,0
2023-07-23 05:38:05,template1,0
2023-07-23 05:38:05,template0,0
2023-07-23 05:38:14,postgres,0
2023-07-23 05:38:14,explorer,0
2023-07-23 05:38:14,template1,0
2023-07-23 05:38:14,template0,0
2023-07-23 05:38:24,postgres,0
2023-07-23 05:38:24,explorer,0
2023-07-23 05:38:24,template1,0
2023-07-23 05:38:24,template0,0
2023-07-23 05:38:33,postgres,0
2023-07-23 05:38:33,explorer,0
2023-07-23 05:38:33,template1,0
2023-07-23 05:38:33,template0,0
