timestamp,pid,queryTime
2023-08-02 11:52:01,3980,0.01723003387451172
2023-08-02 11:52:11,3981,0.10455608367919922
2023-08-02 11:55:31,3980,0.04230999946594238
2023-08-02 11:56:01,3980,-2.288818359375E-5
2023-08-02 11:56:31,3980,0.365037202835083
2023-08-02 12:01:11,3981,0.10102009773254395
2023-08-02 12:01:51,3980,0.05051589012145996
2023-08-02 12:03:21,3980,0.07464790344238281
2023-08-02 12:03:31,3980,0.3544127941131592
2023-08-02 12:03:41,3981,0.11356496810913086
2023-08-02 12:04:31,3980,0.1896800994873047
2023-08-02 12:04:31,3981,1.1114709377288818
2023-08-02 12:10:41,3981,0.02986598014831543
2023-08-02 12:16:11,3981,0.020737886428833008
2023-08-02 12:19:01,3980,0.2666449546813965
2023-08-02 12:20:11,3981,-2.6941299438476562E-5
2023-08-02 12:38:01,5968,0.0
2023-08-02 12:45:11,5968,1.2683868408203125E-4
2023-08-02 12:45:21,5968,7.641315460205078E-4
2023-08-05 14:07:33,2843,4.193732023239136
2023-08-05 14:08:03,2843,9.240087032318115
2023-08-05 14:08:13,2843,19.273392915725708
2023-08-05 14:08:23,2843,29.26151394844055
2023-08-05 14:08:33,2843,39.309321880340576
2023-08-05 14:11:03,11064,0.663006067276001
2023-08-05 14:23:30,11064,0.6616740226745605
2023-08-05 14:23:30,11065,3.5412399768829346
2023-08-05 14:23:30,11066,0.813122034072876
2023-08-05 14:23:30,11067,5.246834993362427
2023-08-05 14:23:30,11068,3.743942975997925
2023-08-05 14:23:30,11069,5.317118883132935
2023-08-05 14:23:30,11070,4.710130929946899
2023-08-05 14:23:30,11071,5.211334943771362
2023-08-05 14:23:39,11064,2.472675085067749
2023-08-05 14:23:39,11065,1.6033198833465576
2023-08-05 14:23:39,11066,2.498775005340576
2023-08-05 14:23:39,11067,1.3940649032592773
2023-08-05 14:23:39,11068,2.2805299758911133
2023-08-05 14:23:39,11069,1.2898800373077393
2023-08-05 14:23:39,11070,1.9445700645446777
2023-08-05 14:23:39,11071,1.8626210689544678
2023-08-05 14:23:50,11064,1.1766929626464844
2023-08-05 14:23:50,11065,5.661111116409302
2023-08-05 14:23:50,11066,0.7769749164581299
2023-08-05 14:23:50,11067,6.93212890625
2023-08-05 14:23:50,11068,-0.0055539608001708984
2023-08-05 14:23:50,11069,7.0194361209869385
2023-08-05 14:23:50,11070,6.4325270652771
2023-08-05 14:23:50,11071,6.049315929412842
2023-08-05 14:23:59,11064,0.34821295738220215
2023-08-05 14:23:59,11065,2.594296932220459
2023-08-05 14:23:59,11066,0.31928491592407227
2023-08-05 14:23:59,11067,3.693984031677246
2023-08-05 14:23:59,11068,0.27122998237609863
2023-08-05 14:23:59,11069,5.093297004699707
2023-08-05 14:23:59,11070,3.270756959915161
2023-08-05 14:23:59,11071,1.740527868270874
2023-08-05 14:24:09,11064,2.5318970680236816
2023-08-05 14:24:09,11065,0.7104909420013428
2023-08-05 14:24:09,11066,2.264348030090332
2023-08-05 14:24:09,11067,1.7589969635009766
2023-08-05 14:24:09,11068,1.1428608894348145
2023-08-05 14:24:09,11069,1.5110580921173096
2023-08-05 14:24:09,11070,1.2735919952392578
2023-08-05 14:24:09,11071,3.0219500064849854
2023-08-05 14:24:21,11064,10.106140851974487
2023-08-05 14:24:21,11065,5.699656963348389
2023-08-05 14:24:21,11066,9.113388061523438
2023-08-05 14:24:21,11067,8.701082944869995
2023-08-05 14:24:21,11068,5.8157079219818115
2023-08-05 14:24:21,11069,8.442738056182861
2023-08-05 14:24:21,11070,5.744302988052368
2023-08-05 14:24:21,11071,1.0561959743499756
2023-08-05 14:24:30,11064,7.592433929443359
2023-08-05 14:24:30,11065,2.3869400024414062
2023-08-05 14:24:30,11066,7.253325939178467
2023-08-05 14:24:30,11067,6.770273923873901
2023-08-05 14:24:30,11068,2.473968029022217
2023-08-05 14:24:30,11069,4.788172960281372
2023-08-05 14:24:30,11070,1.6754119396209717
2023-08-05 14:24:30,11071,9.281065940856934
2023-08-05 14:24:30,11714,1.6754119396209717
2023-08-05 14:24:30,11713,1.6754119396209717
2023-08-05 14:24:41,11064,7.102874040603638
2023-08-05 14:24:41,11065,6.319953918457031
2023-08-05 14:24:41,11066,3.5503828525543213
2023-08-05 14:24:41,11067,6.143286943435669
2023-08-05 14:24:41,11068,5.827872037887573
2023-08-05 14:24:41,11069,6.563559055328369
2023-08-05 14:24:41,11070,6.634553909301758
2023-08-05 14:24:41,11071,4.576739072799683
2023-08-05 14:24:49,11064,3.022672176361084
2023-08-05 14:24:49,11065,1.9196281433105469
2023-08-05 14:24:49,11066,4.78777813911438
2023-08-05 14:24:49,11067,3.053887128829956
2023-08-05 14:24:49,11068,2.2081611156463623
2023-08-05 14:24:49,11069,3.067394971847534
2023-08-05 14:24:49,11070,3.0161731243133545
2023-08-05 14:24:49,11071,1.9673480987548828
2023-08-05 14:25:00,11064,5.432348012924194
2023-08-05 14:25:00,11065,3.1060891151428223
2023-08-05 14:25:00,11066,1.6763391494750977
2023-08-05 14:25:00,11067,5.144158124923706
2023-08-05 14:25:00,11068,4.935984134674072
2023-08-05 14:25:00,11069,5.322504997253418
2023-08-05 14:25:00,11070,1.3667471408843994
2023-08-05 14:25:00,11071,4.623126983642578
2023-08-05 14:25:00,11752,1.3667471408843994
2023-08-05 14:25:00,11751,1.3667471408843994
2023-08-05 14:25:09,11064,1.7063188552856445
2023-08-05 14:25:09,11065,6.577208042144775
2023-08-05 14:25:09,11066,4.612293004989624
2023-08-05 14:25:09,11067,4.217464923858643
2023-08-05 14:25:09,11068,3.019789934158325
2023-08-05 14:25:09,11069,4.0860209465026855
2023-08-05 14:25:09,11070,2.933154821395874
2023-08-05 14:25:09,11071,2.675791025161743
2023-08-05 14:25:19,11064,0.3153560161590576
2023-08-05 14:25:19,11065,5.930510997772217
2023-08-05 14:25:19,11066,1.4894421100616455
2023-08-05 14:25:19,11067,3.1526010036468506
2023-08-05 14:25:19,11068,1.1361730098724365
2023-08-05 14:25:19,11069,1.1332969665527344
2023-08-05 14:25:19,11070,1.516448974609375
2023-08-05 14:25:19,11071,0.8189520835876465
2023-08-05 14:25:29,11064,1.1026759147644043
2023-08-05 14:25:29,11065,0.9323179721832275
2023-08-05 14:25:29,11066,0.5021939277648926
2023-08-05 14:25:29,11067,1.9434258937835693
2023-08-05 14:25:29,11068,1.9208729267120361
2023-08-05 14:25:29,11069,1.014909029006958
2023-08-05 14:25:29,11070,1.2242460250854492
2023-08-05 14:25:29,11071,0.2740669250488281
2023-08-05 14:25:39,11064,2.1670079231262207
2023-08-05 14:25:39,11065,1.0183579921722412
2023-08-05 14:25:39,11066,1.9662210941314697
2023-08-05 14:25:39,11067,2.2936360836029053
2023-08-05 14:25:39,11068,0.4044220447540283
2023-08-05 14:25:39,11069,1.9564249515533447
2023-08-05 14:25:39,11070,2.0162510871887207
2023-08-05 14:25:39,11071,1.841839075088501
2023-08-05 14:25:49,11064,1.0422298908233643
2023-08-05 14:25:49,11065,2.355232000350952
2023-08-05 14:25:49,11066,0.0354769229888916
2023-08-05 14:25:49,11067,2.457292079925537
2023-08-05 14:25:49,11068,0.8928370475769043
2023-08-05 14:25:49,11069,1.8643879890441895
2023-08-05 14:25:49,11070,0.7346971035003662
2023-08-05 14:25:49,11071,2.7246170043945312
2023-08-05 14:25:59,11064,2.637587070465088
2023-08-05 14:25:59,11065,1.579308032989502
2023-08-05 14:25:59,11066,2.067523956298828
2023-08-05 14:25:59,11067,1.2488420009613037
2023-08-05 14:25:59,11068,2.1087751388549805
2023-08-05 14:25:59,11069,0.6189820766448975
2023-08-05 14:25:59,11070,1.450242042541504
2023-08-05 14:25:59,11071,1.8245749473571777
2023-08-05 14:26:09,11064,1.4856789112091064
2023-08-05 14:26:09,11065,0.2243518829345703
2023-08-05 14:26:09,11066,2.1172568798065186
2023-08-05 14:26:09,11067,2.796355962753296
2023-08-05 14:26:09,11068,2.9294819831848145
2023-08-05 14:26:09,11069,2.3700690269470215
2023-08-05 14:26:09,11070,0.3060340881347656
2023-08-05 14:26:09,11071,0.7585999965667725
2023-08-05 14:26:09,11860,0.7585999965667725
2023-08-05 14:26:09,11861,0.7585999965667725
2023-08-05 14:26:20,11064,0.11483502388000488
2023-08-05 14:26:20,11065,1.888127088546753
2023-08-05 14:26:20,11066,1.011260986328125
2023-08-05 14:26:20,11067,1.160344123840332
2023-08-05 14:26:20,11068,1.5054881572723389
2023-08-05 14:26:20,11069,0.35308003425598145
2023-08-05 14:26:20,11070,1.7622101306915283
2023-08-05 14:26:20,11071,1.905224084854126
2023-08-05 14:26:20,11885,0.35308003425598145
2023-08-05 14:26:20,11887,0.35308003425598145
2023-08-05 14:26:30,11064,1.0046429634094238
2023-08-05 14:26:30,11065,1.3580288887023926
2023-08-05 14:26:30,11066,1.609635829925537
2023-08-05 14:26:30,11067,1.83927583694458
2023-08-05 14:26:30,11068,1.7766568660736084
2023-08-05 14:26:30,11069,3.1499290466308594
2023-08-05 14:26:30,11070,2.4661929607391357
2023-08-05 14:26:30,11071,2.736515998840332
2023-08-05 14:26:39,11064,2.052856922149658
2023-08-05 14:26:39,11065,0.17131495475769043
2023-08-05 14:26:39,11066,0.5025689601898193
2023-08-05 14:26:39,11067,0.1327829360961914
2023-08-05 14:26:39,11068,1.2502717971801758
2023-08-05 14:26:39,11069,1.365196943283081
2023-08-05 14:26:39,11070,2.3918449878692627
2023-08-05 14:26:39,11071,0.2103579044342041
2023-08-05 14:26:49,11064,0.04331493377685547
2023-08-05 14:27:01,11066,1.1002089977264404
2023-08-05 14:27:01,11067,0.2453629970550537
2023-08-05 14:27:01,11071,2.4199109077453613
2023-08-05 14:27:09,11065,0.31209516525268555
2023-08-05 14:27:09,11067,1.2971069812774658
2023-08-05 14:27:19,11069,0.25011110305786133
2023-08-05 14:27:19,11070,1.3628849983215332
2023-08-05 14:27:29,11071,0.06621003150939941
2023-08-05 14:27:39,11064,0.02974700927734375
2023-08-05 14:27:49,11066,0.01664900779724121
2023-08-05 14:27:59,11065,-2.09808349609375E-5
2023-08-05 14:28:09,11069,-1.3113021850585938E-5
2023-08-05 14:28:19,11071,0.005166053771972656
2023-08-05 14:28:29,11064,0.032102108001708984
2023-08-05 14:28:39,11066,9.670257568359375E-4
2023-08-05 14:28:49,11065,0.0056378841400146484
2023-08-05 14:29:09,11071,0.22438502311706543
2023-08-05 14:29:19,11064,0.004600048065185547
2023-08-05 14:29:49,11069,0.0018229484558105469
2023-08-05 14:30:59,11064,0.34240078926086426
2023-08-05 14:31:09,11066,0.155426025390625
2023-08-05 14:31:19,11065,0.08448410034179688
2023-08-05 14:31:29,11069,0.025884151458740234
2023-08-05 14:31:39,11071,0.03177690505981445
2023-08-05 14:31:49,11064,0.49072909355163574
2023-08-05 14:31:49,11070,1.5083510875701904
2023-08-05 14:32:00,11066,1.07234787940979
2023-08-05 14:32:00,11067,0.2071230411529541
2023-08-05 14:32:00,11068,2.2489209175109863
2023-08-05 14:32:09,11065,0.043817996978759766
2023-08-05 14:32:19,11069,0.0571439266204834
2023-08-05 14:32:29,11071,0.03857302665710449
2023-08-05 14:32:39,11064,0.035405874252319336
2023-08-05 14:32:49,11066,0.017622947692871094
2023-08-05 14:32:59,11065,0.08081483840942383
2023-08-05 14:33:09,11069,0.004683017730712891
2023-08-05 14:33:29,11064,0.013350963592529297
2023-08-05 14:33:39,11066,0.003053903579711914
2023-08-05 14:33:49,11065,0.023360013961791992
2023-08-05 14:33:59,11069,0.07433819770812988
2023-08-05 14:34:19,11064,9.5367431640625E-7
2023-08-05 14:34:29,11066,0.05931591987609863
2023-08-05 14:34:39,11065,0.1673429012298584
2023-08-05 14:34:39,11067,1.1020278930664062
2023-08-05 14:34:49,11069,0.5241868495941162
2023-08-05 14:34:49,11070,1.492663860321045
2023-08-05 14:35:00,11066,1.725904941558838
2023-08-05 14:35:00,11068,1.7098407745361328
2023-08-05 14:35:00,11069,2.7201669216156006
2023-08-05 14:35:00,11071,0.6282548904418945
2023-08-05 14:35:00,12482,1.725904941558838
2023-08-05 14:35:00,12483,1.725904941558838
2023-08-05 14:35:09,11067,0.10673403739929199
2023-08-05 14:35:19,11069,0.24834108352661133
2023-08-05 14:35:19,11070,1.3407070636749268
2023-08-05 14:35:29,11064,1.3946340084075928
2023-08-05 14:35:29,11065,0.41030120849609375
2023-08-05 14:35:29,11069,2.397292137145996
2023-08-05 14:35:29,11070,3.393275022506714
2023-08-05 14:35:39,11067,0.12404489517211914
2023-08-05 14:35:49,11069,0.22586894035339355
2023-08-05 14:35:59,11066,0.4269862174987793
2023-08-05 14:36:09,11070,0.035398006439208984
2023-08-05 14:36:20,11065,0.2871520519256592
2023-08-05 14:36:20,11068,1.5866739749908447
2023-08-05 14:36:29,11067,0.03679299354553223
2023-08-05 14:36:39,11069,0.007005929946899414
2023-08-05 14:36:49,11066,0.02960801124572754
2023-08-05 14:36:59,11070,-1.4519691467285156E-4
2023-08-05 14:37:09,11068,0.16288495063781738
2023-08-05 14:37:19,11067,-2.4080276489257812E-5
2023-08-05 14:37:29,11069,0.05004715919494629
2023-08-05 14:37:39,11066,0.022598981857299805
2023-08-05 14:37:49,11070,0.25961995124816895
2023-08-05 14:37:59,11064,1.1111259460449219
2023-08-05 14:37:59,11068,0.11276912689208984
2023-08-05 14:38:09,11067,0.06042289733886719
2023-08-05 14:38:19,11069,0.023838043212890625
2023-08-05 14:38:29,11066,0.010359048843383789
2023-08-05 14:38:39,11070,0.002462148666381836
2023-08-05 14:38:49,11068,0.048356056213378906
2023-08-05 14:39:09,12720,0.05283093452453613
2023-08-05 14:40:09,12732,0.0324249267578125
2023-08-05 14:40:19,12732,0.18345999717712402
2023-08-05 14:40:29,12720,1.2283010482788086
2023-08-05 14:40:29,12732,0.2982048988342285
2023-08-05 14:40:39,12733,1.3012471199035645
2023-08-05 14:40:39,12720,0.49807119369506836
2023-08-05 14:40:39,12732,2.5156960487365723
2023-08-05 14:40:49,12720,0.22344517707824707
2023-08-05 14:41:00,12733,0.6922369003295898
2023-08-05 14:41:00,12720,2.8236429691314697
2023-08-05 14:41:00,12732,1.8407747745513916
2023-08-05 14:41:10,12733,0.6070280075073242
2023-08-05 14:41:10,12732,2.875903844833374
2023-08-05 14:41:10,12746,1.8002569675445557
2023-08-05 14:41:19,12733,0.14040303230285645
2023-08-05 14:41:29,12720,1.4340271949768066
2023-08-05 14:41:29,12732,0.46646904945373535
2023-08-05 14:41:40,12720,3.937809944152832
2023-08-05 14:41:40,12748,0.8060939311981201
2023-08-05 14:41:40,12732,1.8718440532684326
2023-08-05 14:41:40,12746,2.9039270877838135
2023-08-05 14:41:50,12733,8.327960968017578E-4
2023-08-05 14:41:50,12755,0.08311891555786133
2023-08-05 14:41:50,12720,8.066358804702759
2023-08-05 14:41:50,12747,2.2295289039611816
2023-08-05 14:41:50,12748,2.8177618980407715
2023-08-05 14:41:50,12732,4.202888011932373
2023-08-05 14:41:50,12761,5.1137778759002686
2023-08-05 14:41:50,12746,6.148892879486084
2023-08-05 14:42:00,12733,2.964024066925049
2023-08-05 14:42:00,12755,1.7900991439819336
2023-08-05 14:42:00,12720,0.26407504081726074
2023-08-05 14:42:00,12747,3.9818081855773926
2023-08-05 14:42:00,12748,4.921555995941162
2023-08-05 14:42:00,12732,5.985272169113159
2023-08-05 14:42:00,12761,6.122213125228882
2023-08-05 14:42:00,12746,7.084280014038086
2023-08-05 14:42:00,12975,0.26407504081726074
2023-08-05 14:42:10,12733,1.865285873413086
2023-08-05 14:42:10,12755,0.1678929328918457
2023-08-05 14:42:10,12720,8.103732824325562
2023-08-05 14:42:10,12747,2.6167569160461426
2023-08-05 14:42:10,12748,4.853932857513428
2023-08-05 14:42:10,12732,6.821331977844238
2023-08-05 14:42:10,12761,8.069870948791504
2023-08-05 14:42:10,12746,8.617251873016357
2023-08-05 14:42:20,12733,1.2574901580810547
2023-08-05 14:42:20,12755,1.121678113937378
2023-08-05 14:42:20,12720,7.318305015563965
2023-08-05 14:42:20,12747,3.989851951599121
2023-08-05 14:42:20,12748,4.897518157958984
2023-08-05 14:42:20,12732,4.649230003356934
2023-08-05 14:42:20,12761,5.852985143661499
2023-08-05 14:42:20,12746,8.556465148925781
2023-08-05 14:42:30,12733,2.028069019317627
2023-08-05 14:42:30,12755,1.586733102798462
2023-08-05 14:42:30,12720,8.149126052856445
2023-08-05 14:42:30,12747,2.706737995147705
2023-08-05 14:42:30,12748,7.056340932846069
2023-08-05 14:42:30,12732,4.333704948425293
2023-08-05 14:42:30,12761,7.168860912322998
2023-08-05 14:42:41,12733,3.475348949432373
2023-08-05 14:42:41,12755,3.337538003921509
2023-08-05 14:42:41,12720,2.700956106185913
2023-08-05 14:42:41,12747,4.281680107116699
2023-08-05 14:42:41,12748,2.7366161346435547
2023-08-05 14:42:41,12732,5.223115921020508
2023-08-05 14:42:41,12761,0.32967591285705566
2023-08-05 14:42:41,12746,3.596745014190674
2023-08-05 14:42:51,12733,6.06239914894104
2023-08-05 14:42:51,12755,2.8378031253814697
2023-08-05 14:42:51,12720,0.025573015213012695
2023-08-05 14:42:51,12747,7.906970977783203
2023-08-05 14:42:51,12748,3.043195962905884
2023-08-05 14:42:51,12732,8.824047088623047
2023-08-05 14:42:51,12761,10.545830965042114
2023-08-05 14:42:51,12746,6.620119094848633
2023-08-05 14:43:00,12733,3.216355085372925
2023-08-05 14:43:00,12755,12.293493032455444
2023-08-05 14:43:00,12720,9.267921924591064
2023-08-05 14:43:00,12747,5.766047954559326
2023-08-05 14:43:00,12748,12.498885869979858
2023-08-05 14:43:00,12732,7.375108003616333
2023-08-05 14:43:00,12761,8.249293088912964
2023-08-05 14:43:00,12746,2.9867029190063477
2023-08-05 14:43:10,12733,3.043086051940918
2023-08-05 14:43:10,12755,8.297271966934204
2023-08-05 14:43:10,12720,6.857960939407349
2023-08-05 14:43:10,12747,4.990126848220825
2023-08-05 14:43:10,12748,9.464732885360718
2023-08-05 14:43:10,12732,7.516732931137085
2023-08-05 14:43:10,12761,9.760319948196411
2023-08-05 14:43:10,12746,4.853955030441284
2023-08-05 14:43:21,12733,1.3098890781402588
2023-08-05 14:43:21,12755,8.433320999145508
2023-08-05 14:43:21,12720,3.8594541549682617
2023-08-05 14:43:21,12747,5.983151197433472
2023-08-05 14:43:21,12748,8.082503080368042
2023-08-05 14:43:21,12732,2.8011021614074707
2023-08-05 14:43:21,12761,8.412083148956299
2023-08-05 14:43:21,12746,3.2139670848846436
2023-08-05 14:43:31,12733,0.48453521728515625
2023-08-05 14:43:31,12755,7.45058798789978
2023-08-05 14:43:31,12720,2.9040040969848633
2023-08-05 14:43:31,12747,4.97713303565979
2023-08-05 14:43:31,12748,6.799590110778809
2023-08-05 14:43:31,12732,2.6466450691223145
2023-08-05 14:43:31,12761,2.9896562099456787
2023-08-05 14:43:31,12746,3.7388720512390137
2023-08-05 14:43:31,13067,2.6466450691223145
2023-08-05 14:43:31,13066,2.6466450691223145
2023-08-05 14:43:40,12733,9.705520153045654
2023-08-05 14:43:40,12755,5.353425025939941
2023-08-05 14:43:40,12720,0.26419496536254883
2023-08-05 14:43:40,12747,2.420475959777832
2023-08-05 14:43:40,12748,4.176346063613892
2023-08-05 14:43:40,12732,8.388033151626587
2023-08-05 14:43:40,12761,12.210641145706177
2023-08-05 14:43:40,12746,0.7094290256500244
2023-08-05 14:43:50,12733,4.325824975967407
2023-08-05 14:43:50,12755,1.6879558563232422
2023-08-05 14:43:50,12720,0.2675290107727051
2023-08-05 14:43:50,12747,0.5765180587768555
2023-08-05 14:43:50,12748,4.521874904632568
2023-08-05 14:43:50,12732,3.9310920238494873
2023-08-05 14:43:50,12761,4.192080974578857
2023-08-05 14:43:50,12746,0.21198105812072754
2023-08-05 14:43:50,13096,0.2675290107727051
2023-08-05 14:43:50,13097,0.2675290107727051
2023-08-05 14:43:59,12733,2.57351016998291
2023-08-05 14:43:59,12755,2.5495190620422363
2023-08-05 14:43:59,12720,1.412503957748413
2023-08-05 14:43:59,12747,2.568385124206543
2023-08-05 14:43:59,12748,1.5791349411010742
2023-08-05 14:43:59,12732,2.1283910274505615
2023-08-05 14:43:59,12761,0.2161550521850586
2023-08-05 14:43:59,12746,0.7622790336608887
2023-08-05 14:44:09,12733,0.22101306915283203
2023-08-05 14:44:09,12747,1.2253739833831787
2023-08-05 14:44:19,12748,0.12143397331237793
2023-08-05 14:44:29,12755,0.1097860336303711
2023-08-05 14:44:39,12720,0.24866604804992676
2023-08-05 14:44:49,12761,0.37849903106689453
2023-08-05 14:44:49,12746,1.3641090393066406
2023-08-05 14:44:59,12733,0.1661238670349121
2023-08-05 14:44:59,12732,1.140841007232666
2023-08-05 14:45:09,12748,0.01877880096435547
2023-08-05 14:45:19,12755,0.49633002281188965
2023-08-05 14:45:19,12746,1.480393886566162
2023-08-05 14:45:30,12720,0.5962989330291748
2023-08-05 14:45:39,12761,0.02732110023498535
2023-08-05 14:45:59,12748,0.005261898040771484
2023-08-05 14:46:19,12720,0.002624988555908203
2023-08-05 14:46:29,12761,0.0014221668243408203
2023-08-05 14:46:39,12733,0.06916403770446777
2023-08-05 14:46:49,12748,0.4455711841583252
2023-08-05 14:46:49,12746,1.4146571159362793
2023-08-05 14:46:59,12755,0.22812604904174805
2023-08-05 14:46:59,12732,1.2075810432434082
2023-08-05 14:47:10,12720,0.8097620010375977
2023-08-05 14:47:10,12747,1.9484031200408936
2023-08-05 14:47:10,12732,3.8982551097869873
2023-08-05 14:47:21,12733,7.591585874557495
2023-08-05 14:47:21,12755,6.376543045043945
2023-08-05 14:47:21,12720,3.5278160572052
2023-08-05 14:47:21,12747,4.541163921356201
2023-08-05 14:47:21,12748,9.523658037185669
2023-08-05 14:47:21,12732,5.524606943130493
2023-08-05 14:47:21,12761,1.2113440036773682
2023-08-05 14:47:21,12746,0.1470170021057129
2023-08-05 14:47:21,13339,0.1470170021057129
2023-08-05 14:47:30,12733,1.2726809978485107
2023-08-05 14:47:30,12755,7.204648017883301
2023-08-05 14:47:30,12720,4.91658091545105
2023-08-05 14:47:30,12747,4.936398029327393
2023-08-05 14:47:30,12748,7.135883092880249
2023-08-05 14:47:30,12732,5.742609977722168
2023-08-05 14:47:30,12761,1.1365420818328857
2023-08-05 14:47:30,12746,7.630079030990601
2023-08-05 14:47:40,12733,3.1532771587371826
2023-08-05 14:47:40,12755,0.22167515754699707
2023-08-05 14:47:40,12720,0.015388011932373047
2023-08-05 14:47:40,12747,1.342069149017334
2023-08-05 14:47:40,12748,0.7271420955657959
2023-08-05 14:47:40,12732,6.815607070922852
2023-08-05 14:47:40,12761,3.2847042083740234
2023-08-05 14:47:40,12746,9.370349168777466
2023-08-05 14:47:50,12733,6.425323963165283
2023-08-05 14:47:50,12755,1.8828299045562744
2023-08-05 14:47:50,12720,7.678328037261963
2023-08-05 14:47:50,12747,2.8954520225524902
2023-08-05 14:47:50,12748,3.246819019317627
2023-08-05 14:47:50,12732,0.15917181968688965
2023-08-05 14:47:50,12761,5.184325933456421
2023-08-05 14:47:50,12746,1.1115329265594482
2023-08-05 14:48:01,12720,3.4969098567962646
2023-08-05 14:48:01,12747,1.5175600051879883
2023-08-05 14:48:01,12748,0.3714888095855713
2023-08-05 14:48:01,12732,4.49917197227478
2023-08-05 14:48:01,12761,2.5294129848480225
2023-08-05 14:48:11,12733,7.297173976898193
2023-08-05 14:48:11,12755,2.4238839149475098
2023-08-05 14:48:11,12720,5.611086845397949
2023-08-05 14:48:11,12747,3.6443018913269043
2023-08-05 14:48:11,12748,2.5959689617156982
2023-08-05 14:48:11,12732,6.535606861114502
2023-08-05 14:48:11,12761,4.545094013214111
2023-08-05 14:48:11,12746,0.3253509998321533
2023-08-05 14:48:21,12733,8.125738859176636
2023-08-05 14:48:21,12755,9.606074094772339
2023-08-05 14:48:21,12720,4.466541051864624
2023-08-05 14:48:21,12747,2.4108729362487793
2023-08-05 14:48:21,12748,2.060671091079712
2023-08-05 14:48:21,12732,5.344388008117676
2023-08-05 14:48:21,12761,4.343124866485596
2023-08-05 14:48:21,12746,10.299885034561157
2023-08-05 14:48:30,12733,3.602648973464966
2023-08-05 14:48:30,12755,1.9571280479431152
2023-08-05 14:48:30,12720,3.4888861179351807
2023-08-05 14:48:30,12747,2.405787944793701
2023-08-05 14:48:30,12748,2.522505044937134
2023-08-05 14:48:30,12732,3.2835309505462646
2023-08-05 14:48:30,12761,2.612149953842163
2023-08-05 14:48:30,12746,0.29010009765625
2023-08-05 14:48:39,12748,0.10998892784118652
2023-08-05 14:48:49,12747,0.1404430866241455
2023-08-05 14:49:00,12755,0.8850369453430176
2023-08-05 14:49:00,12747,2.9593589305877686
2023-08-05 14:49:00,12732,1.9494640827178955
2023-08-05 14:49:10,12733,2.864100933074951
2023-08-05 14:49:10,12755,3.9235379695892334
2023-08-05 14:49:10,12732,1.8269259929656982
2023-08-05 14:49:10,12746,0.8027679920196533
2023-08-05 14:49:19,12747,0.2400660514831543
2023-08-05 14:49:29,12733,0.10462093353271484
2023-08-05 14:49:40,12733,3.109066963195801
2023-08-05 14:49:40,12720,-5.9604644775390625E-6
2023-08-05 14:49:40,12748,4.102191925048828
2023-08-05 14:49:40,12732,1.9185459613800049
2023-08-05 14:49:40,12761,1.0221500396728516
2023-08-05 14:49:50,12733,5.4273130893707275
2023-08-05 14:49:50,12755,8.432277917861938
2023-08-05 14:49:50,12720,10.30765700340271
2023-08-05 14:49:50,12747,9.434263944625854
2023-08-05 14:49:50,12748,6.444648027420044
2023-08-05 14:49:50,12732,3.473473072052002
2023-08-05 14:49:50,12761,1.5965440273284912
2023-08-05 14:49:50,12746,7.426732063293457
2023-08-05 14:50:01,12733,5.5022101402282715
2023-08-05 14:50:01,12755,9.37997317314148
2023-08-05 14:50:01,12720,0.14101409912109375
2023-08-05 14:50:01,12747,8.621347188949585
2023-08-05 14:50:01,12748,7.563055038452148
2023-08-05 14:50:01,12732,3.725006103515625
2023-08-05 14:50:01,12761,12.218160152435303
2023-08-05 14:50:01,12746,7.528431177139282
2023-08-05 14:50:10,12733,5.236996173858643
2023-08-05 14:50:10,12755,1.885354995727539
2023-08-05 14:50:10,12720,2.163060188293457
2023-08-05 14:50:10,12747,5.770585060119629
2023-08-05 14:50:10,12748,2.19543719291687
2023-08-05 14:50:10,12732,3.19539213180542
2023-08-05 14:50:10,12761,2.1839230060577393
2023-08-05 14:50:10,12746,1.5741560459136963
2023-08-05 14:50:21,12733,6.541340112686157
2023-08-05 14:50:21,12755,3.7588870525360107
2023-08-05 14:50:21,12720,5.079993963241577
2023-08-05 14:50:21,12747,1.0471630096435547
2023-08-05 14:50:21,12748,3.0887210369110107
2023-08-05 14:50:21,12732,5.106112003326416
2023-08-05 14:50:21,12761,2.7750799655914307
2023-08-05 14:50:21,12746,2.6042020320892334
2023-08-05 14:50:30,12733,0.2131190299987793
2023-08-05 14:50:30,12755,3.512096881866455
2023-08-05 14:50:30,12720,5.12588095664978
2023-08-05 14:50:30,12747,3.1767098903656006
2023-08-05 14:50:30,12748,3.5813779830932617
2023-08-05 14:50:30,12732,5.232646942138672
2023-08-05 14:50:30,12761,2.9995319843292236
2023-08-05 14:50:30,12746,1.9869039058685303
2023-08-05 14:50:39,12755,2.0866940021514893
2023-08-05 14:50:39,12720,1.6528210639953613
2023-08-05 14:50:39,12747,1.1822130680084229
2023-08-05 14:50:39,12748,0.26841306686401367
2023-08-05 14:50:39,12732,2.351957082748413
2023-08-05 14:50:39,12761,1.353485107421875
2023-08-05 14:50:49,12720,0.15139389038085938
2023-08-05 14:50:59,12761,0.04386091232299805
2023-08-05 14:51:09,12733,0.08777809143066406
2023-08-05 14:51:09,12747,1.069378137588501
2023-08-05 14:51:19,12732,0.4534471035003662
2023-08-05 14:51:19,12746,1.45011305809021
2023-08-05 14:51:29,12748,0.05712294578552246
2023-08-05 14:51:49,12761,0.007467031478881836
2023-08-05 14:51:59,12733,0.026652097702026367
2023-08-05 14:52:19,12748,0.0
2023-08-05 14:52:49,12733,0.010525941848754883
2023-08-05 14:52:59,12732,0.005599021911621094
2023-08-05 14:53:09,12748,0.008732080459594727
2023-08-05 14:53:19,12720,0.05773305892944336
2023-08-05 14:53:29,12761,0.012009859085083008
2023-08-05 14:53:39,12733,0.003137826919555664
2023-08-05 14:53:49,12732,0.14883112907409668
2023-08-05 14:54:00,12748,0.7951900959014893
2023-08-05 14:54:09,12720,0.045053958892822266
2023-08-05 14:54:19,12761,0.05955910682678223
2023-08-05 14:54:29,12733,0.04669499397277832
2023-08-05 14:54:40,12747,1.6795639991760254
2023-08-05 14:54:40,12732,0.5264711380004883
2023-08-05 14:54:49,10654,0.06678485870361328
2023-08-05 14:54:49,12748,0.08719086647033691
2023-08-05 14:59:09,12720,-3.0040740966796875E-5
2023-08-05 14:59:59,12720,2.620220184326172E-4
2023-08-05 15:30:27,2843,9.536718845367432
2023-08-05 15:30:37,2843,19.512444019317627
2023-08-05 15:30:47,2843,29.495728969573975
2023-08-05 15:30:57,2843,39.50259304046631
2023-08-05 15:31:50,15062,8.119769811630249
2023-08-05 15:31:50,15063,0.6290290355682373
2023-08-05 15:31:50,15064,6.887683868408203
2023-08-05 15:31:50,15065,6.075984954833984
2023-08-05 15:31:50,15075,5.080205917358398
2023-08-05 15:31:50,15076,0.551649808883667
2023-08-05 15:31:50,15077,0.59061598777771
2023-08-05 15:31:50,15078,0.5571608543395996
2023-08-05 15:31:58,15062,1.20330810546875
2023-08-05 15:31:58,15063,4.309889078140259
2023-08-05 15:31:58,15065,5.737026929855347
2023-08-05 15:31:58,15075,0.22723007202148438
2023-08-05 15:31:58,15076,3.2668659687042236
2023-08-05 15:31:58,15077,2.2529399394989014
2023-08-05 15:31:58,15078,4.260054111480713
2023-08-05 15:32:08,15062,10.82267713546753
2023-08-05 15:32:08,15063,4.3664021492004395
2023-08-05 15:32:08,15064,8.86571717262268
2023-08-05 15:32:08,15065,0.6557400226593018
2023-08-05 15:32:08,15075,9.846599102020264
2023-08-05 15:32:08,15076,0.8895590305328369
2023-08-05 15:32:08,15077,11.87230896949768
2023-08-05 15:32:08,15078,6.645832061767578
2023-08-05 15:32:17,15062,5.407541036605835
2023-08-05 15:32:17,15063,6.875104904174805
2023-08-05 15:32:17,15064,6.609716892242432
2023-08-05 15:32:17,15065,10.186527967453003
2023-08-05 15:32:17,15075,6.045392990112305
2023-08-05 15:32:17,15076,10.420346975326538
2023-08-05 15:32:17,15077,8.990520000457764
2023-08-05 15:32:17,15078,9.359241962432861
2023-08-05 15:32:27,15062,0.4540550708770752
2023-08-05 15:32:27,15063,3.1328299045562744
2023-08-05 15:32:27,15064,3.2859981060028076
2023-08-05 15:32:27,15065,5.061230897903442
2023-08-05 15:32:27,15075,1.963191032409668
2023-08-05 15:32:27,15076,0.03597402572631836
2023-08-05 15:32:27,15077,3.6472480297088623
2023-08-05 15:32:27,15078,1.813889980316162
2023-08-05 15:32:39,15063,2.0309550762176514
2023-08-05 15:32:39,15065,0.03879904747009277
2023-08-05 15:32:39,15078,0.859673023223877
2023-08-05 15:32:39,15144,0.14505696296691895
2023-08-05 15:32:48,15062,6.413159132003784
2023-08-05 15:32:48,15063,1.5458810329437256
2023-08-05 15:32:48,15064,2.2547221183776855
2023-08-05 15:32:48,15065,9.183535099029541
2023-08-05 15:32:48,15075,8.180036067962646
2023-08-05 15:32:48,15076,6.131932973861694
2023-08-05 15:32:48,15077,5.312946081161499
2023-08-05 15:32:48,15078,10.091272115707397
2023-08-05 15:32:57,15063,2.4108309745788574
2023-08-05 15:32:57,15065,1.2323708534240723
2023-08-05 15:32:57,15076,0.36206984519958496
2023-08-05 15:32:57,15077,1.725794792175293
2023-08-05 15:32:57,15078,1.6883080005645752
2023-08-05 15:33:07,15064,0.19803595542907715
2023-08-05 15:33:17,15078,0.2539408206939697
2023-08-05 15:33:27,15076,0.07360982894897461
2023-08-05 15:33:37,15064,0.11189389228820801
2023-08-05 15:33:47,15078,0.0720670223236084
2023-08-05 15:33:57,15076,0.0831151008605957
2023-08-05 15:34:07,15064,0.06585097312927246
2023-08-05 15:34:17,15078,0.08683919906616211
2023-08-05 15:34:27,15076,0.08521318435668945
2023-08-05 15:34:37,15064,0.07443499565124512
2023-08-05 15:34:47,15078,0.10769391059875488
2023-08-05 15:34:57,15076,0.07997393608093262
2023-08-05 15:35:07,15064,0.11141800880432129
2023-08-05 15:35:17,15078,0.09443902969360352
2023-08-05 15:35:27,15076,0.09970402717590332
2023-08-05 15:35:37,15064,0.08581900596618652
2023-08-05 15:35:47,15078,0.05917191505432129
2023-08-05 15:35:57,15076,0.07177519798278809
2023-08-05 15:36:07,15064,0.050299882888793945
2023-08-05 15:36:17,15078,0.07352709770202637
2023-08-05 15:36:27,15076,0.05333590507507324
2023-08-05 15:36:37,15064,0.05112099647521973
2023-08-05 15:36:47,15078,0.04273104667663574
2023-08-05 15:36:57,15076,0.09829401969909668
2023-08-05 15:37:07,15064,0.08306503295898438
2023-08-05 15:37:17,15078,0.08586788177490234
2023-08-05 15:37:28,15063,2.959367036819458
2023-08-05 15:37:28,15075,0.007776021957397461
2023-08-05 15:37:28,15076,0.8344089984893799
2023-08-05 15:37:28,15077,1.9210789203643799
2023-08-05 15:37:37,15064,0.0704660415649414
2023-08-05 15:37:47,15078,0.09289407730102539
2023-08-05 15:37:57,15065,0.11160397529602051
2023-08-05 15:38:07,15064,0.06147313117980957
2023-08-05 15:38:17,15078,0.06561398506164551
2023-08-05 15:38:27,15065,0.0372159481048584
2023-08-05 15:38:37,15064,0.055410146713256836
2023-08-05 15:38:47,15078,0.050282955169677734
2023-08-05 15:38:57,15065,0.0333409309387207
2023-08-05 15:39:07,15064,0.035043954849243164
2023-08-05 15:39:17,15078,0.06209301948547363
2023-08-05 15:39:27,15065,0.08360695838928223
2023-08-05 15:39:37,15064,0.05336594581604004
2023-08-05 15:39:47,15078,0.05091595649719238
2023-08-05 15:39:57,15065,0.09865808486938477
2023-08-05 15:40:07,15064,0.05774188041687012
2023-08-05 15:40:17,15078,0.053520917892456055
2023-08-05 15:40:27,15065,0.03691411018371582
2023-08-05 15:40:37,15064,0.04649710655212402
2023-08-05 15:40:47,15078,0.04621410369873047
2023-08-05 15:40:57,15065,0.041648149490356445
2023-08-05 15:41:07,15064,0.03629493713378906
2023-08-05 15:41:17,15078,0.0452420711517334
2023-08-05 15:41:27,15065,0.037300825119018555
2023-08-05 15:41:37,15064,0.07979607582092285
2023-08-05 15:41:47,15078,0.04913616180419922
2023-08-05 15:41:57,15065,0.036730051040649414
2023-08-05 15:42:07,15064,0.044403076171875
2023-08-05 15:42:17,15078,0.07806396484375
2023-08-05 15:42:27,15065,0.10908102989196777
2023-08-05 15:42:37,15064,0.041372060775756836
2023-08-05 15:42:47,15078,0.04100513458251953
2023-08-05 15:42:57,15065,0.05989789962768555
2023-08-05 15:43:07,15064,0.060066938400268555
2023-08-05 15:43:17,15078,0.05719614028930664
2023-08-05 15:43:27,15065,0.08479189872741699
2023-08-05 15:43:37,15064,0.05454087257385254
2023-08-05 15:43:47,15078,0.03441905975341797
2023-08-05 15:43:57,15065,0.06364083290100098
2023-08-05 15:44:07,15064,0.052030086517333984
2023-08-05 15:44:17,15078,0.04273796081542969
2023-08-05 15:44:27,15065,0.10547685623168945
2023-08-05 15:44:37,15064,0.04227089881896973
2023-08-05 15:44:47,15078,0.051629066467285156
2023-08-05 15:44:57,15065,0.05675792694091797
2023-08-05 15:45:07,15064,0.0457301139831543
2023-08-05 15:45:17,15078,0.04852795600891113
2023-08-05 15:45:27,15065,0.08600592613220215
2023-08-05 15:45:37,15064,0.042263031005859375
2023-08-05 15:45:47,15078,0.037776947021484375
2023-08-05 15:45:57,15065,0.03805184364318848
2023-08-05 15:46:07,15064,0.06754612922668457
2023-08-05 15:46:17,15078,0.06929183006286621
2023-08-05 15:46:27,15065,0.0374760627746582
2023-08-05 15:46:37,15064,0.03457999229431152
2023-08-05 15:46:47,15078,0.0408937931060791
2023-08-05 15:46:57,15065,0.03880596160888672
2023-08-05 15:47:07,15064,0.055783987045288086
2023-08-05 15:47:17,15078,0.06132102012634277
2023-08-05 15:47:27,15065,0.06459999084472656
2023-08-05 15:47:37,15064,0.5021798610687256
2023-08-05 15:47:37,15076,1.4947450160980225
2023-08-05 15:47:47,15078,0.040808916091918945
2023-08-05 15:47:57,15065,0.0509340763092041
2023-08-05 15:48:07,15064,0.042903900146484375
2023-08-05 15:48:17,15078,0.054685115814208984
2023-08-05 15:48:27,15065,0.057832956314086914
2023-08-05 15:48:37,15064,0.04892992973327637
2023-08-05 15:48:47,15078,0.03283190727233887
2023-08-05 15:48:57,15065,0.037531137466430664
2023-08-05 15:49:07,15064,0.055459022521972656
2023-08-05 15:49:17,15078,0.05788087844848633
2023-08-05 15:49:27,15065,0.033772945404052734
2023-08-05 15:49:37,15064,0.062226057052612305
2023-08-05 15:49:47,15078,0.060658931732177734
2023-08-05 15:49:57,15065,0.05871009826660156
2023-08-05 15:50:07,15064,0.06996011734008789
2023-08-05 15:50:17,15078,0.06590890884399414
2023-08-05 15:50:27,15065,0.03919792175292969
2023-08-05 15:50:37,15064,0.06067490577697754
2023-08-05 15:50:47,15078,0.06327700614929199
2023-08-05 15:50:57,15065,0.0733039379119873
2023-08-05 15:51:07,15064,0.04181098937988281
2023-08-05 15:51:17,15078,0.056403160095214844
2023-08-05 15:51:27,15065,0.14140892028808594
2023-08-05 15:51:37,15064,0.08587384223937988
2023-08-05 15:51:47,15078,0.09883904457092285
2023-08-05 15:51:57,15065,0.07980513572692871
2023-08-05 15:52:07,15064,0.0857999324798584
2023-08-05 15:52:17,15078,0.07090210914611816
2023-08-05 15:52:27,15065,0.08823990821838379
2023-08-05 15:52:37,15064,0.09517884254455566
2023-08-05 15:52:47,15078,0.10420894622802734
2023-08-05 15:52:57,15065,0.18916702270507812
2023-08-05 15:53:07,15064,0.07735705375671387
2023-08-05 15:53:17,15078,0.10542106628417969
2023-08-05 15:53:27,15065,0.11839604377746582
2023-08-05 15:53:37,15064,0.09592199325561523
2023-08-05 15:53:47,15078,0.14759206771850586
2023-08-05 15:53:57,15063,1.5840229988098145
2023-08-05 15:53:57,15065,0.5393288135528564
2023-08-05 15:54:07,15064,0.07032084465026855
2023-08-05 15:54:17,15078,0.054216861724853516
2023-08-05 15:54:27,15063,0.057955026626586914
2023-08-05 15:54:37,15064,0.039144039154052734
2023-08-05 15:54:47,15078,0.03662300109863281
2023-08-05 15:54:57,15063,0.04878115653991699
2023-08-05 15:55:07,15064,0.18667912483215332
2023-08-05 15:55:17,15078,0.35664796829223633
2023-08-05 15:55:27,15063,0.04673600196838379
2023-08-05 15:55:37,15064,0.04346799850463867
2023-08-05 15:55:47,15078,0.0817251205444336
2023-08-05 15:55:57,15063,0.052639007568359375
2023-08-05 15:56:07,15062,1.3162341117858887
2023-08-05 15:56:07,15064,0.2966020107269287
2023-08-05 15:56:17,15078,0.0817718505859375
2023-08-05 15:56:27,15063,0.21341896057128906
2023-08-05 15:56:37,15064,0.11852288246154785
2023-08-05 15:56:47,15078,0.09727001190185547
2023-08-05 15:56:57,15063,0.0760488510131836
2023-08-05 15:57:07,15064,0.2937188148498535
2023-08-05 15:57:18,15065,2.5179290771484375
2023-08-05 15:57:18,15075,0.5143508911132812
2023-08-05 15:57:18,15078,1.2602310180664062
2023-08-05 15:57:27,15063,0.0706949234008789
2023-08-05 15:57:37,15064,0.08125495910644531
2023-08-05 15:57:47,15075,0.07786393165588379
2023-08-05 15:57:57,15063,0.15775394439697266
2023-08-05 15:58:07,15064,0.10523581504821777
2023-08-05 15:58:17,15075,0.10824894905090332
2023-08-05 15:58:27,15063,0.04682302474975586
2023-08-05 15:58:37,15064,0.05926012992858887
2023-08-05 15:58:47,15075,0.06632208824157715
2023-08-05 15:58:57,15063,0.15589594841003418
2023-08-05 15:59:07,15064,0.08034396171569824
2023-08-05 15:59:17,15075,0.12740302085876465
2023-08-05 15:59:27,15063,0.07027602195739746
2023-08-05 15:59:37,15064,0.5869860649108887
2023-08-05 15:59:37,15077,1.5828320980072021
2023-08-05 15:59:47,15065,0.07776308059692383
2023-08-05 15:59:57,15063,0.0880899429321289
2023-08-05 16:00:07,15064,0.06267189979553223
2023-08-05 16:00:17,15065,0.28352999687194824
2023-08-05 16:00:29,15062,7.8773720264434814
2023-08-05 16:00:29,15063,8.72927188873291
2023-08-05 16:00:29,15064,7.097934007644653
2023-08-05 16:00:29,15065,5.098246812820435
2023-08-05 16:00:29,15075,5.8963799476623535
2023-08-05 16:00:29,15076,3.0182390213012695
2023-08-05 16:00:29,15077,2.0693278312683105
2023-08-05 16:00:29,15078,3.6042158603668213
2023-08-05 16:00:39,15062,2.9849250316619873
2023-08-05 16:00:39,15063,6.411013126373291
2023-08-05 16:00:39,15064,16.69408416748047
2023-08-05 16:00:39,15065,14.69439697265625
2023-08-05 16:00:39,15075,15.492530107498169
2023-08-05 16:00:39,15076,12.614389181137085
2023-08-05 16:00:39,15077,11.665477991104126
2023-08-05 16:00:39,15078,13.200366020202637
2023-08-05 16:00:48,15062,12.562494039535522
2023-08-05 16:00:48,15064,0.8952491283416748
2023-08-05 16:00:48,15065,5.056457042694092
2023-08-05 16:00:48,15075,7.690091133117676
2023-08-05 16:00:48,15076,6.135785102844238
2023-08-05 16:00:48,15077,7.809355974197388
2023-08-05 16:00:48,15078,5.13780403137207
2023-08-05 16:00:48,15079,2.9089319705963135
2023-08-05 16:00:59,15062,9.94393014907837
2023-08-05 16:00:59,17059,3.9679150581359863
2023-08-05 16:00:59,15064,11.451532125473022
2023-08-05 16:00:59,15065,5.729995012283325
2023-08-05 16:00:59,15076,8.795835971832275
2023-08-05 16:00:59,15077,6.204447984695435
2023-08-05 16:00:59,17069,3.3728129863739014
2023-08-05 16:00:59,15080,5.952497959136963
2023-08-05 16:01:07,15062,6.187803030014038
2023-08-05 16:01:07,17059,3.156857967376709
2023-08-05 16:01:07,15064,3.7137701511383057
2023-08-05 16:01:07,17073,3.1775810718536377
2023-08-05 16:01:07,15076,5.415732145309448
2023-08-05 16:01:07,17069,1.3540771007537842
2023-08-05 16:01:07,15080,3.957663059234619
2023-08-05 16:01:07,17072,4.508681058883667
2023-08-05 16:01:17,15062,2.301142930984497
2023-08-05 16:01:17,17059,1.7037429809570312
2023-08-05 16:01:17,15064,1.1921310424804688
2023-08-05 16:01:17,17083,1.9281110763549805
2023-08-05 16:01:17,17073,1.527677059173584
2023-08-05 16:01:17,17069,2.7187581062316895
2023-08-05 16:01:17,15080,1.6407930850982666
2023-08-05 16:01:17,17072,1.6093220710754395
2023-08-05 16:01:28,15062,8.138378858566284
2023-08-05 16:01:28,17059,3.4789698123931885
2023-08-05 16:01:28,15064,5.550787925720215
2023-08-05 16:01:28,17083,7.831021785736084
2023-08-05 16:01:28,17073,8.559242010116577
2023-08-05 16:01:28,17069,8.671377897262573
2023-08-05 16:01:28,15080,8.690935850143433
2023-08-05 16:01:28,17072,7.7806549072265625
2023-08-05 16:01:38,17059,2.025345802307129
2023-08-05 16:01:38,17083,6.859109878540039
2023-08-05 16:01:38,17073,6.448807954788208
2023-08-05 16:01:38,17097,5.253396034240723
2023-08-05 16:01:38,17084,6.740530967712402
2023-08-05 16:01:38,17069,6.527029991149902
2023-08-05 16:01:38,17120,1.665436029434204
2023-08-05 16:01:38,17072,4.439476013183594
2023-08-05 16:01:48,17059,0.6979341506958008
2023-08-05 16:01:48,17083,2.606182098388672
2023-08-05 16:01:48,17073,2.0081160068511963
2023-08-05 16:01:48,17097,1.2646000385284424
2023-08-05 16:01:48,17084,1.8603711128234863
2023-08-05 16:01:48,17069,2.3451080322265625
2023-08-05 16:01:48,17120,0.7443580627441406
2023-08-05 16:01:48,17072,1.3903310298919678
2023-08-05 16:01:57,17059,1.5506150722503662
2023-08-05 16:01:57,17083,2.052639961242676
2023-08-05 16:01:57,17073,1.9908180236816406
2023-08-05 16:01:57,17097,2.389815092086792
2023-08-05 16:01:57,17084,2.3344810009002686
2023-08-05 16:01:57,17069,3.4534530639648438
2023-08-05 16:01:57,17120,1.8926200866699219
2023-08-05 16:01:57,17072,1.134855031967163
2023-08-05 16:02:07,17120,0.1500699520111084
2023-08-05 16:02:17,17083,0.13163280487060547
2023-08-05 16:02:27,17069,0.08257102966308594
2023-08-05 16:02:37,17120,0.11546778678894043
2023-08-05 16:02:47,17083,0.16169381141662598
2023-08-05 16:02:57,17069,0.15593814849853516
2023-08-05 16:03:07,17059,1.395738124847412
2023-08-05 16:03:07,17120,0.3839881420135498
2023-08-05 16:03:18,17059,4.844113111495972
2023-08-05 16:03:18,17083,0.8118290901184082
2023-08-05 16:03:18,17097,1.7019281387329102
2023-08-05 16:03:18,17069,5.731842041015625
2023-08-05 16:03:18,17120,3.7490689754486084
2023-08-05 16:03:18,17072,2.7797141075134277
2023-08-05 16:03:28,17059,6.055045127868652
2023-08-05 16:03:28,17083,2.4867801666259766
2023-08-05 16:03:28,17073,10.113770008087158
2023-08-05 16:03:28,17097,1.869023084640503
2023-08-05 16:03:28,17084,1.2416810989379883
2023-08-05 16:03:28,17069,8.031352996826172
2023-08-05 16:03:28,17120,7.162645101547241
2023-08-05 16:03:28,17072,3.5650641918182373
2023-08-05 16:03:38,17059,7.9495179653167725
2023-08-05 16:03:38,17083,1.8375270366668701
2023-08-05 16:03:38,17073,1.0269310474395752
2023-08-05 16:03:38,17097,4.067920923233032
2023-08-05 16:03:38,17084,1.3151299953460693
2023-08-05 16:03:38,17069,0.0699770450592041
2023-08-05 16:03:38,17120,7.582379102706909
2023-08-05 16:03:38,17072,4.9621899127960205
2023-08-05 16:03:47,17059,0.7818260192871094
2023-08-05 16:03:47,17083,2.156431198120117
2023-08-05 16:03:47,17073,1.3803191184997559
2023-08-05 16:03:47,17097,0.26353001594543457
2023-08-05 16:03:47,17084,1.442378044128418
2023-08-05 16:03:47,17069,1.144970178604126
2023-08-05 16:03:47,17120,0.744016170501709
2023-08-05 16:03:47,17072,4.479615211486816
2023-08-05 16:03:57,17059,0.46202683448791504
2023-08-05 16:03:57,17083,1.4907488822937012
2023-08-05 16:03:57,17120,3.5010898113250732
2023-08-05 16:03:57,17072,2.5061779022216797
2023-08-05 16:04:08,17059,4.834601163864136
2023-08-05 16:04:08,17083,3.755463123321533
2023-08-05 16:04:08,17073,2.786236047744751
2023-08-05 16:04:08,17097,6.791407108306885
2023-08-05 16:04:08,17069,1.6979591846466064
2023-08-05 16:04:08,17120,5.641632080078125
2023-08-05 16:04:08,17072,0.843419075012207
2023-08-05 16:04:18,17059,6.7072179317474365
2023-08-05 16:04:18,17083,5.806514024734497
2023-08-05 16:04:18,17073,3.10782790184021
2023-08-05 16:04:18,17097,0.9889800548553467
2023-08-05 16:04:18,17084,1.9101178646087646
2023-08-05 16:04:18,17069,2.249588966369629
2023-08-05 16:04:18,17120,0.061003923416137695
2023-08-05 16:04:18,17072,3.1058740615844727
2023-08-05 16:04:27,17059,0.3936729431152344
2023-08-05 16:04:27,17073,5.986219882965088
2023-08-05 16:04:27,17097,1.1890709400177002
2023-08-05 16:04:27,17084,3.9582788944244385
2023-08-05 16:04:27,17069,2.9218969345092773
2023-08-05 16:04:27,17120,2.3258719444274902
2023-08-05 16:04:27,17072,5.390744924545288
2023-08-05 16:04:37,17083,2.6222519874572754
2023-08-05 16:04:37,17073,1.61552095413208
2023-08-05 16:04:37,17072,0.590224027633667
2023-08-05 16:04:48,17059,6.139875888824463
2023-08-05 16:04:48,17083,1.0823349952697754
2023-08-05 16:04:48,17073,5.141749858856201
2023-08-05 16:04:48,17084,2.1182849407196045
2023-08-05 16:04:48,17069,4.079610824584961
2023-08-05 16:04:48,17072,3.068953037261963
2023-08-05 16:04:58,17059,1.8609211444854736
2023-08-05 16:04:58,17083,1.1175920963287354
2023-08-05 16:04:58,17097,2.249974012374878
2023-08-05 16:04:58,17084,3.999748945236206
2023-08-05 16:04:58,17120,0.10059404373168945
2023-08-05 16:04:58,17072,2.9114270210266113
2023-08-05 16:05:08,17059,4.624359130859375
2023-08-05 16:05:08,17083,3.5526840686798096
2023-08-05 16:05:08,17073,0.5753490924835205
2023-08-05 16:05:08,17097,1.624094009399414
2023-08-05 16:05:08,17120,2.6290130615234375
2023-08-05 16:05:18,17084,1.7029139995574951
2023-08-05 16:05:18,17072,0.6502141952514648
2023-08-05 16:05:27,17083,0.4878220558166504
2023-08-05 16:05:27,17120,1.5560359954833984
2023-08-05 16:05:38,17073,0.989509105682373
2023-08-05 16:05:38,17097,1.9887330532073975
2023-08-05 16:05:48,17072,0.7299911975860596
2023-08-05 16:05:57,17083,0.3593168258666992
2023-08-05 16:06:07,17073,0.2779810428619385
2023-08-05 16:06:17,17072,0.3369910717010498
2023-08-05 16:06:27,17083,0.07348394393920898
2023-08-05 16:06:37,17073,0.1566150188446045
2023-08-05 16:06:47,17072,0.08818912506103516
2023-08-05 16:06:57,17083,0.09206986427307129
2023-08-05 16:07:07,17073,0.25360608100891113
2023-08-05 16:07:17,17072,0.1202850341796875
2023-08-05 16:07:27,17083,0.21056485176086426
2023-08-05 16:07:37,17073,0.12936997413635254
2023-08-05 16:07:47,17072,0.07076597213745117
2023-08-05 16:07:57,17083,0.24534296989440918
2023-08-05 16:08:07,17073,0.10510897636413574
2023-08-05 16:08:17,17072,0.06797218322753906
2023-08-05 16:08:27,17083,0.05329084396362305
2023-08-05 16:08:37,17073,0.0623321533203125
2023-08-05 16:08:47,17072,0.07560300827026367
2023-08-05 16:08:57,17083,0.07024383544921875
2023-08-05 16:09:07,17073,0.09905385971069336
2023-08-05 16:09:17,17072,0.1471080780029297
2023-08-05 16:09:27,17083,0.30793118476867676
2023-08-05 16:09:37,17073,0.5157899856567383
2023-08-05 16:09:37,17069,1.5224909782409668
2023-08-05 16:09:48,17084,1.7737250328063965
2023-08-05 16:09:48,17072,0.6442239284515381
2023-08-05 16:09:57,17083,0.5661649703979492
2023-08-05 16:09:57,17097,1.555129051208496
2023-08-05 16:10:08,17059,0.17953205108642578
2023-08-05 16:10:08,17073,1.1798009872436523
2023-08-05 16:10:08,17069,3.1579010486602783
2023-08-05 16:10:08,17120,2.1454930305480957
2023-08-05 16:10:18,17084,1.807446002960205
2023-08-05 16:10:18,17069,0.8163931369781494
2023-08-05 16:10:28,17059,1.4033308029174805
2023-08-05 16:10:28,17083,0.4913809299468994
2023-08-05 16:10:28,17097,2.484470844268799
2023-08-05 16:10:28,17069,4.490417003631592
2023-08-05 16:10:28,17072,3.483902931213379
2023-08-05 16:10:37,17120,0.12701201438903809
2023-08-05 16:10:47,17069,0.11838006973266602
2023-08-05 16:10:57,17059,0.0713491439819336
2023-08-05 16:11:07,17120,0.09875988960266113
2023-08-05 16:11:17,17069,0.22837519645690918
2023-08-05 16:11:27,17059,0.30066394805908203
2023-08-05 16:11:37,17120,0.07825303077697754
2023-08-05 16:11:47,17069,0.07598090171813965
2023-08-05 16:11:57,17059,0.09000182151794434
2023-08-05 16:12:07,17120,0.2261199951171875
2023-08-05 16:12:17,17069,0.1915440559387207
2023-08-05 16:12:27,17059,0.16891813278198242
2023-08-05 16:12:37,17120,0.29308080673217773
2023-08-05 16:12:48,17069,0.6272079944610596
2023-08-05 16:12:58,17059,0.8215229511260986
2023-08-05 16:12:58,17084,1.7756149768829346
2023-08-05 16:13:07,17120,0.13581299781799316
2023-08-05 16:13:17,17072,0.2290210723876953
2023-08-05 16:13:27,17059,0.21721887588500977
2023-08-05 16:13:38,17059,4.304611921310425
2023-08-05 16:13:38,17083,3.3484621047973633
2023-08-05 16:13:38,17084,0.2973039150238037
2023-08-05 16:13:38,17069,2.300934076309204
2023-08-05 16:13:38,17120,1.290416955947876
2023-08-05 16:13:48,17059,5.55117392539978
2023-08-05 16:13:48,17083,3.637176990509033
2023-08-05 16:13:48,17073,1.6615889072418213
2023-08-05 16:13:48,17097,6.705262899398804
2023-08-05 16:13:48,17084,0.6504380702972412
2023-08-05 16:13:48,17069,4.64705491065979
2023-08-05 16:13:48,17120,2.695112943649292
2023-08-05 16:13:57,17069,1.4848840236663818
2023-08-05 16:13:57,17120,0.45996618270874023
2023-08-05 16:14:07,17059,0.07910704612731934
2023-08-05 16:14:17,17084,0.07061195373535156
2023-08-05 16:14:27,17120,0.060667991638183594
2023-08-05 16:14:37,17059,0.04857516288757324
2023-08-05 16:14:47,17084,0.055654048919677734
2023-08-05 16:14:57,17120,0.05764198303222656
2023-08-05 16:15:07,17059,0.06108593940734863
2023-08-05 16:15:17,17084,0.3013920783996582
2023-08-05 16:15:27,17120,0.05988907814025879
2023-08-05 16:15:37,17059,0.05221891403198242
2023-08-05 16:15:47,17084,0.054511070251464844
2023-08-05 16:15:57,17120,0.08886289596557617
2023-08-05 16:16:07,17059,0.057945966720581055
2023-08-05 16:16:17,17084,0.23810410499572754
2023-08-05 16:16:27,17120,0.08344602584838867
2023-08-05 16:16:37,17059,0.05103492736816406
2023-08-05 16:16:47,17084,0.07811713218688965
2023-08-05 16:16:57,17120,0.10554099082946777
2023-08-05 16:17:07,17059,0.0388028621673584
2023-08-05 16:17:17,17084,0.12327003479003906
2023-08-05 16:17:27,17120,0.05697512626647949
2023-08-05 16:17:37,10654,0.5877058506011963
2023-08-05 16:17:37,17059,0.08992505073547363
2023-08-05 16:32:57,18936,1.4802899360656738
2023-08-05 16:32:57,18946,2.487640857696533
2023-08-05 16:32:57,18947,0.4820129871368408
