timestamp,kind,calls,totalExecTime
2023-07-22 16:58:59,4,3960,8357.456075999997
2023-07-22 16:58:59,2,3971,47753.9359519999
2023-07-22 16:58:59,1,2717,1251.8045679999996
2023-07-22 16:59:09,4,3960,8357.456075999997
2023-07-22 16:59:09,2,3971,47753.9359519999
2023-07-22 16:59:09,1,2723,1253.4049089999996
2023-07-22 16:59:19,4,3960,8357.456075999997
2023-07-22 16:59:19,2,3971,47753.9359519999
2023-07-22 16:59:19,1,2729,1254.1051539999994
2023-07-22 16:59:29,4,3960,8357.456075999997
2023-07-22 16:59:29,2,3971,47753.9359519999
2023-07-22 16:59:29,1,2735,1254.7625469999998
2023-07-22 16:59:39,4,3960,8357.456075999997
2023-07-22 16:59:39,2,3971,47753.9359519999
2023-07-22 16:59:39,1,2741,1255.5038399999996
2023-07-22 16:59:49,4,3960,8357.456075999997
2023-07-22 16:59:49,2,3971,47753.9359519999
2023-07-22 16:59:49,1,2747,1256.3424479999996
2023-07-22 16:59:59,4,3960,8357.456075999997
2023-07-22 16:59:59,2,3971,47753.9359519999
2023-07-22 16:59:59,1,2753,1257.2850819999996
2023-07-22 17:00:09,4,3960,8357.456075999997
2023-07-22 17:00:09,2,3971,47753.9359519999
2023-07-22 17:00:09,1,2759,1258.4158029999996
2023-07-22 17:00:19,4,3960,8357.456075999997
2023-07-22 17:00:19,2,3971,47753.9359519999
2023-07-22 17:00:19,1,2769,1261.2638289999995
2023-07-22 17:00:29,4,3960,8357.456075999997
2023-07-22 17:00:29,2,3971,47753.9359519999
2023-07-22 17:00:29,1,2775,1283.2699709999997
2023-07-22 17:00:39,4,3960,8357.456075999997
2023-07-22 17:00:39,2,3971,47753.9359519999
2023-07-22 17:00:39,1,2781,1284.3185519999997
2023-07-22 17:00:49,4,3960,8357.456075999997
2023-07-22 17:00:49,2,3971,47753.9359519999
2023-07-22 17:00:49,1,2787,1285.0282169999996
2023-07-22 17:00:59,4,3960,8357.456075999997
2023-07-22 17:00:59,2,3971,47753.9359519999
2023-07-22 17:00:59,1,2793,1285.7049289999995
2023-07-22 17:01:09,4,3960,8357.456075999997
2023-07-22 17:01:09,2,3971,47753.9359519999
2023-07-22 17:01:09,1,2799,1286.2887449999996
2023-07-22 17:01:19,4,3960,8357.456075999997
2023-07-22 17:01:19,2,3971,47753.9359519999
2023-07-22 17:01:19,1,2805,1286.9661009999995
2023-07-22 17:01:29,4,3960,8357.456075999997
2023-07-22 17:01:29,2,3971,47753.9359519999
2023-07-22 17:01:29,1,2811,1287.6835229999997
2023-07-22 17:01:39,4,3960,8357.456075999997
2023-07-22 17:01:39,2,3971,47753.9359519999
2023-07-22 17:01:39,1,2817,1288.5240229999995
2023-07-22 17:01:49,4,3990,8436.059400999997
2023-07-22 17:01:49,2,4001,48248.172702999895
2023-07-22 17:01:49,1,2827,1290.5471099999997
2023-07-22 17:01:59,4,3990,8436.059400999997
2023-07-22 17:01:59,2,4001,48248.172702999895
2023-07-22 17:01:59,1,2833,1291.0414159999996
2023-07-22 17:02:09,4,3990,8436.059400999997
2023-07-22 17:02:09,2,4001,48248.172702999895
2023-07-22 17:02:09,1,2839,1291.7957339999998
2023-07-22 17:02:19,4,3990,8436.059400999997
2023-07-22 17:02:19,2,4001,48248.172702999895
2023-07-22 17:02:19,1,2845,1292.3527759999997
2023-07-22 17:02:29,4,3990,8436.059400999997
2023-07-22 17:02:29,2,4002,48333.059289999896
2023-07-22 17:02:29,1,2854,1293.4933729999998
2023-07-22 17:02:39,4,4000,8446.519582999996
2023-07-22 17:02:39,2,4012,48393.4527719999
2023-07-22 17:02:39,1,2864,1294.9388919999997
2023-07-22 17:02:49,4,4100,8561.744604999998
2023-07-22 17:02:49,2,4112,48858.3822239999
2023-07-22 17:02:49,1,2870,1295.4865589999997
2023-07-22 17:02:59,4,4200,8654.419721999999
2023-07-22 17:02:59,2,4212,49274.4004879999
2023-07-22 17:02:59,1,2876,1296.3517239999996
2023-07-22 17:03:09,4,4300,8879.293557999998
2023-07-22 17:03:09,2,4312,50527.8904529999
2023-07-22 17:03:09,1,2882,1297.0787619999996
2023-07-22 17:03:19,4,4400,9009.248957999998
2023-07-22 17:03:19,2,4412,50998.44086499989
2023-07-22 17:03:19,1,2888,1305.0776519999995
2023-07-22 17:03:29,4,4500,9125.327914
2023-07-22 17:03:29,2,4512,51503.81916899989
2023-07-22 17:03:29,1,2894,1305.6854099999996
2023-07-22 17:03:39,4,4600,9246.979874999997
2023-07-22 17:03:39,2,4612,52058.86135999991
2023-07-22 17:03:39,1,2900,1306.5785859999996
2023-07-22 17:03:49,4,4700,9336.977994999996
2023-07-22 17:03:49,2,4712,52428.93159499989
2023-07-22 17:03:49,1,2906,1307.6081479999998
2023-07-22 17:03:59,4,4800,9432.466885999997
2023-07-22 17:03:59,2,4812,52860.8441569999
2023-07-22 17:03:59,1,2912,1308.3808219999996
2023-07-22 17:04:09,4,4900,9529.059296999998
2023-07-22 17:04:09,2,4912,53270.9191739999
2023-07-22 17:04:09,1,2918,1309.2406589999996
2023-07-22 17:04:19,4,5000,9622.208014999997
2023-07-22 17:04:19,2,5012,53621.51565299989
2023-07-22 17:04:19,1,2924,1309.8943239999996
2023-07-22 17:04:29,4,5100,9713.687128999998
2023-07-22 17:04:29,2,5112,53978.592309999905
2023-07-22 17:04:29,1,2930,1310.4787529999996
2023-07-22 17:04:39,4,5200,9806.005932999999
2023-07-22 17:04:39,2,5212,54329.0561229999
2023-07-22 17:04:39,1,2936,1311.1940319999997
2023-07-22 17:04:49,4,5300,9897.721224999998
2023-07-22 17:04:49,2,5312,54691.83296699989
2023-07-22 17:04:49,1,2942,1311.7862829999997
2023-07-22 17:04:59,4,5400,10001.558682999996
2023-07-22 17:04:59,2,5412,55090.5133139999
2023-07-22 17:04:59,1,2948,1312.4254989999995
2023-07-22 17:05:09,4,5500,10136.221217999999
2023-07-22 17:05:09,2,5512,56072.25189199989
2023-07-22 17:05:09,1,2954,1313.2646479999999
2023-07-22 17:05:19,4,5600,10257.984261999998
2023-07-22 17:05:19,2,5612,56529.126559999895
2023-07-22 17:05:19,1,2960,1316.7591889999997
2023-07-22 17:05:29,4,5700,10368.829645999997
2023-07-22 17:05:29,2,5712,56934.7939169999
2023-07-22 17:05:29,1,2966,1317.3881309999997
2023-07-22 17:05:39,4,5800,10504.636337999998
2023-07-22 17:05:39,2,5812,57572.6604169999
2023-07-22 17:05:39,1,2972,1318.5215109999995
2023-07-22 17:05:49,4,5900,10624.101669999996
2023-07-22 17:05:49,2,5912,58040.6230969999
2023-07-22 17:05:49,1,2978,1319.7234299999996
2023-07-22 17:05:59,4,6000,10789.478019999995
2023-07-22 17:05:59,2,6012,58605.40115399989
2023-07-22 17:05:59,1,2984,1320.8243439999997
2023-07-22 17:06:09,4,6100,10930.966776999998
2023-07-22 17:06:09,2,6112,59208.49794399989
2023-07-22 17:06:09,1,2990,1321.7521009999996
2023-07-22 17:06:19,4,6200,11079.421816
2023-07-22 17:06:19,2,6212,59814.85318599989
2023-07-22 17:06:19,1,2996,1323.1440259999995
2023-07-22 17:06:29,4,6300,11180.658297999998
2023-07-22 17:06:29,2,6312,60198.65667899989
2023-07-22 17:06:29,1,3002,1323.8157829999996
2023-07-22 17:06:39,4,6400,11284.675274
2023-07-22 17:06:39,2,6412,60579.2922959999
2023-07-22 17:06:39,1,3008,1324.7978009999997
2023-07-22 17:06:49,4,6500,11386.026388999999
2023-07-22 17:06:49,2,6512,60943.62951299989
2023-07-22 17:06:49,1,3014,1325.4760819999997
2023-07-22 17:06:59,4,6600,11483.16266
2023-07-22 17:06:59,2,6612,61314.1983889999
2023-07-22 17:06:59,1,3020,1326.0794599999995
2023-07-22 17:07:09,4,6700,11580.682525999997
2023-07-22 17:07:09,2,6712,61703.9044039999
2023-07-22 17:07:09,1,3026,1326.7011929999994
2023-07-22 17:07:19,4,6800,11680.559991999999
2023-07-22 17:07:19,2,6812,62088.3572209999
2023-07-22 17:07:19,1,3032,1327.7560039999996
2023-07-22 17:07:29,4,6900,11772.643934999998
2023-07-22 17:07:29,2,6912,62447.5721109999
2023-07-22 17:07:29,1,3038,1328.3606479999996
2023-07-22 17:07:39,4,7000,11871.887952
2023-07-22 17:07:39,2,7012,62813.056986999894
2023-07-22 17:07:39,1,3044,1328.9413609999997
2023-07-22 17:07:49,4,7100,11985.551832999998
2023-07-22 17:07:49,2,7112,63229.01051699989
2023-07-22 17:07:49,1,3050,1329.5008169999996
2023-07-22 17:07:59,4,7200,12095.973764999999
2023-07-22 17:07:59,2,7212,63648.44516899989
2023-07-22 17:07:59,1,3056,1330.2249979999997
2023-07-22 17:08:09,4,7300,12209.050969999998
2023-07-22 17:08:09,2,7312,64076.8251379999
2023-07-22 17:08:09,1,3062,1331.3122409999996
2023-07-22 17:08:19,4,7400,12301.618440999999
2023-07-22 17:08:19,2,7412,64432.08094999991
2023-07-22 17:08:19,1,3068,1331.8947909999997
2023-07-22 17:08:29,4,7500,12394.229098999998
2023-07-22 17:08:29,2,7512,64784.534789999896
2023-07-22 17:08:29,1,3074,1332.9823579999997
2023-07-22 17:08:39,4,7600,12494.822879000001
2023-07-22 17:08:39,2,7612,65144.324672999894
2023-07-22 17:08:39,1,3080,1333.6672149999995
2023-07-22 17:08:49,4,7700,12591.136589
2023-07-22 17:08:49,2,7712,65501.45359199989
2023-07-22 17:08:49,1,3086,1334.4133559999996
2023-07-22 17:08:59,4,7800,12689.033599999999
2023-07-22 17:08:59,2,7812,65861.9643429999
2023-07-22 17:08:59,1,3092,1335.0934949999996
2023-07-22 17:09:09,4,7900,12800.167501
2023-07-22 17:09:09,2,7912,66361.24437199988
2023-07-22 17:09:09,1,3098,1335.9503349999995
2023-07-22 17:09:19,4,8000,12894.656527
2023-07-22 17:09:19,2,8012,66726.0984979999
2023-07-22 17:09:19,1,3104,1337.4689659999995
2023-07-22 17:09:29,4,8100,12991.021556999996
2023-07-22 17:09:29,2,8112,67082.2367199999
2023-07-22 17:09:29,1,3110,1338.1441529999997
2023-07-22 17:09:39,4,8200,13096.213348999998
2023-07-22 17:09:39,2,8212,67446.43480699988
2023-07-22 17:09:39,1,3116,1338.9637679999996
2023-07-22 17:09:49,4,8300,13218.314784999997
2023-07-22 17:09:49,2,8312,67875.07536799989
2023-07-22 17:09:49,1,3122,1339.7551469999996
2023-07-22 17:09:59,4,8400,13321.943605999999
2023-07-22 17:09:59,2,8412,68273.10989799991
2023-07-22 17:09:59,1,3128,1340.5737009999996
2023-07-22 17:10:09,4,8500,13425.204349999998
2023-07-22 17:10:09,2,8512,68664.5075929999
2023-07-22 17:10:09,1,3134,1341.6321229999994
2023-07-22 17:10:19,4,8600,13521.939956999999
2023-07-22 17:10:19,2,8612,69035.9164729999
2023-07-22 17:10:19,1,3140,1342.8860979999995
2023-07-22 17:10:29,4,8700,13621.549909
2023-07-22 17:10:29,2,8712,69383.6149559999
2023-07-22 17:10:29,1,3146,1343.5935799999997
2023-07-22 17:10:39,4,8800,13722.751118999999
2023-07-22 17:10:39,2,8812,69735.61430399992
2023-07-22 17:10:39,1,3152,1344.5482919999995
2023-07-22 17:10:49,4,8900,13824.531171999999
2023-07-22 17:10:49,2,8912,70099.7152559999
2023-07-22 17:10:49,1,3158,1345.5740639999995
2023-07-22 17:10:59,4,9000,13929.974681
2023-07-22 17:10:59,2,9012,70478.8252939999
2023-07-22 17:10:59,1,3164,1346.1508399999998
2023-07-22 17:11:09,4,9100,14039.357831
2023-07-22 17:11:09,2,9112,70862.33383999989
2023-07-22 17:11:09,1,3170,1346.9757469999995
2023-07-22 17:11:19,4,9200,14132.67304
2023-07-22 17:11:19,2,9212,71227.86186999989
2023-07-22 17:11:19,1,3176,1347.7477719999997
2023-07-22 17:11:29,4,9300,14249.479874999999
2023-07-22 17:11:29,2,9312,71648.72287499989
2023-07-22 17:11:29,1,3182,1348.4383009999997
2023-07-22 17:11:39,4,9400,14363.299152999998
2023-07-22 17:11:39,2,9412,72045.9254119999
2023-07-22 17:11:39,1,3188,1349.0370559999997
2023-07-22 17:11:49,4,9500,14462.961776999999
2023-07-22 17:11:49,2,9512,72401.05216899989
2023-07-22 17:11:49,1,3194,1349.8003249999997
2023-07-22 17:11:59,4,9600,14565.278638999998
2023-07-22 17:11:59,2,9612,72769.0959359999
2023-07-22 17:11:59,1,3200,1350.4086249999996
2023-07-22 17:12:09,4,9700,14664.564812999995
2023-07-22 17:12:09,2,9712,73151.94823899989
2023-07-22 17:12:09,1,3206,1351.0319119999995
2023-07-22 17:12:19,4,9800,14775.539888
2023-07-22 17:12:19,2,9812,73559.6357469999
2023-07-22 17:12:19,1,3212,1351.6399239999996
2023-07-22 17:12:29,4,9900,14878.437591999998
2023-07-22 17:12:29,2,9912,73942.6481849999
2023-07-22 17:12:29,1,3218,1352.7158449999995
2023-07-22 17:12:39,4,10000,14976.923011
2023-07-22 17:12:39,2,10012,74317.84064999988
2023-07-22 17:12:39,1,3224,1353.3430759999997
2023-07-22 17:12:49,4,10100,15074.35858
2023-07-22 17:12:49,2,10112,74677.82984699988
2023-07-22 17:12:49,1,3230,1354.1353789999994
2023-07-22 17:12:59,4,10200,15181.018848999998
2023-07-22 17:12:59,2,10212,75068.68839799988
2023-07-22 17:12:59,1,3236,1354.8603079999996
2023-07-22 17:13:09,4,10300,15315.056808999998
2023-07-22 17:13:09,2,10312,75621.24129399989
2023-07-22 17:13:09,1,3242,1355.8481709999996
2023-07-22 17:13:19,4,10400,15424.007649
2023-07-22 17:13:19,2,10412,76025.1494309999
2023-07-22 17:13:19,1,3248,1357.2313069999996
2023-07-22 17:13:29,4,10500,15525.214625999997
2023-07-22 17:13:29,2,10512,76392.11978399991
2023-07-22 17:13:29,1,3254,1358.1510829999993
2023-07-22 17:13:39,4,10600,15626.839981999998
2023-07-22 17:13:39,2,10612,76753.5713419999
2023-07-22 17:13:39,1,3260,1358.9749139999994
2023-07-22 17:13:49,4,10700,15728.759407000001
2023-07-22 17:13:49,2,10712,77123.45591399989
2023-07-22 17:13:49,1,3266,1359.6273479999995
2023-07-22 17:13:59,4,10800,15831.783293999997
2023-07-22 17:13:59,2,10812,77472.2316899999
2023-07-22 17:13:59,1,3272,1360.3269869999995
2023-07-22 17:14:09,4,10900,15940.874431999995
2023-07-22 17:14:09,2,10912,77856.69660599991
2023-07-22 17:14:09,1,3278,1361.0031769999996
2023-07-22 17:14:19,4,11000,16100.642751
2023-07-22 17:14:19,2,11012,78361.2817519999
2023-07-22 17:14:19,1,3284,1361.6893979999995
2023-07-22 17:14:29,4,11100,16208.115202999996
2023-07-22 17:14:29,2,11112,78763.4308549999
2023-07-22 17:14:29,1,3290,1362.3857959999996
2023-07-22 17:14:39,4,11200,16319.758382000002
2023-07-22 17:14:39,2,11212,79133.86031899988
2023-07-22 17:14:39,1,3296,1363.2250959999994
2023-07-22 17:14:49,4,11300,16424.797699
2023-07-22 17:14:49,2,11312,79508.95676499988
2023-07-22 17:14:49,1,3302,1364.7085729999994
2023-07-22 17:14:59,4,11400,16534.413482999997
2023-07-22 17:14:59,2,11412,79860.19522799988
2023-07-22 17:14:59,1,3308,1365.3804859999996
2023-07-22 17:15:09,4,11500,16639.407313
2023-07-22 17:15:09,2,11512,80241.0828909999
2023-07-22 17:15:09,1,3314,1366.1075749999995
2023-07-22 17:15:19,4,11600,16743.269914999997
2023-07-22 17:15:19,2,11612,80634.69660599988
2023-07-22 17:15:19,1,3320,1366.9724069999993
2023-07-22 17:15:29,4,11700,16845.479132999997
2023-07-22 17:15:29,2,11712,81000.14282699989
2023-07-22 17:15:29,1,3326,1367.7656409999995
2023-07-22 17:15:39,4,11800,16944.779012
2023-07-22 17:15:39,2,11812,81351.45365399991
2023-07-22 17:15:39,1,3332,1368.5098609999995
2023-07-22 17:15:49,4,11900,17072.30302
2023-07-22 17:15:49,2,11912,81781.6212529999
2023-07-22 17:15:49,1,3338,1369.1257389999996
2023-07-22 17:15:59,4,12000,17181.045317
2023-07-22 17:15:59,2,12012,82173.09004499989
2023-07-22 17:15:59,1,3344,1369.9142859999993
2023-07-22 17:16:09,4,12100,17277.138129
2023-07-22 17:16:09,2,12112,82529.73209799989
2023-07-22 17:16:09,1,3350,1370.9793129999994
2023-07-22 17:16:19,4,12200,17370.553842999994
2023-07-22 17:16:19,2,12212,82873.9486909999
2023-07-22 17:16:19,1,3356,1371.9689809999995
2023-07-22 17:16:29,4,12300,17471.791321
2023-07-22 17:16:29,2,12312,83216.5692809999
2023-07-22 17:16:29,1,3362,1372.5556499999993
2023-07-22 17:16:39,4,12400,17602.600404
2023-07-22 17:16:39,2,12412,83592.47814999988
2023-07-22 17:16:39,1,3368,1373.4475259999995
2023-07-22 17:16:49,4,12500,17717.121232999998
2023-07-22 17:16:49,2,12512,84031.84141999991
2023-07-22 17:16:49,1,3374,1374.0554269999993
2023-07-22 17:16:59,4,12600,17824.197582
2023-07-22 17:16:59,2,12612,84413.56639099988
2023-07-22 17:16:59,1,3380,1375.0066239999996
2023-07-22 17:17:09,4,12700,17929.246746
2023-07-22 17:17:09,2,12712,84845.94583699988
2023-07-22 17:17:09,1,3386,1375.7878319999995
2023-07-22 17:17:19,4,12800,18034.878621
2023-07-22 17:17:19,2,12812,85234.47828799988
2023-07-22 17:17:19,1,3392,1376.5571459999996
2023-07-22 17:17:29,4,12900,18147.086103
2023-07-22 17:17:29,2,12912,85655.4984049999
2023-07-22 17:17:29,1,3398,1377.1393969999995
2023-07-22 17:17:39,4,13000,18279.965249
2023-07-22 17:17:39,2,13012,86125.6325699999
2023-07-22 17:17:39,1,3404,1377.9890639999994
2023-07-22 17:17:49,4,13100,18388.341199
2023-07-22 17:17:49,2,13112,86522.7776349999
2023-07-22 17:17:49,1,3410,1379.4720749999997
2023-07-22 17:17:59,4,13200,18502.209296000005
2023-07-22 17:17:59,2,13212,86926.7022509999
2023-07-22 17:17:59,1,3416,1380.2311159999995
2023-07-22 17:18:09,4,13300,18608.363689000005
2023-07-22 17:18:09,2,13312,87322.7190179999
2023-07-22 17:18:09,1,3422,1380.8491539999995
2023-07-22 17:18:19,4,13400,18719.792483
2023-07-22 17:18:19,2,13412,87784.4890509999
2023-07-22 17:18:19,1,3428,1381.7410579999996
2023-07-22 17:18:29,4,13500,18823.893742
2023-07-22 17:18:29,2,13512,88164.01119499991
2023-07-22 17:18:29,1,3434,1382.5122699999993
2023-07-22 17:18:39,4,13600,18929.897957
2023-07-22 17:18:39,2,13612,88530.7646799999
2023-07-22 17:18:39,1,3440,1383.1608229999993
2023-07-22 17:18:49,4,13700,19038.404738
2023-07-22 17:18:49,2,13712,88911.80640399989
2023-07-22 17:18:49,1,3446,1383.8184439999995
2023-07-22 17:18:59,4,13800,19185.392676999996
2023-07-22 17:18:59,2,13812,89329.36290399989
2023-07-22 17:18:59,1,3452,1384.3894029999994
2023-07-22 17:19:09,4,13900,19291.962906
2023-07-22 17:19:09,2,13912,89710.53290299988
2023-07-22 17:19:09,1,3458,1385.2949539999995
2023-07-22 17:19:19,4,14000,19386.788957
2023-07-22 17:19:19,2,14012,90094.11141099989
2023-07-22 17:19:19,1,3464,1386.0750099999996
2023-07-22 17:19:29,4,14100,19480.837847
2023-07-22 17:19:29,2,14112,90461.6410849999
2023-07-22 17:19:29,1,3470,1386.7077599999993
2023-07-22 17:19:39,4,14200,19587.036738000003
2023-07-22 17:19:39,2,14212,90863.99999699988
2023-07-22 17:19:39,1,3476,1387.6457079999996
2023-07-22 17:19:49,4,14300,19716.990190000004
2023-07-22 17:19:49,2,14312,91302.49310599988
2023-07-22 17:19:49,1,3482,1388.3657739999996
2023-07-22 17:19:59,4,14400,19817.938222
2023-07-22 17:19:59,2,14412,91680.05194299988
2023-07-22 17:19:59,1,3488,1389.3229489999994
2023-07-22 17:20:09,4,14500,19920.143647
2023-07-22 17:20:09,2,14512,92070.2893649999
2023-07-22 17:20:09,1,3494,1390.1356589999996
2023-07-22 17:20:19,4,14600,20031.874448999995
2023-07-22 17:20:19,2,14612,92518.48055499987
2023-07-22 17:20:19,1,3500,1390.9657569999995
2023-07-22 17:20:29,4,14700,20144.859286
2023-07-22 17:20:29,2,14712,92947.22699499989
2023-07-22 17:20:29,1,3506,1391.5447899999995
2023-07-22 17:20:39,4,14800,20253.634763
2023-07-22 17:20:39,2,14812,93336.36622299987
2023-07-22 17:20:39,1,3512,1392.5266889999994
2023-07-22 17:20:49,4,14900,20368.829822999996
2023-07-22 17:20:49,2,14912,93734.47168499988
2023-07-22 17:20:49,1,3518,1393.2843709999995
2023-07-22 17:20:59,4,15000,20477.982217999997
2023-07-22 17:20:59,2,15012,94112.98309799988
2023-07-22 17:20:59,1,3524,1393.9217209999997
2023-07-22 17:21:09,4,15100,20599.778763999995
2023-07-22 17:21:09,2,15112,94605.67696599987
2023-07-22 17:21:09,1,3530,1394.6178299999997
2023-07-22 17:21:19,4,15200,20698.511424
2023-07-22 17:21:19,2,15212,95011.65412999988
2023-07-22 17:21:19,1,3536,1395.3723849999997
2023-07-22 17:21:29,4,15300,20800.495505
2023-07-22 17:21:29,2,15312,95403.97872699989
2023-07-22 17:21:29,1,3542,1396.2924279999995
2023-07-22 17:21:39,4,15400,20906.18582
2023-07-22 17:21:39,2,15412,95779.25048999987
2023-07-22 17:21:39,1,3548,1397.0815429999998
2023-07-22 17:21:49,4,15500,21027.508053999998
2023-07-22 17:21:49,2,15512,96210.9047529999
2023-07-22 17:21:49,1,3554,1397.6591109999995
2023-07-22 17:21:59,4,15600,21137.956842
2023-07-22 17:21:59,2,15612,96594.24553699988
2023-07-22 17:21:59,1,3560,1398.3108489999995
2023-07-22 17:22:09,4,15700,21251.423122
2023-07-22 17:22:09,2,15712,96997.87017099987
2023-07-22 17:22:09,1,3566,1399.0326419999997
2023-07-22 17:22:19,4,15800,21352.47203399999
2023-07-22 17:22:19,2,15812,97391.90440799989
2023-07-22 17:22:19,1,3572,1399.9488359999996
2023-07-22 17:22:29,4,15900,21452.503930999992
2023-07-22 17:22:29,2,15912,97777.28306499985
2023-07-22 17:22:29,1,3578,1400.7406299999993
2023-07-22 17:22:39,4,16000,21564.15065399999
2023-07-22 17:22:39,2,16012,98171.91022099987
2023-07-22 17:22:39,1,3584,1401.4025259999996
2023-07-22 17:22:49,4,16100,21693.823497999994
2023-07-22 17:22:49,2,16112,98618.54592899985
2023-07-22 17:22:49,1,3590,1402.0491549999997
2023-07-22 17:22:59,4,16200,21815.399738
2023-07-22 17:22:59,2,16212,99015.34663299986
2023-07-22 17:22:59,1,3596,1402.8087979999996
2023-07-22 17:23:09,4,16300,21923.834463
2023-07-22 17:23:09,2,16312,99403.83913699986
2023-07-22 17:23:09,1,3602,1403.4037949999997
2023-07-22 17:23:19,4,16400,22020.660659
2023-07-22 17:23:19,2,16412,99801.05525299987
2023-07-22 17:23:19,1,3608,1404.0339459999996
2023-07-22 17:23:29,4,16500,22137.921089
2023-07-22 17:23:29,2,16512,100242.33331399987
2023-07-22 17:23:29,1,3614,1404.5947539999997
2023-07-22 17:23:39,4,16600,22249.720309
2023-07-22 17:23:39,2,16612,100650.78963699986
2023-07-22 17:23:39,1,3620,1405.1973819999996
2023-07-22 17:23:49,4,16700,22361.846517
2023-07-22 17:23:49,2,16712,101053.62482899986
2023-07-22 17:23:49,1,3626,1405.8316859999995
2023-07-22 17:23:59,4,16800,22471.081876999997
2023-07-22 17:23:59,2,16812,101434.49133799988
2023-07-22 17:23:59,1,3632,1406.4764159999995
2023-07-22 17:24:09,4,16900,22583.734591999997
2023-07-22 17:24:09,2,16912,101850.22303699987
2023-07-22 17:24:09,1,3638,1407.0568959999996
2023-07-22 17:24:19,4,17000,22695.703946000005
2023-07-22 17:24:19,2,17012,102307.13574699988
2023-07-22 17:24:19,1,3644,1407.9708899999996
2023-07-22 17:24:29,4,17100,22871.911389
2023-07-22 17:24:29,2,17112,102758.67799799987
2023-07-22 17:24:29,1,3650,1408.7780199999997
2023-07-22 17:24:39,4,17200,22986.218570999998
2023-07-22 17:24:39,2,17212,103167.04171899988
2023-07-22 17:24:39,1,3656,1409.3591229999995
2023-07-22 17:24:49,4,17300,23105.115437
2023-07-22 17:24:49,2,17312,103567.84799199988
2023-07-22 17:24:49,1,3662,1410.0403469999997
2023-07-22 17:24:59,4,17400,23223.258051999997
2023-07-22 17:24:59,2,17412,103991.40942299989
2023-07-22 17:24:59,1,3668,1410.6894199999997
2023-07-22 17:25:09,4,17500,23341.177617999994
2023-07-22 17:25:09,2,17512,104419.27808399989
2023-07-22 17:25:09,1,3674,1411.6616359999996
2023-07-22 17:25:19,4,17600,23435.302104999995
2023-07-22 17:25:19,2,17612,104800.99517099987
2023-07-22 17:25:19,1,3680,1412.4090719999997
2023-07-22 17:25:29,4,17700,23541.661401999998
2023-07-22 17:25:29,2,17712,105213.69249299986
2023-07-22 17:25:29,1,3686,1412.9778249999995
2023-07-22 17:25:39,4,17800,23652.846222999993
2023-07-22 17:25:39,2,17812,105612.38285499987
2023-07-22 17:25:39,1,3692,1413.5863179999997
2023-07-22 17:25:49,4,17900,23777.266791
2023-07-22 17:25:49,2,17912,106024.43336099987
2023-07-22 17:25:49,1,3698,1414.1613749999997
2023-07-22 17:25:59,4,18000,23887.868861
2023-07-22 17:25:59,2,18012,106415.60182999987
2023-07-22 17:25:59,1,3704,1414.7368079999997
2023-07-22 17:26:09,4,18100,23998.819762
2023-07-22 17:26:09,2,18112,106795.81010499988
2023-07-22 17:26:09,1,3710,1415.4216499999995
2023-07-22 17:26:19,4,18200,24100.427642999995
2023-07-22 17:26:19,2,18212,107244.85420499985
2023-07-22 17:26:19,1,3716,1416.2535379999995
2023-07-22 17:26:29,4,18300,24200.08488
2023-07-22 17:26:29,2,18312,107647.02927199987
2023-07-22 17:26:29,1,3722,1416.9880409999996
2023-07-22 17:26:39,4,18400,24321.643515999996
2023-07-22 17:26:39,2,18412,108078.65298599986
2023-07-22 17:26:39,1,3728,1417.9447189999996
2023-07-22 17:26:49,4,18500,24433.674275999998
2023-07-22 17:26:49,2,18512,108458.89084799986
2023-07-22 17:26:49,1,3734,1419.7973389999997
2023-07-22 17:26:59,4,18600,24551.440649999993
2023-07-22 17:26:59,2,18612,108858.84911499987
2023-07-22 17:26:59,1,3740,1420.6505099999995
2023-07-22 17:27:09,4,18700,24668.99757699999
2023-07-22 17:27:09,2,18712,109380.57393999987
2023-07-22 17:27:09,1,3746,1421.6428409999996
2023-07-22 17:27:19,4,18800,24770.865454999996
2023-07-22 17:27:19,2,18812,109794.56793299985
2023-07-22 17:27:19,1,3752,1422.6373569999996
2023-07-22 17:27:29,4,18900,24881.962317999998
2023-07-22 17:27:29,2,18912,110239.53321399986
2023-07-22 17:27:29,1,3758,1423.6100599999995
2023-07-22 17:27:39,4,19000,24990.599291
2023-07-22 17:27:39,2,19012,110611.23397299988
2023-07-22 17:27:39,1,3764,1424.5547089999995
2023-07-22 17:27:49,4,19100,25115.788434999995
2023-07-22 17:27:49,2,19112,110999.80871499985
2023-07-22 17:27:49,1,3770,1425.2486489999997
2023-07-22 17:27:59,4,19200,25252.789214
2023-07-22 17:27:59,2,19212,111553.29109699989
2023-07-22 17:27:59,1,3776,1425.8873249999997
2023-07-22 17:28:09,4,19300,25609.708932
2023-07-22 17:28:09,2,19312,112664.61649799987
2023-07-22 17:28:09,1,3782,1479.1839959999993
2023-07-22 17:28:19,4,19400,25762.664472999997
2023-07-22 17:28:19,2,19412,113367.85758599987
2023-07-22 17:28:19,1,3788,1480.0022609999996
2023-07-22 17:28:29,4,19500,25914.470327
2023-07-22 17:28:29,2,19512,113976.38373099988
2023-07-22 17:28:29,1,3794,1480.7698549999996
2023-07-22 18:53:43,4,19550,26066.633948
2023-07-22 18:53:43,2,19562,114512.76881499987
2023-07-22 18:53:43,1,3813,1485.9289369999995
2023-07-22 18:53:53,4,19550,26066.633948
2023-07-22 18:53:53,2,19562,114512.76881499987
2023-07-22 18:53:53,1,3819,1486.5303839999997
2023-07-22 18:54:03,4,19550,26066.633948
2023-07-22 18:54:03,2,19562,114512.76881499987
2023-07-22 18:54:03,1,3825,1487.1298939999995
2023-07-22 18:54:13,4,19550,26066.633948
2023-07-22 18:54:13,2,19562,114512.76881499987
2023-07-22 18:54:13,1,3835,1489.4464609999998
2023-07-22 18:54:23,4,19640,26396.380877999996
2023-07-22 18:54:23,2,19652,115355.27774299988
2023-07-22 18:54:23,1,3841,1491.1786419999996
2023-07-22 18:54:33,4,19740,26685.748503999996
2023-07-22 18:54:33,2,19752,116280.27291099986
2023-07-22 18:54:33,1,3847,1492.0055859999995
2023-07-22 18:54:43,4,19840,27013.204350999993
2023-07-22 18:54:43,2,19852,117415.51770299989
2023-07-22 18:54:43,1,3853,1493.5756719999997
2023-07-22 18:54:53,4,19940,27211.147070999996
2023-07-22 18:54:53,2,19952,118077.46031199986
2023-07-22 18:54:53,1,3859,1494.4619359999995
2023-07-22 18:55:03,4,20040,27577.818556
2023-07-22 18:55:03,2,20052,119017.61000199987
2023-07-22 18:55:03,1,3865,1495.4538599999998
2023-07-22 18:55:13,4,20140,27832.412308999996
2023-07-22 18:55:13,2,20152,120371.27427399988
2023-07-22 18:55:13,1,3871,1496.908479
2023-07-22 18:55:23,4,20240,28004.556330999996
2023-07-22 18:55:23,2,20252,121166.41381999989
2023-07-22 18:55:23,1,3877,1501.9764289999996
2023-07-22 18:55:33,4,20340,28294.601553999993
2023-07-22 18:55:33,2,20352,122011.98348999987
2023-07-22 18:55:33,1,3883,1502.6162149999998
2023-07-22 18:55:43,4,20440,28445.18849199999
2023-07-22 18:55:43,2,20452,122524.13029399986
2023-07-22 18:55:43,1,3889,1503.4793899999997
2023-07-22 18:55:53,4,20540,28636.449364999993
2023-07-22 18:55:53,2,20552,123079.70879399986
2023-07-22 18:55:53,1,3895,1504.33415
2023-07-22 18:56:03,4,20640,28894.116175
2023-07-22 18:56:03,2,20652,124034.11577599986
2023-07-22 18:56:03,1,3901,1505.036386
2023-07-22 18:56:13,4,20740,29141.293124999993
2023-07-22 18:56:13,2,20752,124853.64218399987
2023-07-22 18:56:13,1,3907,1505.7375229999998
2023-07-22 18:56:23,4,20840,29266.857775999993
2023-07-22 18:56:23,2,20852,125519.08413899987
2023-07-22 18:56:23,1,3913,1506.5104749999998
2023-07-22 18:56:33,4,20940,29399.740122999992
2023-07-22 18:56:33,2,20952,125960.69660099987
2023-07-22 18:56:33,1,3919,1507.4618819999998
2023-07-22 18:56:43,4,21040,29582.081915999996
2023-07-22 18:56:43,2,21052,126582.09933399987
2023-07-22 18:56:43,1,3925,1508.1866199999997
2023-07-22 18:56:53,4,21140,29978.447587999995
2023-07-22 18:56:53,2,21152,128022.55587299987
2023-07-22 18:56:53,1,3931,1509.1917569999998
2023-07-22 18:57:03,4,21240,30152.72949799999
2023-07-22 18:57:03,2,21252,128604.06650999986
2023-07-22 18:57:03,1,3937,1509.876352
2023-07-22 18:57:13,4,21340,30323.988418999994
2023-07-22 18:57:13,2,21352,129215.15386499985
2023-07-22 18:57:13,1,3943,1510.5750419999997
2023-07-22 18:57:23,4,21440,30517.838361999988
2023-07-22 18:57:23,2,21452,130092.01397599986
2023-07-22 18:57:23,1,3949,1511.6588729999999
2023-07-22 18:57:33,4,21540,31147.86000999999
2023-07-22 18:57:33,2,21552,131657.47144499986
2023-07-22 18:57:33,1,3955,1513.251665
2023-07-22 18:57:43,4,21640,31297.530733999993
2023-07-22 18:57:43,2,21652,132361.21517999982
2023-07-22 18:57:43,1,3961,1514.1121729999998
2023-07-22 18:57:53,4,21740,31549.141188999994
2023-07-22 18:57:53,2,21752,132957.93748099986
2023-07-22 18:57:53,1,3967,1514.725525
2023-07-22 18:58:03,4,21840,31743.65551499999
2023-07-22 18:58:03,2,21852,133584.33335699985
2023-07-22 18:58:03,1,3973,1515.6641679999998
2023-07-22 18:58:13,4,21940,31980.238941999993
2023-07-22 18:58:13,2,21952,134278.89682699981
2023-07-22 18:58:13,1,3979,1516.8759349999998
2023-07-22 18:58:23,4,22040,32147.325497999995
2023-07-22 18:58:23,2,22052,134987.00427599982
2023-07-22 18:58:23,1,3985,1517.8225219999997
2023-07-22 18:58:33,4,22140,32258.006822999996
2023-07-22 18:58:33,2,22152,135366.63906699984
2023-07-22 18:58:33,1,3991,1518.6465179999998
2023-07-22 18:58:43,4,22240,32422.748686999992
2023-07-22 18:58:43,2,22252,135894.56187199982
2023-07-22 18:58:43,1,3997,1519.7040809999999
2023-07-22 19:02:56,4,22300,32576.930685999992
2023-07-22 19:02:56,2,22312,136523.8490949998
2023-07-22 19:02:56,1,4030,1583.0891
2023-07-22 19:03:06,4,22300,32576.930685999992
2023-07-22 19:03:06,2,22312,136523.8490949998
2023-07-22 19:03:06,1,4036,1583.766387
2023-07-22 19:03:16,4,22350,32675.562669999996
2023-07-22 19:03:16,2,22362,136874.19770399985
2023-07-22 19:03:16,1,4046,1585.3297919999998
2023-07-22 19:03:26,4,22450,32791.20219699999
2023-07-22 19:03:26,2,22462,137282.08631499982
2023-07-22 19:03:26,1,4052,1586.0337579999998
2023-07-22 19:03:36,4,22550,32909.65908599999
2023-07-22 19:03:36,2,22562,137695.3302129998
2023-07-22 19:03:36,1,4058,1586.8306379999997
2023-07-22 19:03:46,4,22650,33164.08571399999
2023-07-22 19:03:46,2,22662,138502.7340779998
2023-07-22 19:03:46,1,4064,1587.6041479999997
2023-07-22 19:03:56,4,22750,33430.81410699999
2023-07-22 19:03:56,2,22762,139491.91094699982
2023-07-22 19:03:56,1,4070,1588.3855499999997
2023-07-22 19:04:06,4,22850,33630.02961699999
2023-07-22 19:04:06,2,22862,140244.92218499983
2023-07-22 19:04:06,1,4076,1589.13799
2023-07-22 19:04:16,4,22950,33783.241424999986
2023-07-22 19:04:16,2,22962,140791.73475799983
2023-07-22 19:04:16,1,4082,1590.1103649999998
2023-07-22 19:04:26,4,23050,33905.408128999996
2023-07-22 19:04:26,2,23062,141238.80086099982
2023-07-22 19:04:26,1,4088,1590.9498449999999
2023-07-22 19:04:36,4,23150,34300.51506599999
2023-07-22 19:04:36,2,23162,142185.67105799983
2023-07-22 19:04:36,1,4096,1592.473648
2023-07-22 19:04:46,4,23250,34416.01241299999
2023-07-22 19:04:46,2,23262,142592.7668909998
2023-07-22 19:04:46,1,4102,1593.157137
2023-07-22 19:04:56,4,23350,34551.10275599999
2023-07-22 19:04:56,2,23362,143006.7106099998
2023-07-22 19:04:56,1,4108,1593.8180299999997
2023-07-22 19:05:06,4,23450,34682.60922499999
2023-07-22 19:05:06,2,23462,143439.59888699983
2023-07-22 19:05:06,1,4114,1595.195856
2023-07-22 19:05:16,4,23550,34791.11265899999
2023-07-22 19:05:16,2,23562,143898.99326799982
2023-07-22 19:05:16,1,4120,1595.833931
2023-07-22 19:05:26,4,23650,34904.15684399999
2023-07-22 19:05:26,2,23662,144310.72607699982
2023-07-22 19:05:26,1,4126,1596.375663
2023-07-22 19:05:36,4,23750,35026.84576699999
2023-07-22 19:05:36,2,23762,144735.49905099985
2023-07-22 19:05:36,1,4132,1597.06136
2023-07-22 19:05:46,4,23850,35153.49099599999
2023-07-22 19:05:46,2,23862,145170.65437199982
2023-07-22 19:05:46,1,4138,1597.9478319999998
2023-07-22 19:05:56,4,23950,35342.625026999995
2023-07-22 19:05:56,2,23962,145848.9566239998
2023-07-22 19:05:56,1,4144,1599.912508
2023-07-22 19:06:06,4,24050,35486.413305
2023-07-22 19:06:06,2,24062,146390.67162599982
2023-07-22 19:06:06,1,4150,1600.91593
2023-07-22 19:06:16,4,24150,35596.317471
2023-07-22 19:06:16,2,24162,146800.82050599984
2023-07-22 19:06:16,1,4156,1601.7553549999998
2023-07-22 19:06:26,4,24250,35698.900418
2023-07-22 19:06:26,2,24262,147211.73892599982
2023-07-22 19:06:26,1,4162,1602.4291889999997
2023-07-22 19:06:36,4,24350,35814.237053
2023-07-22 19:06:36,2,24362,147634.19923799983
2023-07-22 19:06:36,1,4168,1603.3878849999999
2023-07-22 19:06:46,4,24450,35946.34009299999
2023-07-22 19:06:46,2,24462,148103.4502469998
2023-07-22 19:06:46,1,4174,1604.4722149999998
2023-07-22 19:06:56,4,24550,36085.664785999994
2023-07-22 19:06:56,2,24562,148586.84522899982
2023-07-22 19:06:56,1,4180,1605.081057
2023-07-22 19:07:06,4,24650,36216.649907
2023-07-22 19:07:06,2,24662,149083.90420999983
2023-07-22 19:07:06,1,4186,1605.8102779999997
2023-07-22 19:07:16,4,24750,36334.290477999995
2023-07-22 19:07:16,2,24762,149497.78118399982
2023-07-22 19:07:16,1,4192,1606.4970579999997
2023-07-22 19:07:26,4,24850,36466.93721899999
2023-07-22 19:07:26,2,24862,149978.88905899983
2023-07-22 19:07:26,1,4198,1607.90916
2023-07-22 19:07:36,4,24950,36599.181534999996
2023-07-22 19:07:36,2,24962,150442.2865379998
2023-07-22 19:07:36,1,4204,1608.9485889999999
2023-07-22 19:07:46,4,25050,36726.375971999994
2023-07-22 19:07:46,2,25062,150861.34053799981
2023-07-22 19:07:46,1,4210,1609.9509139999998
2023-07-22 19:07:56,4,25150,36839.444248
2023-07-22 19:07:56,2,25162,151255.40368299984
2023-07-22 19:07:56,1,4216,1610.5502379999998
2023-07-22 19:08:06,4,25250,36974.28315399999
2023-07-22 19:08:06,2,25262,151668.2391469998
2023-07-22 19:08:06,1,4222,1611.3953369999997
2023-07-22 19:08:16,4,25350,37076.99879599999
2023-07-22 19:08:16,2,25362,152058.92056999984
2023-07-22 19:08:16,1,4228,1612.404151
2023-07-22 19:08:26,4,25450,37188.255456
2023-07-22 19:08:26,2,25462,152462.3378229998
2023-07-22 19:08:26,1,4234,1612.996214
2023-07-22 19:08:36,4,25550,37295.747572
2023-07-22 19:08:36,2,25562,152849.8128299998
2023-07-22 19:08:36,1,4240,1613.671747
2023-07-22 19:12:19,4,25690,37625.116095
2023-07-22 19:12:19,2,25712,159599.22656299992
2023-07-22 19:12:19,1,4252,1615.3163359999996
2023-07-22 19:12:29,4,25690,37625.116095
2023-07-22 19:12:29,2,25712,159599.22656299992
2023-07-22 19:12:29,1,4258,1616.36696
2023-07-22 19:12:39,4,25740,37737.198918
2023-07-22 19:12:39,2,25762,160212.0388289999
2023-07-22 19:12:39,1,4268,1618.2139569999997
2023-07-22 19:12:48,4,25840,38091.639464
2023-07-22 19:12:48,2,25862,161191.4404689999
2023-07-22 19:12:48,1,4274,1620.0497520000001
2023-07-22 19:12:59,4,25940,38269.707935
2023-07-22 19:12:59,2,25962,161932.57747599986
2023-07-22 19:12:59,1,4280,1622.837565
2023-07-22 19:13:09,4,26040,38890.600830999996
2023-07-22 19:13:09,2,26062,163496.92729799988
2023-07-22 19:13:09,1,4286,1624.096992
2023-07-22 19:13:19,4,26140,39062.694756000004
2023-07-22 19:13:19,2,26162,164105.6407339999
2023-07-22 19:13:19,1,4292,1624.789977
2023-07-22 19:13:29,4,26240,39277.017712
2023-07-22 19:13:29,2,26262,164923.6912539999
2023-07-22 19:13:29,1,4298,1626.015407
2023-07-22 19:13:39,4,26340,39490.035446
2023-07-22 19:13:39,2,26362,165658.0245869999
2023-07-22 19:13:39,1,4304,1627.23323
2023-07-22 19:13:49,4,26440,39752.167205000005
2023-07-22 19:13:49,2,26462,166371.4852059999
2023-07-22 19:13:49,1,4310,1628.866777
2023-07-22 19:13:59,4,26540,39862.978587
2023-07-22 19:13:59,2,26562,166746.9637899999
2023-07-22 19:13:59,1,4316,1629.572652
2023-07-22 19:14:09,4,26640,39982.085718
2023-07-22 19:14:09,2,26662,167170.8484159999
2023-07-22 19:14:09,1,4322,1630.58173
2023-07-22 19:14:19,4,26740,40150.06062800001
2023-07-22 19:14:19,2,26762,167748.4820479999
2023-07-22 19:14:19,1,4328,1631.6973469999998
2023-07-22 19:14:29,4,26840,40329.11266500001
2023-07-22 19:14:29,2,26862,168340.8655309999
2023-07-22 19:14:29,1,4334,1632.804911
2023-07-22 19:14:39,4,26940,40494.23052300001
2023-07-22 19:14:39,2,26962,168931.1180049999
2023-07-22 19:14:39,1,4340,1633.795424
2023-07-22 19:14:49,4,27040,40797.21610400001
2023-07-22 19:14:49,2,27062,169774.5006609999
2023-07-22 19:14:49,1,4346,1634.55703
2023-07-22 19:14:59,4,27140,40980.047932
2023-07-22 19:14:59,2,27162,170307.78007599994
2023-07-22 19:14:59,1,4352,1635.331825
2023-07-22 19:15:09,4,27240,41197.25433300001
2023-07-22 19:15:09,2,27262,170986.71525599994
2023-07-22 19:15:09,1,4358,1636.601809
2023-07-22 19:15:19,4,27340,41352.75270300001
2023-07-22 19:15:19,2,27362,171568.89194099992
2023-07-22 19:15:19,1,4364,1637.4240619999998
2023-07-22 19:15:29,4,27440,41484.177326000005
2023-07-22 19:15:29,2,27462,172080.22422299988
2023-07-22 19:15:29,1,4370,1638.582854
2023-07-22 19:15:39,4,27540,41620.868008000005
2023-07-22 19:15:39,2,27562,172603.42921499992
2023-07-22 19:15:39,1,4376,1639.2192280000002
2023-07-22 19:15:49,4,27640,41777.13067200001
2023-07-22 19:15:49,2,27662,173146.12116699986
2023-07-22 19:15:49,1,4382,1640.155372
2023-07-22 19:15:59,4,27740,41977.03926500001
2023-07-22 19:15:59,2,27762,174062.79408699993
2023-07-22 19:15:59,1,4388,1641.2412889999998
2023-07-22 19:16:09,4,27840,42185.02277600001
2023-07-22 19:16:09,2,27862,174810.2018489999
2023-07-22 19:16:09,1,4394,1642.344398
2023-07-22 19:16:19,4,27940,42417.587092
2023-07-22 19:16:19,2,27962,175779.73132699993
2023-07-22 19:16:19,1,4400,1643.515408
2023-07-22 19:16:29,4,28040,42572.016721
2023-07-22 19:16:29,2,28062,176292.3827819999
2023-07-22 19:16:29,1,4406,1644.1785000000002
2023-07-22 19:16:39,4,28140,42745.51551500001
2023-07-22 19:16:39,2,28162,177095.5303929999
2023-07-22 19:16:39,1,4412,1645.078982
2023-07-22 19:16:49,4,28180,42794.550481000006
2023-07-22 19:16:49,2,28202,177266.0993889999
2023-07-22 19:16:49,1,4418,1645.8189599999998
2023-07-22 19:16:59,4,28180,42794.550481000006
2023-07-22 19:16:59,2,28202,177266.0993889999
2023-07-22 19:16:59,1,4424,1646.459722
2023-07-22 19:17:09,4,28180,42794.550481000006
2023-07-22 19:17:09,2,28202,177266.0993889999
2023-07-22 19:17:09,1,4434,1648.852627
2023-07-22 19:17:19,4,28270,42983.99613
2023-07-22 19:17:19,2,28292,178006.10102599993
2023-07-22 19:17:19,1,4440,1650.2908250000003
2023-07-22 19:17:29,4,28370,43348.15506800001
2023-07-22 19:17:29,2,28392,179381.01039899993
2023-07-22 19:17:29,1,4446,1650.8587410000002
2023-07-22 19:17:39,4,28470,43621.94184700001
2023-07-22 19:17:39,2,28492,180395.76717999988
2023-07-22 19:17:39,1,4452,1651.4937470000002
2023-07-22 19:17:49,4,28570,43943.403035
2023-07-22 19:17:49,2,28592,181810.22055599993
2023-07-22 19:17:49,1,4458,1652.605712
2023-07-22 19:17:59,4,28670,44274.798207000014
2023-07-22 19:17:59,2,28692,182717.53965299993
2023-07-22 19:17:59,1,4464,1653.4556300000002
2023-07-22 19:18:09,4,28770,44512.26821600001
2023-07-22 19:18:09,2,28792,183618.2555809999
2023-07-22 19:18:09,1,4470,1654.088775
2023-07-22 19:18:19,4,28870,44835.43000800001
2023-07-22 19:18:19,2,28892,184997.17054399988
2023-07-22 19:18:19,1,4476,1655.087441
2023-07-22 19:18:29,4,28970,45089.976001
2023-07-22 19:18:29,2,28992,186149.2550399999
2023-07-22 19:18:29,1,4482,1656.656044
2023-07-22 19:18:39,4,29070,45459.925212
2023-07-22 19:18:39,2,29092,187614.9785069999
2023-07-22 19:18:39,1,4488,1657.5164160000002
2023-07-22 19:18:49,4,29170,45937.295826
2023-07-22 19:18:49,2,29192,189983.36617999987
2023-07-22 19:18:49,1,4494,1658.432524
2023-07-22 19:18:59,4,29270,46273.556762
2023-07-22 19:18:59,2,29292,191175.3811269999
2023-07-22 19:18:59,1,4500,1659.0589940000002
2023-07-22 19:19:09,4,29370,46682.60966200001
2023-07-22 19:19:09,2,29392,193114.8492889999
2023-07-22 19:19:09,1,4506,1659.7075390000002
2023-07-22 19:19:19,4,29470,47076.08223700001
2023-07-22 19:19:19,2,29492,194459.4418139999
2023-07-22 19:19:19,1,4512,1660.379518
2023-07-22 19:19:29,4,29570,47347.483481999996
2023-07-22 19:19:29,2,29592,195624.81675499986
2023-07-22 19:19:29,1,4518,1661.3436749999998
2023-07-22 19:19:39,4,29670,47565.26886900001
2023-07-22 19:19:39,2,29692,196458.0205729999
2023-07-22 19:19:39,1,4524,1662.208646
2023-07-22 19:19:49,4,29770,48114.71556200001
2023-07-22 19:19:49,2,29792,197928.04087999987
2023-07-22 19:19:49,1,4530,1663.256525
2023-07-22 19:19:59,4,29870,48367.30140600001
2023-07-22 19:19:59,2,29892,198911.1587619999
2023-07-22 19:19:59,1,4536,1663.839474
2023-07-22 19:20:09,4,29970,48626.27263200001
2023-07-22 19:20:09,2,29992,200124.57177599985
2023-07-22 19:20:09,1,4542,1664.481027
2023-07-22 19:20:19,4,30070,48928.316989
2023-07-22 19:20:19,2,30092,201327.68574399987
2023-07-22 19:20:19,1,4548,1665.251838
2023-07-22 19:20:29,4,30170,49182.827326
2023-07-22 19:20:29,2,30192,202347.07690399984
2023-07-22 19:20:29,1,4554,1666.007928
2023-07-22 19:20:39,4,30270,49746.481229000005
2023-07-22 19:20:39,2,30292,204144.6989249999
2023-07-22 19:20:39,1,4560,1667.496918
2023-07-22 19:20:49,4,30370,50090.924080000004
2023-07-22 19:20:49,2,30392,205232.84859199985
2023-07-22 19:20:49,1,4568,1668.402045
2023-07-22 19:20:59,4,30470,50313.060079999996
2023-07-22 19:20:59,2,30492,206225.83646899986
2023-07-22 19:20:59,1,4574,1668.9651030000002
2023-07-22 19:21:09,4,30570,50555.13744800001
2023-07-22 19:21:09,2,30592,207157.6360809999
2023-07-22 19:21:09,1,4580,1669.7779860000003
2023-07-22 19:21:19,4,30670,50792.55156600001
2023-07-22 19:21:19,2,30692,208093.47703399984
2023-07-22 19:21:19,1,4586,1670.4022400000001
2023-07-22 19:21:29,4,30770,50980.640763
2023-07-22 19:21:29,2,30792,208877.07835599987
2023-07-22 19:21:29,1,4593,1671.3182
2023-07-22 19:21:39,4,30870,51318.75001900001
2023-07-22 19:21:39,2,30892,210322.43138699984
2023-07-22 19:21:39,1,4599,1672.4461240000003
2023-07-22 19:21:49,4,30970,51607.77821100001
2023-07-22 19:21:49,2,30992,211508.71831699988
2023-07-22 19:21:49,1,4605,1673.099543
2023-07-22 19:21:59,4,31070,51992.892409
2023-07-22 19:21:59,2,31092,212866.25667599982
2023-07-22 19:21:59,1,4611,1674.4275520000003
2023-07-22 19:22:09,4,31170,52388.470753000016
2023-07-22 19:22:09,2,31192,214249.54471399984
2023-07-22 19:22:09,1,4617,1675.30576
2023-07-22 19:22:19,4,31270,52641.954908
2023-07-22 19:22:19,2,31292,215260.56685999985
2023-07-22 19:22:19,1,4623,1676.5849329999999
2023-07-22 19:22:29,4,31370,52957.852187000004
2023-07-22 19:22:29,2,31392,216576.95446199982
2023-07-22 19:22:29,1,4629,1679.3343029999999
2023-07-22 19:22:39,4,31470,53209.99812
2023-07-22 19:22:39,2,31492,217578.19233199983
2023-07-22 19:22:39,1,4635,1679.9914420000002
2023-07-22 19:22:49,4,31570,54447.39473599999
2023-07-22 19:22:49,2,31592,221713.9414609998
2023-07-22 19:22:49,1,4641,1680.814271
2023-07-22 19:22:59,4,31670,54689.772527999994
2023-07-22 19:22:59,2,31692,222740.26748499984
2023-07-22 19:22:59,1,4647,1681.796185
2023-07-22 19:23:09,4,31770,54987.45175599999
2023-07-22 19:23:09,2,31792,223688.66284899984
2023-07-22 19:23:09,1,4653,1682.632656
2023-07-22 19:23:19,4,31870,55276.680848
2023-07-22 19:23:19,2,31892,224673.70627299979
2023-07-22 19:23:19,1,4659,1683.520408
2023-07-22 19:23:29,4,31970,55482.900708999994
2023-07-22 19:23:29,2,31992,225501.73073899982
2023-07-22 19:23:29,1,4665,1684.54618
2023-07-22 19:23:39,4,32070,55726.22608400001
2023-07-22 19:23:39,2,32092,226481.8099659998
2023-07-22 19:23:39,1,4671,1685.26997
2023-07-22 19:23:49,4,32170,55978.733049
2023-07-22 19:23:49,2,32192,227340.31056999983
2023-07-22 19:23:49,1,4677,1685.9113340000001
2023-07-22 19:23:59,4,32270,56210.461272
2023-07-22 19:23:59,2,32292,228475.90679299986
2023-07-22 19:23:59,1,4683,1686.8919200000003
2023-07-22 19:24:09,4,32370,56691.677705999995
2023-07-22 19:24:09,2,32392,229988.22192799984
2023-07-22 19:24:09,1,4689,1687.665353
2023-07-22 19:24:19,4,32470,56973.110633000004
2023-07-22 19:24:19,2,32492,231006.68522599983
2023-07-22 19:24:19,1,4695,1688.564052
2023-07-22 19:24:29,4,32564,57488.136539
2023-07-22 19:24:29,2,32587,232405.61995799982
2023-07-22 19:24:29,1,4701,1689.8376450000003
2023-07-22 19:24:39,4,32670,57945.301796
2023-07-22 19:24:39,2,32692,234406.69114199982
2023-07-22 19:24:39,1,4707,1693.632673
2023-07-22 19:24:49,4,32770,58174.005957
2023-07-22 19:24:49,2,32792,235287.10757299984
2023-07-22 19:24:49,1,4713,1694.432414
2023-07-22 19:24:59,4,32870,58400.225694999994
2023-07-22 19:24:59,2,32892,236299.3489419998
2023-07-22 19:24:59,1,4719,1695.255108
2023-07-22 19:25:09,4,32970,58704.864202000004
2023-07-22 19:25:09,2,32992,237601.4137199998
2023-07-22 19:25:09,1,4725,1695.9358200000004
2023-07-22 19:25:19,4,33070,59100.513167000005
2023-07-22 19:25:19,2,33092,238820.3702629998
2023-07-22 19:25:19,1,4731,1698.8462980000002
2023-07-22 19:25:29,4,33168,59711.10822600002
2023-07-22 19:25:29,2,33190,241603.0323269998
2023-07-22 19:25:29,1,4737,1699.6035990000003
2023-07-22 19:25:39,4,33270,59926.57476100001
2023-07-22 19:25:39,2,33292,242504.21104399982
2023-07-22 19:25:39,1,4743,1700.4354940000003
2023-07-22 19:25:49,4,33370,60161.49070000001
2023-07-22 19:25:49,2,33392,243311.87115099985
2023-07-22 19:25:49,1,4749,1701.3241170000003
2023-07-22 19:25:59,4,33470,60388.43844000001
2023-07-22 19:25:59,2,33492,244191.20551699982
2023-07-22 19:25:59,1,4755,1702.304135
2023-07-22 19:26:09,4,33570,60606.36861500001
2023-07-22 19:26:09,2,33592,245015.45369999978
2023-07-22 19:26:09,1,4761,1702.8382810000003
2023-07-22 19:26:19,4,33670,60884.64327400001
2023-07-22 19:26:19,2,33692,245939.7404419998
2023-07-22 19:26:19,1,4767,1704.1006550000002
2023-07-22 19:26:29,4,33770,61214.373202000024
2023-07-22 19:26:29,2,33792,247362.2268339998
2023-07-22 19:26:29,1,4773,1705.0601040000004
2023-07-22 19:26:39,4,33870,61423.79147400003
2023-07-22 19:26:39,2,33892,248305.05456999983
2023-07-22 19:26:39,1,4779,1705.6224710000004
2023-07-22 19:26:49,4,33970,61653.160082000024
2023-07-22 19:26:49,2,33992,249209.64197999978
2023-07-22 19:26:49,1,4785,1706.2583420000003
2023-07-22 19:26:59,4,34070,61861.26929500003
2023-07-22 19:26:59,2,34092,249934.7983049998
2023-07-22 19:26:59,1,4791,1707.006161
2023-07-22 19:27:09,4,34170,62053.54834800002
2023-07-22 19:27:09,2,34192,250688.84439599983
2023-07-22 19:27:09,1,4797,1707.7394070000003
2023-07-22 19:27:19,4,34270,62294.49916500003
2023-07-22 19:27:19,2,34292,251601.16108699984
2023-07-22 19:27:19,1,4803,1708.2997830000002
2023-07-22 19:27:29,4,34370,62492.25841100003
2023-07-22 19:27:29,2,34392,252380.72707399985
2023-07-22 19:27:29,1,4809,1709.1529220000002
2023-07-22 19:27:39,4,34470,62734.59946800002
2023-07-22 19:27:39,2,34492,253323.1937359999
2023-07-22 19:27:39,1,4815,1711.9061790000003
2023-07-22 19:27:49,4,34570,62945.78840900002
2023-07-22 19:27:49,2,34592,254109.64545499985
2023-07-22 19:27:49,1,4821,1712.9556550000002
2023-07-22 19:27:59,4,34670,63164.74631000003
2023-07-22 19:27:59,2,34692,254898.6380439999
2023-07-22 19:27:59,1,4827,1713.4971140000002
2023-07-22 19:28:09,4,34770,63429.58274600003
2023-07-22 19:28:09,2,34792,255901.99226499986
2023-07-22 19:28:09,1,4833,1714.0534330000003
2023-07-22 19:28:19,4,34870,63706.22266800003
2023-07-22 19:28:19,2,34892,256864.99417399985
2023-07-22 19:28:19,1,4839,1714.735065
2023-07-22 19:28:29,4,34970,63979.52956900003
2023-07-22 19:28:29,2,34992,257945.49793899982
2023-07-22 19:28:29,1,4845,1716.2869710000002
2023-07-22 19:28:39,4,35070,64378.89189900002
2023-07-22 19:28:39,2,35092,259214.61547899985
2023-07-22 19:28:39,1,4851,1716.9300460000002
2023-07-22 19:28:49,4,35170,64615.26962300003
2023-07-22 19:28:49,2,35192,260068.23854599986
2023-07-22 19:28:49,1,4857,1718.9347930000001
2023-07-22 19:28:59,4,35270,64868.82724300003
2023-07-22 19:28:59,2,35292,260939.95082099977
2023-07-22 19:28:59,1,4863,1719.6941870000003
2023-07-22 19:29:09,4,35370,66633.53020900003
2023-07-22 19:29:09,2,35392,267301.2955749998
2023-07-22 19:29:09,1,4869,1721.4223690000001
2023-07-22 19:29:19,4,35470,67149.11369600003
2023-07-22 19:29:19,2,35492,269392.6043109998
2023-07-22 19:29:19,1,4875,1722.1424090000003
2023-07-22 19:29:29,4,35570,67749.49794400003
2023-07-22 19:29:29,2,35592,271233.3287169998
2023-07-22 19:29:29,1,4881,1723.6539310000003
2023-07-22 19:29:39,4,35670,68173.99890900003
2023-07-22 19:29:39,2,35692,273095.5664329998
2023-07-22 19:29:39,1,4887,1724.6591200000005
2023-07-22 19:29:49,4,35770,68831.88546500003
2023-07-22 19:29:49,2,35792,275545.7272869998
2023-07-22 19:29:49,1,4893,1727.148057
2023-07-22 19:29:59,4,35870,69172.57848200001
2023-07-22 19:29:59,2,35892,276678.44128299976
2023-07-22 19:29:59,1,4899,1727.9114780000002
2023-07-22 19:30:09,4,35970,69413.60088900002
2023-07-22 19:30:09,2,35992,277448.37090599973
2023-07-22 19:30:09,1,4905,1728.9042790000005
2023-07-22 19:30:19,4,36070,69626.66701200002
2023-07-22 19:30:19,2,36092,278187.06109699974
2023-07-22 19:30:19,1,4911,1729.6796270000002
2023-07-22 19:30:29,4,36170,69820.40882900002
2023-07-22 19:30:29,2,36192,278941.33055999974
2023-07-22 19:30:29,1,4917,1730.6628950000006
2023-07-22 19:30:39,4,36270,70015.75443600003
2023-07-22 19:30:39,2,36292,279672.96757199976
2023-07-22 19:30:39,1,4923,1731.2999620000003
2023-07-22 19:30:49,4,36370,70222.49059700003
2023-07-22 19:30:49,2,36392,280406.4025969998
2023-07-22 19:30:49,1,4929,1732.0492480000005
2023-07-22 19:30:59,4,36470,70417.17478100002
2023-07-22 19:30:59,2,36492,281098.53417699976
2023-07-22 19:30:59,1,4935,1732.7955930000005
2023-07-22 19:31:09,4,36570,70628.65506200003
2023-07-22 19:31:09,2,36592,281859.60243299976
2023-07-22 19:31:09,1,4941,1733.5582520000005
2023-07-22 19:31:19,4,36670,70813.22158800003
2023-07-22 19:31:19,2,36692,282643.3215309997
2023-07-22 19:31:19,1,4947,1734.1174270000004
2023-07-22 19:31:29,4,36770,71003.75734900004
2023-07-22 19:31:29,2,36792,283460.31002199964
2023-07-22 19:31:29,1,4953,1734.9019070000006
2023-07-22 19:31:39,4,36870,71229.56768900003
2023-07-22 19:31:39,2,36892,284275.3077329997
2023-07-22 19:31:39,1,4959,1735.6036340000003
2023-07-22 19:31:49,4,36970,71439.84008300002
2023-07-22 19:31:49,2,36992,285038.8400429997
2023-07-22 19:31:49,1,4965,1736.5546390000004
2023-07-22 19:31:59,4,37070,71693.73643200002
2023-07-22 19:31:59,2,37092,285896.6347649997
2023-07-22 19:31:59,1,4971,1737.1877880000004
2023-07-22 19:32:09,4,37170,71956.11143600004
2023-07-22 19:32:09,2,37192,286701.9691319997
2023-07-22 19:32:09,1,4977,1738.3002610000005
2023-07-22 19:32:19,4,37270,72193.64949100003
2023-07-22 19:32:19,2,37292,287520.13182099967
2023-07-22 19:32:19,1,4983,1738.9817630000005
2023-07-22 19:32:29,4,37370,72407.51779600003
2023-07-22 19:32:29,2,37392,288320.4818719997
2023-07-22 19:32:29,1,4989,1739.6462540000005
2023-07-22 19:38:57,4,37460,72730.36690600002
2023-07-22 19:38:57,2,37483,295697.09962999966
2023-07-22 19:38:57,1,5007,1742.7769390000003
2023-07-22 19:39:07,4,37460,72730.36690600002
2023-07-22 19:39:07,2,37483,295697.09962999966
2023-07-22 19:39:07,1,5013,1744.4696080000003
2023-07-22 19:39:17,4,37460,72730.36690600002
2023-07-22 19:39:17,2,37483,295697.09962999966
2023-07-22 19:39:17,1,5019,1745.8005430000003
2023-07-22 19:39:27,4,37465,72739.31398100003
2023-07-22 19:39:27,2,37488,295809.74653499963
2023-07-22 19:39:27,1,5029,1748.1315760000002
2023-07-22 19:39:37,4,37475,72756.91423300003
2023-07-22 19:39:37,2,37498,295942.96105799964
2023-07-22 19:39:37,1,5035,1748.9691570000005
2023-07-22 19:39:47,4,37485,72768.83662900003
2023-07-22 19:39:47,2,37508,296020.60044599965
2023-07-22 19:39:47,1,5041,1749.8523610000002
2023-07-22 19:39:57,4,37495,72780.11153500003
2023-07-22 19:39:57,2,37518,296093.05094699963
2023-07-22 19:39:57,1,5047,1750.8679780000002
2023-07-22 19:40:07,4,37505,72791.41489800003
2023-07-22 19:40:07,2,37528,296157.47440799966
2023-07-22 19:40:07,1,5053,1751.5343100000005
2023-07-22 19:40:17,4,37515,72802.26397700002
2023-07-22 19:40:17,2,37538,296221.66171699966
2023-07-22 19:40:17,1,5059,1752.8403700000003
2023-07-22 19:40:27,4,37525,72821.65316900003
2023-07-22 19:40:27,2,37548,296313.76249599963
2023-07-22 19:40:27,1,5065,1753.4615600000002
2023-07-22 19:40:37,4,37535,72834.40592100003
2023-07-22 19:40:37,2,37558,296385.22853699967
2023-07-22 19:40:37,1,5071,1755.4275650000004
2023-07-22 19:40:47,4,37545,72845.08259700003
2023-07-22 19:40:47,2,37568,296450.28732799966
2023-07-22 19:40:47,1,5077,1756.1472650000005
2023-07-22 19:40:57,4,37555,72854.83397500003
2023-07-22 19:40:57,2,37578,296511.01074999967
2023-07-22 19:40:57,1,5083,1756.7736260000001
2023-07-22 19:41:07,4,37565,72867.93540900003
2023-07-22 19:41:07,2,37588,296579.5032909996
2023-07-22 19:41:07,1,5089,1757.4150450000002
2023-07-22 19:41:17,4,37575,72879.74815200003
2023-07-22 19:41:17,2,37598,296645.5344109996
2023-07-22 19:41:17,1,5095,1759.5939870000002
2023-07-22 19:41:27,4,37585,72890.24275700003
2023-07-22 19:41:27,2,37608,296712.5889379996
2023-07-22 19:41:27,1,5101,1760.4165540000004
2023-07-22 19:41:37,4,37595,72901.15038900003
2023-07-22 19:41:37,2,37618,296783.78665399965
2023-07-22 19:41:37,1,5107,1761.0638620000004
2023-07-22 19:41:47,4,37605,72919.27820700002
2023-07-22 19:41:47,2,37628,296866.73880599963
2023-07-22 19:41:47,1,5113,1761.7105290000004
2023-07-22 19:41:57,4,37615,72939.43856400003
2023-07-22 19:41:57,2,37638,296948.8762559996
2023-07-22 19:41:57,1,5119,1762.2833560000004
2023-07-22 19:42:07,4,37625,72950.36287400003
2023-07-22 19:42:07,2,37648,297013.67661999963
2023-07-22 19:42:07,1,5125,1762.9953930000006
2023-07-22 19:42:17,4,37635,72961.89595900003
2023-07-22 19:42:17,2,37658,297078.7315659996
2023-07-22 19:42:17,1,5131,1763.5634380000006
2023-07-22 19:42:27,4,37645,72971.95493300003
2023-07-22 19:42:27,2,37668,297146.72564499965
2023-07-22 19:42:27,1,5137,1764.4278670000003
2023-07-22 19:42:37,4,37655,72983.07442400002
2023-07-22 19:42:37,2,37678,297211.44321199966
2023-07-22 19:42:37,1,5143,1765.2244520000004
2023-07-22 19:42:47,4,37665,72994.85652800003
2023-07-22 19:42:47,2,37688,297280.50726699963
2023-07-22 19:42:47,1,5149,1766.7257150000005
2023-07-22 19:42:57,4,37675,73010.45953200002
2023-07-22 19:42:57,2,37698,297354.4858609996
2023-07-22 19:42:57,1,5155,1767.7763560000003
2023-07-22 19:43:07,4,37685,73021.96476000003
2023-07-22 19:43:07,2,37708,297420.8802709996
2023-07-22 19:43:07,1,5161,1768.7626220000006
2023-07-22 19:43:17,4,37695,73032.97917800002
2023-07-22 19:43:17,2,37718,297484.65211299964
2023-07-22 19:43:17,1,5167,1769.7481080000002
2023-07-22 19:43:27,4,37705,73051.54131500002
2023-07-22 19:43:27,2,37728,297561.5515959996
2023-07-22 19:43:27,1,5173,1770.4937030000006
2023-07-22 19:43:37,4,37715,73070.35504100003
2023-07-22 19:43:37,2,37738,297620.9725209996
2023-07-22 19:43:37,1,5179,1771.4128810000002
2023-07-22 19:43:47,4,37725,73086.47115300002
2023-07-22 19:43:47,2,37748,297752.55048399966
2023-07-22 19:43:47,1,5187,1773.3631680000003
2023-07-22 19:43:57,4,37735,73099.33998500003
2023-07-22 19:43:57,2,37758,297813.00700799964
2023-07-22 19:43:57,1,5198,1781.4986630000003
2023-07-22 19:44:07,4,37745,73109.39753100002
2023-07-22 19:44:07,2,37768,297872.7460349996
2023-07-22 19:44:07,1,5207,1786.7900600000003
2023-07-22 19:44:17,4,37755,73121.91435100003
2023-07-22 19:44:17,2,37778,297937.40882399963
2023-07-22 19:44:17,1,5217,1789.7504150000004
2023-07-22 19:44:27,4,37765,73131.83472500002
2023-07-22 19:44:27,2,37788,297997.5796179996
2023-07-22 19:44:27,1,5229,1793.4836070000006
2023-07-22 19:44:37,4,37775,73142.34339100003
2023-07-22 19:44:37,2,37798,298057.7287129996
2023-07-22 19:44:37,1,5235,1794.1467510000002
2023-07-22 19:44:47,4,37785,73156.27946900003
2023-07-22 19:44:47,2,37808,298127.8806569996
2023-07-22 19:44:47,1,5241,1795.1622030000003
2023-07-22 19:44:57,4,37795,73177.01051800002
2023-07-22 19:44:57,2,37818,298195.28578099963
2023-07-22 19:44:57,1,5247,1797.6848060000002
2023-07-22 19:45:07,4,37805,73190.74080400003
2023-07-22 19:45:07,2,37828,298257.0156199996
2023-07-22 19:45:07,1,5253,1798.5440040000003
2023-07-22 19:45:17,4,37815,73221.97050300003
2023-07-22 19:45:17,2,37838,298322.63002099964
2023-07-22 19:45:17,1,5259,1799.1553570000005
2023-07-22 19:45:27,4,37825,73234.97954300002
2023-07-22 19:45:27,2,37848,298383.1538039996
2023-07-22 19:45:27,1,5266,1799.9820510000004
2023-07-22 19:45:37,4,37835,73247.63902100002
2023-07-22 19:45:37,2,37858,298451.2235069996
2023-07-22 19:45:37,1,5272,1800.8595750000004
2023-07-22 19:45:47,4,37845,73257.86876400003
2023-07-22 19:45:47,2,37868,298511.90793099965
2023-07-22 19:45:47,1,5278,1801.5348640000007
2023-07-22 19:45:57,4,37855,73268.12000700003
2023-07-22 19:45:57,2,37878,298574.0224789996
2023-07-22 19:45:57,1,5284,1802.1293680000003
2023-07-22 19:46:07,4,37865,73281.58569000002
2023-07-22 19:46:07,2,37888,298627.17498499964
2023-07-22 19:46:07,1,5292,1803.2389960000005
2023-07-22 19:46:17,4,37875,73293.22181600003
2023-07-22 19:46:17,2,37898,298685.70879699965
2023-07-22 19:46:17,1,5300,1805.6852250000006
2023-07-22 19:46:27,4,37885,73304.60893100002
2023-07-22 19:46:27,2,37908,298748.52518599964
2023-07-22 19:46:27,1,5306,1806.4917560000004
2023-07-22 19:46:37,4,37895,73320.27129500003
2023-07-22 19:46:37,2,37918,298811.4935899996
2023-07-22 19:46:37,1,5313,1807.6674590000007
2023-07-22 19:46:47,4,37905,73335.48233300002
2023-07-22 19:46:47,2,37928,298891.38538799965
2023-07-22 19:46:47,1,5319,1808.6750300000008
2023-07-22 19:46:57,4,37915,73347.34871800002
2023-07-22 19:46:57,2,37938,298958.8239469996
2023-07-22 19:46:57,1,5325,1810.0962030000005
2023-07-22 19:47:07,4,37925,73357.89857800002
2023-07-22 19:47:07,2,37948,299026.3340899996
2023-07-22 19:47:07,1,5331,1810.8324290000005
2023-07-22 19:47:17,4,37935,73369.49641000002
2023-07-22 19:47:17,2,37958,299095.13049399963
2023-07-22 19:47:17,1,5337,1811.7886520000006
2023-07-22 19:47:27,4,37945,73392.82530800003
2023-07-22 19:47:27,2,37968,299181.3127079996
2023-07-22 19:47:27,1,5344,1813.4311620000008
2023-07-22 19:47:37,4,37955,73404.29261500003
2023-07-22 19:47:37,2,37978,299244.7178679996
2023-07-22 19:47:37,1,5351,1814.2326740000008
2023-07-22 19:47:47,4,37965,73415.77655300003
2023-07-22 19:47:47,2,37988,299302.1318369996
2023-07-22 19:47:47,1,5357,1815.0212670000005
2023-07-22 19:47:57,4,37975,73425.21316800003
2023-07-22 19:47:57,2,37998,299353.4720849996
2023-07-22 19:47:57,1,5363,1815.7920510000004
2023-07-22 19:48:07,4,37985,73436.02754100003
2023-07-22 19:48:07,2,38008,299411.3069539996
2023-07-22 19:48:07,1,5369,1816.5627940000004
2023-07-22 19:48:17,4,37995,73445.57525800003
2023-07-22 19:48:17,2,38018,299468.94404999964
2023-07-22 19:48:17,1,5375,1817.2307670000005
2023-07-22 19:48:27,4,38005,73456.13576200003
2023-07-22 19:48:27,2,38028,299512.95729799964
2023-07-22 19:48:27,1,5381,1817.8436640000004
2023-07-22 19:48:37,4,38015,73472.65353300003
2023-07-22 19:48:37,2,38038,299574.2338739996
2023-07-22 19:48:37,1,5387,1818.4497290000004
2023-07-22 19:48:47,4,38025,73482.33594500003
2023-07-22 19:48:47,2,38048,299635.35603399965
2023-07-22 19:48:47,1,5393,1819.0897350000005
2023-07-22 19:48:57,4,38035,73493.05308100002
2023-07-22 19:48:57,2,38058,299702.97073699965
2023-07-22 19:48:57,1,5399,1819.7249190000007
2023-07-22 19:49:07,4,38045,73507.23741300002
2023-07-22 19:49:07,2,38068,299784.9417309996
2023-07-22 19:49:07,1,5405,1820.6363970000007
2023-07-22 19:49:17,4,38055,73527.71768500003
2023-07-22 19:49:17,2,38078,299837.75985899963
2023-07-22 19:49:17,1,5411,1821.3269960000007
2023-07-22 19:49:27,4,38065,73538.04301000002
2023-07-22 19:49:27,2,38088,299893.2941619996
2023-07-22 19:49:27,1,5417,1822.8575150000006
2023-07-22 19:49:37,4,38075,73549.00953000002
2023-07-22 19:49:37,2,38098,299958.51297099964
2023-07-22 19:49:37,1,5423,1823.5387660000006
2023-07-22 19:49:47,4,38085,73561.82191800003
2023-07-22 19:49:47,2,38108,300021.4254549996
2023-07-22 19:49:47,1,5429,1824.1727880000003
2023-07-22 19:49:57,4,38095,73571.95297500002
2023-07-22 19:49:57,2,38118,300083.81050399964
2023-07-22 19:49:57,1,5435,1824.8695680000005
2023-07-22 19:50:07,4,38105,73582.44491400002
2023-07-22 19:50:07,2,38128,300146.55020599964
2023-07-22 19:50:07,1,5441,1825.6245830000007
2023-07-22 19:50:17,4,38115,73592.76242600003
2023-07-22 19:50:17,2,38138,300201.19196999964
2023-07-22 19:50:17,1,5447,1826.3454790000005
2023-07-22 19:50:27,4,38125,73603.33491200002
2023-07-22 19:50:27,2,38148,300263.26055399963
2023-07-22 19:50:27,1,5453,1827.0819790000005
2023-07-22 19:50:37,4,38135,73614.33671900003
2023-07-22 19:50:37,2,38158,300323.1175049996
2023-07-22 19:50:37,1,5459,1827.6713490000006
2023-07-22 19:50:47,4,38145,73627.56936000002
2023-07-22 19:50:47,2,38168,300386.41894699965
2023-07-22 19:50:47,1,5465,1828.6093110000006
2023-07-22 19:50:57,4,38155,73641.39432100003
2023-07-22 19:50:57,2,38178,300456.21338299965
2023-07-22 19:50:57,1,5471,1829.5389570000007
2023-07-22 19:51:07,4,38165,73707.47976300002
2023-07-22 19:51:07,2,38188,300528.5714699996
2023-07-22 19:51:07,1,5477,1830.5136300000008
2023-07-22 19:51:17,4,38175,73719.87127500003
2023-07-22 19:51:17,2,38198,300597.2663679996
2023-07-22 19:51:17,1,5483,1831.1858060000004
2023-07-22 19:51:27,4,38185,73734.56866800002
2023-07-22 19:51:27,2,38208,300667.88955399964
2023-07-22 19:51:27,1,5489,1831.7423080000008
2023-07-22 19:51:37,4,38195,73745.71651300002
2023-07-22 19:51:37,2,38218,300727.68762799964
2023-07-22 19:51:37,1,5495,1832.4863390000005
2023-07-22 19:51:47,4,38205,73756.91067500002
2023-07-22 19:51:47,2,38228,300785.5680459996
2023-07-22 19:51:47,1,5502,1833.4775010000008
2023-07-22 19:51:57,4,38215,73767.05310100003
2023-07-22 19:51:57,2,38238,300845.7725609996
2023-07-22 19:51:57,1,5508,1834.4497940000006
2023-07-22 19:52:07,4,38225,73777.18640000002
2023-07-22 19:52:07,2,38248,300903.9948879996
2023-07-22 19:52:07,1,5514,1835.2286440000007
2023-07-22 19:52:17,4,38235,73796.32893800002
2023-07-22 19:52:17,2,38258,300973.59935299965
2023-07-22 19:52:17,1,5520,1835.8057570000005
2023-07-22 19:52:27,4,38245,73814.50739400003
2023-07-22 19:52:27,2,38268,301044.85617799964
2023-07-22 19:52:27,1,5526,1836.4664590000007
2023-07-22 19:52:37,4,38255,73824.62382500003
2023-07-22 19:52:37,2,38278,301105.51681699965
2023-07-22 19:52:37,1,5532,1837.1040350000007
2023-07-22 19:52:47,4,38265,73834.93915600002
2023-07-22 19:52:47,2,38288,301161.2872969996
2023-07-22 19:52:47,1,5538,1837.8090080000006
2023-07-22 19:52:57,4,38275,73845.87346400003
2023-07-22 19:52:57,2,38298,301212.6017639996
2023-07-22 19:52:57,1,5544,1838.3602310000006
2023-07-22 19:53:07,4,38285,73857.22565600002
2023-07-22 19:53:07,2,38308,301272.7662989996
2023-07-22 19:53:07,1,5550,1838.9752910000002
2023-07-22 19:53:17,4,38295,73869.45651300003
2023-07-22 19:53:17,2,38318,301334.8266369996
2023-07-22 19:53:17,1,5556,1839.5219670000006
2023-07-22 19:53:27,4,38305,73885.53274300003
2023-07-22 19:53:27,2,38328,301404.9121309996
2023-07-22 19:53:27,1,5562,1840.4451180000005
2023-07-22 19:53:37,4,38315,73900.31663600003
2023-07-22 19:53:37,2,38338,301464.50770399964
2023-07-22 19:53:37,1,5568,1841.1515980000004
2023-07-22 19:53:47,4,38325,73915.97646300003
2023-07-22 19:53:47,2,38348,301527.51091399963
2023-07-22 19:53:47,1,5574,1841.9193340000006
2023-07-22 19:53:57,4,38335,73931.89188000002
2023-07-22 19:53:57,2,38358,301595.5057359996
2023-07-22 19:53:57,1,5580,1842.6076460000004
2023-07-22 19:54:07,4,38345,73943.21437900003
2023-07-22 19:54:07,2,38368,301653.77332299965
2023-07-22 19:54:07,1,5586,1844.0292320000003
2023-07-22 19:54:17,4,38355,73956.48727400003
2023-07-22 19:54:17,2,38378,301719.8588649996
2023-07-22 19:54:17,1,5592,1844.7987110000004
2023-07-22 19:54:27,4,38365,73972.81977200003
2023-07-22 19:54:27,2,38388,301794.9996189996
2023-07-22 19:54:27,1,5598,1845.6688310000004
2023-07-22 19:54:37,4,38375,73982.91621200003
2023-07-22 19:54:37,2,38398,301854.0598349996
2023-07-22 19:54:37,1,5604,1846.5591350000004
2023-07-22 19:54:47,4,38385,73992.50929200003
2023-07-22 19:54:47,2,38408,301917.6278399996
2023-07-22 19:54:47,1,5610,1847.3657570000005
2023-07-22 19:54:57,4,38395,74002.75147300003
2023-07-22 19:54:57,2,38418,301977.72289899964
2023-07-22 19:54:57,1,5616,1848.3345240000003
2023-07-22 19:55:07,4,38405,74012.95553500003
2023-07-22 19:55:07,2,38428,302033.5466849996
2023-07-22 19:55:07,1,5622,1848.8811440000004
2023-07-22 19:55:17,4,38415,74030.76702300002
2023-07-22 19:55:17,2,38438,302102.3456579996
2023-07-22 19:55:17,1,5628,1849.6814810000005
2023-07-22 19:55:27,4,38425,74046.51460700003
2023-07-22 19:55:27,2,38448,302179.3810589996
2023-07-22 19:55:27,1,5634,1850.3820120000005
2023-07-22 19:55:37,4,38435,74057.25367500003
2023-07-22 19:55:37,2,38458,302240.1642329996
2023-07-22 19:55:37,1,5640,1851.2390470000005
2023-07-22 19:55:47,4,38445,74067.48498800003
2023-07-22 19:55:47,2,38468,302304.4386539996
2023-07-22 19:55:47,1,5646,1852.0221580000007
2023-07-22 19:55:57,4,38455,74077.54686000003
2023-07-22 19:55:57,2,38478,302359.69274199964
2023-07-22 19:55:57,1,5652,1852.8080180000006
2023-07-22 19:56:07,4,38465,74088.46375600003
2023-07-22 19:56:07,2,38488,302420.4926889996
2023-07-22 19:56:07,1,5658,1853.7836410000004
2023-07-22 19:56:17,4,38475,74101.39640600003
2023-07-22 19:56:17,2,38498,302484.39640899963
2023-07-22 19:56:17,1,5664,1854.6306340000006
2023-07-22 19:56:27,4,38485,74118.11537400003
2023-07-22 19:56:27,2,38508,302561.01834399963
2023-07-22 19:56:27,1,5670,1855.2377880000004
2023-07-22 19:56:37,4,38495,74128.95669500003
2023-07-22 19:56:37,2,38518,302620.2349899996
2023-07-22 19:56:37,1,5676,1856.1195450000005
2023-07-22 19:56:47,4,38505,74138.93884400003
2023-07-22 19:56:47,2,38528,302680.0288589996
2023-07-22 19:56:47,1,5682,1856.9788810000005
2023-07-22 19:56:57,4,38515,74149.37835100002
2023-07-22 19:56:57,2,38538,302735.28051599965
2023-07-22 19:56:57,1,5688,1857.9037770000004
2023-07-22 19:57:07,4,38525,74162.33015000002
2023-07-22 19:57:07,2,38548,302785.8655939996
2023-07-22 19:57:07,1,5694,1858.4744240000005
2023-07-22 19:57:17,4,38535,74214.91649900003
2023-07-22 19:57:17,2,38558,302852.1758919996
2023-07-22 19:57:17,1,5700,1859.2111000000004
2023-07-22 19:57:27,4,38545,74230.42086400003
2023-07-22 19:57:27,2,38568,302927.0302749996
2023-07-22 19:57:27,1,5706,1859.9828260000004
2023-07-22 19:57:37,4,38555,74241.34659800003
2023-07-22 19:57:37,2,38578,302989.1665169996
2023-07-22 19:57:37,1,5712,1860.5391280000003
2023-07-22 19:57:47,4,38565,74252.81800100002
2023-07-22 19:57:47,2,38588,303050.51690899965
2023-07-22 19:57:47,1,5718,1861.2364730000004
2023-07-22 19:57:57,4,38575,74267.66439000002
2023-07-22 19:57:57,2,38598,303111.0460599996
2023-07-22 19:57:57,1,5724,1861.8697300000003
2023-07-22 19:58:07,4,38585,74279.14401400002
2023-07-22 19:58:07,2,38608,303170.33989499963
2023-07-22 19:58:07,1,5730,1862.5167850000007
2023-07-22 19:58:17,4,38595,74291.15581700002
2023-07-22 19:58:17,2,38618,303232.4022239996
2023-07-22 19:58:17,1,5736,1863.6603770000006
2023-07-22 19:58:27,4,38605,74307.72983500002
2023-07-22 19:58:27,2,38628,303304.2638149996
2023-07-22 19:58:27,1,5742,1864.4961690000005
2023-07-22 19:58:37,4,38615,74318.51887900002
2023-07-22 19:58:37,2,38638,303362.1467729996
2023-07-22 19:58:37,1,5748,1865.1409950000007
2023-07-22 19:58:47,4,38625,74327.76282900003
2023-07-22 19:58:47,2,38648,303410.91520099965
2023-07-22 19:58:47,1,5754,1865.7244720000003
2023-07-22 19:58:57,4,38635,74341.25781900002
2023-07-22 19:58:57,2,38658,303478.6800709996
2023-07-22 19:58:57,1,5760,1866.5776410000003
2023-07-22 19:59:07,4,38645,74352.08959700003
2023-07-22 19:59:07,2,38668,303532.81682399963
2023-07-22 19:59:07,1,5766,1867.2163210000003
2023-07-22 19:59:17,4,38655,74370.19236700003
2023-07-22 19:59:17,2,38678,303596.92977099965
2023-07-22 19:59:17,1,5772,1867.8924790000005
2023-07-22 19:59:27,4,38665,74385.13177800002
2023-07-22 19:59:27,2,38688,303669.89348199964
2023-07-22 19:59:27,1,5778,1868.8633340000006
2023-07-22 19:59:37,4,38675,74396.16277200003
2023-07-22 19:59:37,2,38698,303726.4157289996
2023-07-22 19:59:37,1,5784,1869.9313660000007
2023-07-22 19:59:47,4,38685,74406.15555000002
2023-07-22 19:59:47,2,38708,303785.6223509996
2023-07-22 19:59:47,1,5790,1870.6748060000004
2023-07-22 19:59:57,4,38695,74422.32147300003
2023-07-22 19:59:57,2,38718,303846.2225109996
2023-07-22 19:59:57,1,5796,1871.3458380000006
2023-07-22 20:00:07,4,38705,74438.33272100003
2023-07-22 20:00:07,2,38728,303904.0956079996
2023-07-22 20:00:07,1,5802,1872.3954850000005
2023-07-22 20:00:17,4,38715,74451.56177000003
2023-07-22 20:00:17,2,38738,303971.5766609996
2023-07-22 20:00:17,1,5808,1872.9836870000004
2023-07-22 20:00:27,4,38725,74468.08029800003
2023-07-22 20:00:27,2,38748,304040.9415509996
2023-07-22 20:00:27,1,5814,1873.7589210000006
2023-07-22 20:00:37,4,38735,74479.97710700003
2023-07-22 20:00:37,2,38758,304096.9289069996
2023-07-22 20:00:37,1,5820,1874.3922300000004
2023-07-22 20:00:47,4,38745,74492.24684900003
2023-07-22 20:00:47,2,38768,304154.6666089996
2023-07-22 20:00:47,1,5826,1874.9852640000004
2023-07-22 20:00:57,4,38755,74503.00529900003
2023-07-22 20:00:57,2,38778,304210.4690439996
2023-07-22 20:00:57,1,5832,1875.5948430000003
2023-07-22 20:01:07,4,38765,74513.53150500002
2023-07-22 20:01:07,2,38788,304264.6080439996
2023-07-22 20:01:07,1,5838,1876.3515190000003
2023-07-22 20:01:17,4,38775,74527.64042200003
2023-07-22 20:01:17,2,38798,304323.3618069996
2023-07-22 20:01:17,1,5844,1877.0368080000007
2023-07-22 20:01:27,4,38785,74543.94565300003
2023-07-22 20:01:27,2,38808,304395.1086409996
2023-07-22 20:01:27,1,5850,1877.8057100000005
2023-07-22 20:01:37,4,38795,74554.69047100002
2023-07-22 20:01:37,2,38818,304453.2489919996
2023-07-22 20:01:37,1,5856,1878.4868640000004
2023-07-22 20:01:47,4,38805,74567.11533200003
2023-07-22 20:01:47,2,38828,304509.6753549996
2023-07-22 20:01:47,1,5862,1879.0569120000005
2023-07-22 20:01:57,4,38815,74579.57169200003
2023-07-22 20:01:57,2,38838,304567.07027999964
2023-07-22 20:01:57,1,5868,1879.8705820000005
2023-07-22 20:02:07,4,38825,74589.69748500003
2023-07-22 20:02:07,2,38848,304617.6866649996
2023-07-22 20:02:07,1,5874,1880.5101430000004
2023-07-22 20:02:17,4,38835,74613.08055400003
2023-07-22 20:02:17,2,38858,304688.24872099963
2023-07-22 20:02:17,1,5880,1881.1495990000008
2023-07-22 20:02:27,4,38845,74628.72735100002
2023-07-22 20:02:27,2,38868,304758.7149039996
2023-07-22 20:02:27,1,5886,1881.7183890000006
2023-07-22 20:02:37,4,38855,74645.62821400003
2023-07-22 20:02:37,2,38878,304818.2640909996
2023-07-22 20:02:37,1,5892,1882.2705400000004
2023-07-22 20:02:47,4,38865,74655.85394000003
2023-07-22 20:02:47,2,38888,304868.5107749996
2023-07-22 20:02:47,1,5898,1883.2374310000005
2023-07-22 20:02:57,4,38875,74668.63300800003
2023-07-22 20:02:57,2,38898,304921.3637369996
2023-07-22 20:02:57,1,5904,1883.9234960000003
2023-07-22 20:03:07,4,38885,74681.41187400003
2023-07-22 20:03:07,2,38908,304986.3367439996
2023-07-22 20:03:07,1,5910,1884.5603860000006
2023-07-22 20:03:17,4,38895,74695.75785500003
2023-07-22 20:03:17,2,38918,305049.7778849996
2023-07-22 20:03:17,1,5916,1885.2429640000005
2023-07-22 20:03:27,4,38905,74717.04664800003
2023-07-22 20:03:27,2,38928,305124.73162699956
2023-07-22 20:03:27,1,5922,1885.8588060000006
2023-07-22 20:03:37,4,38915,74727.50378400003
2023-07-22 20:03:37,2,38938,305184.06560699956
2023-07-22 20:03:37,1,5928,1886.4695980000006
2023-07-22 20:03:47,4,38925,74738.57698000003
2023-07-22 20:03:47,2,38948,305239.45733199955
2023-07-22 20:03:47,1,5934,1887.3564450000003
2023-07-22 20:03:57,4,38935,74749.09824000002
2023-07-22 20:03:57,2,38958,305289.92078499956
2023-07-22 20:03:57,1,5940,1888.0776770000007
2023-07-22 20:04:07,4,38945,74759.16058900002
2023-07-22 20:04:07,2,38968,305346.70779199956
2023-07-22 20:04:07,1,5946,1888.6763080000005
2023-07-22 20:04:17,4,38955,74774.84967200003
2023-07-22 20:04:17,2,38978,305409.4761789996
2023-07-22 20:04:17,1,5952,1889.2098960000003
2023-07-22 20:04:27,4,38965,74791.34116400003
2023-07-22 20:04:27,2,38988,305485.7068959996
2023-07-22 20:04:27,1,5958,1890.1331420000006
2023-07-22 20:04:37,4,38975,74803.21931200003
2023-07-22 20:04:37,2,38998,305541.5123859996
2023-07-22 20:04:37,1,5964,1890.7730240000005
2023-07-22 20:04:47,4,38985,74814.98311700003
2023-07-22 20:04:47,2,39008,305599.5434739996
2023-07-22 20:04:47,1,5970,1891.4063010000004
2023-07-22 20:04:57,4,38995,74826.10135800003
2023-07-22 20:04:57,2,39018,305657.3898089996
2023-07-22 20:04:57,1,5976,1892.2119500000003
2023-07-22 20:05:07,4,39005,74837.80492800003
2023-07-22 20:05:07,2,39028,305717.0813139996
2023-07-22 20:05:07,1,5982,1893.1721260000004
2023-07-22 20:05:17,4,39015,74852.72046900002
2023-07-22 20:05:17,2,39038,305782.0550859996
2023-07-22 20:05:17,1,5988,1893.8500250000006
2023-07-22 20:05:27,4,39025,74873.24461300003
2023-07-22 20:05:27,2,39048,305860.6041999996
2023-07-22 20:05:27,1,5994,1894.7280170000004
2023-07-22 20:05:37,4,39035,74883.92226300003
2023-07-22 20:05:37,2,39058,305916.5253799996
2023-07-22 20:05:37,1,6000,1895.5210130000005
2023-07-22 20:05:47,4,39045,74900.45502100003
2023-07-22 20:05:47,2,39068,305973.4178709996
2023-07-22 20:05:47,1,6006,1896.2785030000005
2023-07-22 20:05:57,4,39055,74914.15808600002
2023-07-22 20:05:57,2,39078,306032.7493759996
2023-07-22 20:05:57,1,6012,1898.1068760000003
2023-07-22 20:06:07,4,39065,74927.77634500003
2023-07-22 20:06:07,2,39088,306092.3732949996
2023-07-22 20:06:07,1,6018,1898.8339950000004
2023-07-22 20:06:17,4,39075,74943.92763600002
2023-07-22 20:06:17,2,39098,306164.7182179996
2023-07-22 20:06:17,1,6024,1899.6075780000006
2023-07-22 20:06:27,4,39085,74958.95704600003
2023-07-22 20:06:27,2,39108,306229.5680269996
2023-07-22 20:06:27,1,6030,1900.4297920000004
2023-07-22 20:06:37,4,39095,74971.22288800003
2023-07-22 20:06:37,2,39118,306291.4732799996
2023-07-22 20:06:37,1,6036,1901.2855960000006
2023-07-22 20:06:47,4,39105,74982.18477400002
2023-07-22 20:06:47,2,39128,306349.5376029996
2023-07-22 20:06:47,1,6042,1902.1011040000003
2023-07-22 20:06:57,4,39115,74992.80175400003
2023-07-22 20:06:57,2,39138,306405.7176839996
2023-07-22 20:06:57,1,6048,1902.7599640000003
2023-07-22 20:07:07,4,39125,75004.36712400003
2023-07-22 20:07:07,2,39148,306455.94407399965
2023-07-22 20:07:07,1,6054,1903.3693270000008
2023-07-22 20:07:17,4,39135,75019.67427100003
2023-07-22 20:07:17,2,39158,306522.7816469996
2023-07-22 20:07:17,1,6060,1903.9246480000006
2023-07-22 20:07:27,4,39145,75034.35986900002
2023-07-22 20:07:27,2,39168,306595.1040679996
2023-07-22 20:07:27,1,6066,1904.6478830000005
2023-07-22 20:07:37,4,39155,75047.05312200003
2023-07-22 20:07:37,2,39178,306679.0482899996
2023-07-22 20:07:37,1,6072,1905.3168570000003
2023-07-22 20:07:47,4,39165,75062.29615700003
2023-07-22 20:07:47,2,39188,306752.4828629996
2023-07-22 20:07:47,1,6078,1906.2699040000007
2023-07-22 20:07:57,4,39175,75074.48889100003
2023-07-22 20:07:57,2,39198,306805.2177029996
2023-07-22 20:07:57,1,6084,1906.9633890000005
2023-07-22 20:08:07,4,39185,75085.32622200003
2023-07-22 20:08:07,2,39208,306859.8543549996
2023-07-22 20:08:07,1,6090,1907.8756370000006
2023-07-22 20:08:17,4,39195,75097.72009900003
2023-07-22 20:08:17,2,39218,306917.92177399964
2023-07-22 20:08:17,1,6096,1908.4733440000005
2023-07-22 20:08:27,4,39205,75116.66930800003
2023-07-22 20:08:27,2,39228,306989.3001639996
2023-07-22 20:08:27,1,6102,1909.1224810000003
2023-07-22 20:08:37,4,39215,75128.89305000003
2023-07-22 20:08:37,2,39238,307045.0905249996
2023-07-22 20:08:37,1,6108,1910.0839740000006
2023-07-22 20:08:47,4,39225,75139.60196100002
2023-07-22 20:08:47,2,39248,307101.4453319996
2023-07-22 20:08:47,1,6114,1910.7592180000006
2023-07-22 20:08:57,4,39235,75152.01946300003
2023-07-22 20:08:57,2,39258,307166.4005239996
2023-07-22 20:08:57,1,6120,1911.5409110000005
2023-07-22 20:09:07,4,39245,75162.68284800003
2023-07-22 20:09:07,2,39268,307226.7814909996
2023-07-22 20:09:07,1,6126,1912.3824400000003
2023-07-22 20:09:17,4,39255,75177.82099200002
2023-07-22 20:09:17,2,39278,307306.05679599964
2023-07-22 20:09:17,1,6132,1913.0194110000002
2023-07-22 20:09:27,4,39265,75192.36266000003
2023-07-22 20:09:27,2,39288,307392.8916029996
2023-07-22 20:09:27,1,6138,1913.6944290000006
2023-07-22 20:09:37,4,39275,75203.27830600004
2023-07-22 20:09:37,2,39298,307449.7110089996
2023-07-22 20:09:37,1,6144,1914.3517350000002
2023-07-22 20:09:47,4,39285,75214.36870600004
2023-07-22 20:09:47,2,39308,307507.6428429996
2023-07-22 20:09:47,1,6150,1914.9166320000004
2023-07-22 20:09:57,4,39295,75227.07485500003
2023-07-22 20:09:57,2,39318,307564.6264679996
2023-07-22 20:09:57,1,6156,1915.6211850000004
2023-07-22 20:10:07,4,39305,75239.28013400003
2023-07-22 20:10:07,2,39328,307621.2784069996
2023-07-22 20:10:07,1,6162,1916.2438640000005
2023-07-22 20:10:17,4,39315,75256.97527100003
2023-07-22 20:10:17,2,39338,307688.8753399996
2023-07-22 20:10:17,1,6168,1916.9783890000003
2023-07-22 20:10:27,4,39325,75271.13536100004
2023-07-22 20:10:27,2,39348,307760.53260099964
2023-07-22 20:10:27,1,6174,1917.6213610000004
2023-07-22 20:10:37,4,39335,75280.79906400004
2023-07-22 20:10:37,2,39358,307809.1184759996
2023-07-22 20:10:37,1,6180,1918.3677940000002
2023-07-22 20:10:47,4,39345,75292.13490600004
2023-07-22 20:10:47,2,39368,307866.2094869996
2023-07-22 20:10:47,1,6186,1919.2965630000003
2023-07-22 20:10:57,4,39355,75303.78664000003
2023-07-22 20:10:57,2,39378,307923.8719279996
2023-07-22 20:10:57,1,6192,1920.3191390000002
2023-07-22 20:11:07,4,39365,75314.47763400002
2023-07-22 20:11:07,2,39388,307981.18056499964
2023-07-22 20:11:07,1,6198,1921.2658570000003
2023-07-22 20:11:17,4,39375,75327.21131400003
2023-07-22 20:11:17,2,39398,308055.52128699963
2023-07-22 20:11:17,1,6204,1922.1516480000005
2023-07-22 20:11:27,4,39385,75344.30353000003
2023-07-22 20:11:27,2,39408,308132.63603899966
2023-07-22 20:11:27,1,6210,1922.7177410000004
2023-07-22 20:11:37,4,39395,75356.13001900003
2023-07-22 20:11:37,2,39418,308192.74700399966
2023-07-22 20:11:37,1,6216,1923.2924230000003
2023-07-22 20:11:47,4,39405,75367.60017800004
2023-07-22 20:11:47,2,39428,308245.33864499966
2023-07-22 20:11:47,1,6222,1924.6001100000003
2023-07-22 20:11:57,4,39415,75378.59907300003
2023-07-22 20:11:57,2,39438,308309.7711029996
2023-07-22 20:11:57,1,6228,1925.1379840000004
2023-07-22 20:12:07,4,39425,75403.85152700004
2023-07-22 20:12:07,2,39448,308365.4513639997
2023-07-22 20:12:07,1,6234,1925.8931780000003
2023-07-22 20:12:17,4,39435,75418.33941700002
2023-07-22 20:12:17,2,39458,308443.99765199964
2023-07-22 20:12:17,1,6240,1926.5160050000004
2023-07-22 20:12:27,4,39445,75429.20930400003
2023-07-22 20:12:27,2,39468,308499.7446749997
2023-07-22 20:12:27,1,6246,1927.2678970000006
2023-07-22 20:12:37,4,39455,75439.21139400003
2023-07-22 20:12:37,2,39478,308562.06333299965
2023-07-22 20:12:37,1,6252,1927.8533130000005
2023-07-22 20:12:47,4,39465,75449.43337600003
2023-07-22 20:12:47,2,39488,308617.42380699964
2023-07-22 20:12:47,1,6258,1928.5825530000002
2023-07-22 20:12:57,4,39475,75461.58938600004
2023-07-22 20:12:57,2,39498,308676.87824099965
2023-07-22 20:12:57,1,6264,1929.1329510000005
2023-07-22 20:13:07,4,39485,75476.26114700003
2023-07-22 20:13:07,2,39508,308748.48212099966
2023-07-22 20:13:07,1,6270,1929.8229350000006
2023-07-22 20:13:17,4,39495,75492.12414500004
2023-07-22 20:13:17,2,39518,308817.7317179997
2023-07-22 20:13:17,1,6276,1930.7583420000005
2023-07-22 20:13:27,4,39505,75507.05016000003
2023-07-22 20:13:27,2,39528,308888.87195199967
2023-07-22 20:13:27,1,6282,1931.4129820000003
2023-07-22 20:13:37,4,39515,75516.72258800003
2023-07-22 20:13:37,2,39538,308943.25284599967
2023-07-22 20:13:37,1,6288,1932.1133050000003
2023-07-22 20:13:47,4,39525,75529.95490900004
2023-07-22 20:13:47,2,39548,309001.2439429997
2023-07-22 20:13:47,1,6294,1932.7848930000005
2023-07-22 20:13:57,4,39535,75541.36438300004
2023-07-22 20:13:57,2,39558,309062.81177599967
2023-07-22 20:13:57,1,6300,1933.3822040000005
2023-07-22 20:14:07,4,39545,75554.08764000003
2023-07-22 20:14:07,2,39568,309124.8052889997
2023-07-22 20:14:07,1,6306,1934.0841970000006
2023-07-22 20:14:17,4,39555,75565.95989200003
2023-07-22 20:14:17,2,39578,309191.49514699966
2023-07-22 20:14:17,1,6312,1934.9184720000003
2023-07-22 20:14:27,4,39565,75584.05236500004
2023-07-22 20:14:27,2,39588,309264.49443499965
2023-07-22 20:14:27,1,6318,1935.6399110000007
2023-07-22 20:14:37,4,39575,75595.29612800003
2023-07-22 20:14:37,2,39598,309319.6474469997
2023-07-22 20:14:37,1,6324,1936.2250600000002
2023-07-22 20:14:47,4,39585,75606.01776100002
2023-07-22 20:14:47,2,39608,309379.15011899965
2023-07-22 20:14:47,1,6330,1936.9113880000004
2023-07-22 21:03:32,4,40793,78536.24682900003
2023-07-22 21:03:32,2,40818,333484.25457799964
2023-07-22 21:03:32,1,6473,20749.69383699999
2023-07-22 21:03:42,4,40793,78536.24682900003
2023-07-22 21:03:42,2,40818,333484.25457799964
2023-07-22 21:03:42,1,6479,20750.583051999994
2023-07-22 21:03:52,4,40793,78536.24682900003
2023-07-22 21:03:52,2,40818,333484.25457799964
2023-07-22 21:03:52,1,6485,20751.71507999999
2023-07-22 21:04:02,4,40793,78536.24682900003
2023-07-22 21:04:02,2,40818,333484.25457799964
2023-07-22 21:04:02,1,6491,20753.296711999992
2023-07-22 21:04:12,4,40793,78536.24682900003
2023-07-22 21:04:12,2,40818,333484.25457799964
2023-07-22 21:04:12,1,6497,20754.72144999999
2023-07-22 21:04:22,4,40793,78536.24682900003
2023-07-22 21:04:22,2,40818,333484.25457799964
2023-07-22 21:04:22,1,6503,20755.507706999993
2023-07-22 21:04:32,4,40793,78536.24682900003
2023-07-22 21:04:32,2,40818,333484.25457799964
2023-07-22 21:04:32,1,6509,20756.874395999996
2023-07-22 21:04:42,4,40793,78536.24682900003
2023-07-22 21:04:42,2,40818,333484.25457799964
2023-07-22 21:04:42,1,6515,20757.964938999994
2023-07-22 21:04:52,4,40793,78536.24682900003
2023-07-22 21:04:52,2,40818,333484.25457799964
2023-07-22 21:04:52,1,6525,20760.793254999993
2023-07-22 21:05:02,4,40793,78536.24682900003
2023-07-22 21:05:02,2,40818,333484.25457799964
2023-07-22 21:05:02,1,6531,20762.214299999992
2023-07-22 21:05:12,4,40793,78536.24682900003
2023-07-22 21:05:12,2,40818,333484.25457799964
2023-07-22 21:05:12,1,6537,20763.50712699999
2023-07-22 21:05:22,4,40793,78536.24682900003
2023-07-22 21:05:22,2,40818,333484.25457799964
2023-07-22 21:05:22,1,6543,20765.42916899999
2023-07-22 21:05:32,4,40793,78536.24682900003
2023-07-22 21:05:32,2,40818,333484.25457799964
2023-07-22 21:05:32,1,6549,20770.538012999994
2023-07-22 21:05:42,4,40793,78536.24682900003
2023-07-22 21:05:42,2,40818,333484.25457799964
2023-07-22 21:05:42,1,6555,20785.364168999993
2023-07-22 21:05:52,4,40793,78536.24682900003
2023-07-22 21:05:52,2,40818,333484.25457799964
2023-07-22 21:05:52,1,6561,20787.01473599999
2023-07-22 21:06:02,4,40793,78536.24682900003
2023-07-22 21:06:02,2,40818,333484.25457799964
2023-07-22 21:06:02,1,6567,20805.927489999995
2023-07-22 21:06:12,4,40793,78536.24682900003
2023-07-22 21:06:12,2,40818,333484.25457799964
2023-07-22 21:06:12,1,6573,21454.692592999996
2023-07-22 21:06:22,4,40793,78536.24682900003
2023-07-22 21:06:22,2,40818,333484.25457799964
2023-07-22 21:06:22,1,6579,21478.46600699999
2023-07-22 21:06:32,4,40793,78536.24682900003
2023-07-22 21:06:32,2,40818,333484.25457799964
2023-07-22 21:06:32,1,6585,21500.523755999995
2023-07-22 21:06:42,4,40793,78536.24682900003
2023-07-22 21:06:42,2,40818,333484.25457799964
2023-07-22 21:06:42,1,6591,21520.514089999993
2023-07-22 21:06:52,4,40793,78536.24682900003
2023-07-22 21:06:52,2,40818,333484.25457799964
2023-07-22 21:06:52,1,6597,21547.487914999994
2023-07-22 21:07:02,4,40793,78536.24682900003
2023-07-22 21:07:02,2,40818,333484.25457799964
2023-07-22 21:07:02,1,6603,21551.690658999993
2023-07-22 21:07:12,4,40793,78536.24682900003
2023-07-22 21:07:12,2,40818,333484.25457799964
2023-07-22 21:07:12,1,6610,164548.37610699996
2023-07-22 21:07:22,4,40793,78536.24682900003
2023-07-22 21:07:22,2,40818,333484.25457799964
2023-07-22 21:07:22,1,6616,164549.49374999997
2023-07-22 21:07:32,4,40793,78536.24682900003
2023-07-22 21:07:32,2,40818,333484.25457799964
2023-07-22 21:07:32,1,6622,164551.32996399992
2023-07-22 21:07:42,4,40793,78536.24682900003
2023-07-22 21:07:42,2,40818,333484.25457799964
2023-07-22 21:07:42,1,6628,164564.26646199994
2023-07-22 21:07:52,4,40793,78536.24682900003
2023-07-22 21:07:52,2,40818,333484.25457799964
2023-07-22 21:07:52,1,6634,164565.57590799994
2023-07-23 05:21:56,4,40793,78536.24682900003
2023-07-23 05:21:56,2,40818,333484.25457799964
2023-07-23 05:21:56,1,6648,187237.32258199994
2023-07-23 05:22:06,4,40793,78536.24682900003
2023-07-23 05:22:06,2,40818,333484.25457799964
2023-07-23 05:22:06,1,6654,187239.29160799994
2023-07-23 05:22:16,4,40793,78536.24682900003
2023-07-23 05:22:16,2,40818,333484.25457799964
2023-07-23 05:22:16,1,6660,187240.63579599996
2023-07-23 05:22:26,4,40793,78536.24682900003
2023-07-23 05:22:26,2,40818,333484.25457799964
2023-07-23 05:22:26,1,6666,187241.73779499994
2023-07-23 05:22:36,4,40793,78536.24682900003
2023-07-23 05:22:36,2,40818,333484.25457799964
2023-07-23 05:22:36,1,6676,187243.987454
2023-07-23 05:22:46,4,40793,78536.24682900003
2023-07-23 05:22:46,2,40818,333484.25457799964
2023-07-23 05:22:46,1,6682,187245.39299999998
2023-07-23 05:22:56,4,40793,78536.24682900003
2023-07-23 05:22:56,2,40818,333484.25457799964
2023-07-23 05:22:56,1,6688,187246.32331999997
2023-07-23 05:23:06,4,40793,78536.24682900003
2023-07-23 05:23:06,2,40818,333484.25457799964
2023-07-23 05:23:06,1,6694,187247.51008799998
2023-07-23 05:23:16,4,40793,78536.24682900003
2023-07-23 05:23:16,2,40818,333484.25457799964
2023-07-23 05:23:16,1,6700,187248.95674799997
2023-07-23 05:23:26,4,40793,78536.24682900003
2023-07-23 05:23:26,2,40818,333484.25457799964
2023-07-23 05:23:26,1,6710,187252.60340599992
2023-07-23 05:23:36,4,40793,78536.24682900003
2023-07-23 05:23:36,2,40818,333484.25457799964
2023-07-23 05:23:36,1,6716,187253.4342469999
2023-07-23 05:23:46,4,40793,78536.24682900003
2023-07-23 05:23:46,2,40818,333484.25457799964
2023-07-23 05:23:46,1,6722,187255.35580999995
2023-07-23 05:23:56,4,40793,78536.24682900003
2023-07-23 05:23:56,2,40818,333484.25457799964
2023-07-23 05:23:56,1,6728,187303.11251099998
2023-07-23 05:24:06,4,40793,78536.24682900003
2023-07-23 05:24:06,2,40818,333484.25457799964
2023-07-23 05:24:06,1,6734,187327.4234629999
2023-07-23 05:24:16,4,40793,78536.24682900003
2023-07-23 05:24:16,2,40818,333484.25457799964
2023-07-23 05:24:16,1,6740,187333.15461999996
2023-07-23 05:24:26,4,40793,78536.24682900003
2023-07-23 05:24:26,2,40818,333484.25457799964
2023-07-23 05:24:26,1,6746,187334.87166299994
2023-07-23 05:24:36,4,40793,78536.24682900003
2023-07-23 05:24:36,2,40818,333484.25457799964
2023-07-23 05:24:36,1,6752,187359.24587099993
2023-07-23 05:24:46,4,40793,78536.24682900003
2023-07-23 05:24:46,2,40818,333484.25457799964
2023-07-23 05:24:46,1,6758,187377.42077799997
2023-07-23 05:24:56,4,40793,78536.24682900003
2023-07-23 05:24:56,2,40818,333484.25457799964
2023-07-23 05:24:56,1,6764,187404.46934499993
2023-07-23 05:25:06,4,40793,78536.24682900003
2023-07-23 05:25:06,2,40818,333484.25457799964
2023-07-23 05:25:06,1,6770,187418.90522299998
2023-07-23 05:25:16,4,40793,78536.24682900003
2023-07-23 05:25:16,2,40818,333484.25457799964
2023-07-23 05:25:16,1,6776,187420.30908499993
2023-07-23 05:25:26,4,40793,78536.24682900003
2023-07-23 05:25:26,2,40818,333484.25457799964
2023-07-23 05:25:26,1,6782,187423.3692209999
2023-07-23 05:25:36,4,40793,78536.24682900003
2023-07-23 05:25:36,2,40818,333484.25457799964
2023-07-23 05:25:36,1,6788,187428.70474699992
2023-07-23 05:25:46,4,40793,78536.24682900003
2023-07-23 05:25:46,2,40818,333484.25457799964
2023-07-23 05:25:46,1,6794,187429.72910599998
2023-07-23 05:25:56,4,40793,78536.24682900003
2023-07-23 05:25:56,2,40818,333484.25457799964
2023-07-23 05:25:56,1,6800,187434.0550989999
2023-07-23 05:26:06,4,40793,78536.24682900003
2023-07-23 05:26:06,2,40818,333484.25457799964
2023-07-23 05:26:06,1,6806,187435.15227299996
2023-07-23 05:26:16,4,40793,78536.24682900003
2023-07-23 05:26:16,2,40818,333484.25457799964
2023-07-23 05:26:16,1,6812,187500.1330669999
2023-07-23 05:26:26,4,40793,78536.24682900003
2023-07-23 05:26:26,2,40818,333484.25457799964
2023-07-23 05:26:26,1,6818,187501.62694599992
2023-07-23 05:26:36,4,40793,78536.24682900003
2023-07-23 05:26:36,2,40818,333484.25457799964
2023-07-23 05:26:36,1,6825,370634.4711429999
2023-07-23 05:26:46,4,40793,78536.24682900003
2023-07-23 05:26:46,2,40818,333484.25457799964
2023-07-23 05:26:46,1,6832,566484.259886
2023-07-23 05:26:56,4,40793,78536.24682900003
2023-07-23 05:26:56,2,40818,333484.25457799964
2023-07-23 05:26:56,1,6838,566485.956344
2023-07-23 05:27:06,4,40793,78536.24682900003
2023-07-23 05:27:06,2,40818,333484.25457799964
2023-07-23 05:27:06,1,6845,779434.922313
2023-07-23 05:27:16,4,40793,78536.24682900003
2023-07-23 05:27:16,2,40818,333484.25457799964
2023-07-23 05:27:16,1,6851,779437.2770769999
2023-07-23 05:27:26,4,40793,78536.24682900003
2023-07-23 05:27:26,2,40818,333484.25457799964
2023-07-23 05:27:26,1,6858,1009296.936993
2023-07-23 05:27:36,4,40793,78536.24682900003
2023-07-23 05:27:36,2,40818,333484.25457799964
2023-07-23 05:27:36,1,6864,1009526.0530029999
2023-07-23 05:34:43,4,40793,78536.24682900003
2023-07-23 05:34:43,2,40818,333484.25457799964
2023-07-23 05:34:43,1,6884,1506587.4295180002
2023-07-23 05:34:53,4,40793,78536.24682900003
2023-07-23 05:34:53,2,40818,333484.25457799964
2023-07-23 05:34:53,1,6890,1506590.576082
2023-07-23 05:35:03,4,40793,78536.24682900003
2023-07-23 05:35:03,2,40818,333484.25457799964
2023-07-23 05:35:03,1,6896,1506592.903065
2023-07-23 05:35:13,4,40793,78536.24682900003
2023-07-23 05:35:13,2,40818,333484.25457799964
2023-07-23 05:35:13,1,6902,1506594.135611
2023-07-23 05:35:23,4,40793,78536.24682900003
2023-07-23 05:35:23,2,40818,333484.25457799964
2023-07-23 05:35:23,1,6908,1506595.173355
2023-07-23 05:35:33,4,40793,78536.24682900003
2023-07-23 05:35:33,2,40818,333484.25457799964
2023-07-23 05:35:33,1,6914,1506612.393436
2023-07-23 05:35:43,4,40793,78536.24682900003
2023-07-23 05:35:43,2,40818,333484.25457799964
2023-07-23 05:35:43,1,6920,1506613.637311
2023-07-23 05:35:53,4,40793,78536.24682900003
2023-07-23 05:35:53,2,40818,333484.25457799964
2023-07-23 05:35:53,1,6926,1506615.128663
2023-07-23 05:36:03,4,40793,78536.24682900003
2023-07-23 05:36:03,2,40818,333484.25457799964
2023-07-23 05:36:03,1,6932,1506616.9239130002
2023-07-23 05:36:13,4,40793,78536.24682900003
2023-07-23 05:36:13,2,40818,333484.25457799964
2023-07-23 05:36:13,1,6940,1686332.3039519999
2023-07-23 05:36:23,4,40793,78536.24682900003
2023-07-23 05:36:23,2,40818,333484.25457799964
2023-07-23 05:36:23,1,6946,1686427.635642
2023-07-23 05:36:33,4,40793,78536.24682900003
2023-07-23 05:36:33,2,40818,333484.25457799964
2023-07-23 05:36:33,1,6954,1898263.420651
2023-07-23 05:36:43,4,40793,78536.24682900003
2023-07-23 05:36:43,2,40818,333484.25457799964
2023-07-23 05:36:43,1,6963,2244638.8762429995
2023-07-23 05:36:53,4,40793,78536.24682900003
2023-07-23 05:36:53,2,40818,333484.25457799964
2023-07-23 05:36:53,1,6970,2362616.1032119994
2023-07-23 05:37:03,4,40793,78536.24682900003
2023-07-23 05:37:03,2,40818,333484.25457799964
2023-07-23 05:37:03,1,6976,2362617.4433399998
2023-07-23 05:37:13,4,40793,78536.24682900003
2023-07-23 05:37:13,2,40818,333484.25457799964
2023-07-23 05:37:13,1,6982,2362618.7868069992
2023-07-23 05:37:23,4,40793,78536.24682900003
2023-07-23 05:37:23,2,40818,333484.25457799964
2023-07-23 05:37:23,1,6988,2362630.586802999
2023-07-23 05:37:33,4,40793,78536.24682900003
2023-07-23 05:37:33,2,40818,333484.25457799964
2023-07-23 05:37:33,1,6994,2362632.174861999
2023-07-23 05:37:43,4,40793,78536.24682900003
2023-07-23 05:37:43,2,40818,333484.25457799964
2023-07-23 05:37:43,1,7000,2362633.501727
2023-07-23 05:37:53,4,40793,78536.24682900003
2023-07-23 05:37:53,2,40818,333484.25457799964
2023-07-23 05:37:53,1,7008,2533837.723681
2023-07-23 05:38:03,4,40793,78536.24682900003
2023-07-23 05:38:03,2,40818,333484.25457799964
2023-07-23 05:38:03,1,7014,2533838.7319739996
2023-07-23 05:38:13,4,40793,78536.24682900003
2023-07-23 05:38:13,2,40818,333484.25457799964
2023-07-23 05:38:13,1,7020,2533839.8690499994
2023-07-23 05:38:23,4,40793,78536.24682900003
2023-07-23 05:38:23,2,40818,333484.25457799964
2023-07-23 05:38:23,1,7026,2533841.2175229997
2023-07-23 05:38:33,4,40793,78536.24682900003
2023-07-23 05:38:33,2,40818,333484.25457799964
2023-07-23 05:38:33,1,7032,2533843.7428469993
