timestamp,user,nice,system,iowait,steal,idle
2023-08-02 11:49:32,0.0,0.0,0.0,0.0,0.0,100.0
2023-08-02 11:49:42,0.5,0.0,0.5,0.0,0.0,99.0
2023-08-02 11:49:52,0.0,0.0,0.5,0.0,0.0,99.5
2023-08-02 11:50:02,0.0,0.0,0.5,0.0,0.0,99.5
2023-08-02 11:50:12,0.0,0.0,0.0,0.0,0.0,100.0
2023-08-02 11:50:22,0.51,0.0,0.0,0.0,0.0,99.49
2023-08-02 11:50:32,0.0,0.0,0.51,0.0,0.0,99.49
2023-08-02 11:50:42,0.0,0.0,0.0,0.0,0.0,100.0
2023-08-02 11:50:52,0.51,0.0,0.0,0.0,0.0,99.49
2023-08-02 11:51:02,0.0,0.0,0.0,0.0,0.0,100.0
2023-08-02 11:51:12,0.0,0.0,0.0,0.0,0.0,100.0
2023-08-02 11:51:22,0.0,0.0,0.51,0.0,0.0,99.49
2023-08-02 11:51:32,0.0,0.0,0.5,0.0,0.0,99.5
2023-08-02 11:51:42,0.0,0.0,1.01,0.0,0.0,98.99
2023-08-02 11:51:52,13.13,0.0,2.02,0.0,0.0,84.85
2023-08-02 11:52:02,26.82,0.0,3.35,0.0,0.0,69.83
2023-08-02 11:52:12,31.1,0.0,5.49,0.0,0.0,63.41
2023-08-02 11:52:22,15.9,0.0,2.56,0.0,0.0,81.54
2023-08-02 11:52:32,15.74,0.0,2.03,0.51,0.0,81.73
2023-08-02 11:52:42,15.1,0.0,1.56,0.0,0.0,83.33
2023-08-02 11:52:52,13.07,0.0,1.51,0.0,0.0,85.43
2023-08-02 11:53:02,12.63,0.0,1.52,0.51,0.0,85.35
2023-08-02 11:53:12,12.31,0.0,1.03,0.0,0.0,86.67
2023-08-02 11:53:22,12.31,0.0,1.03,0.0,0.0,86.67
2023-08-02 11:53:32,14.29,0.0,1.53,0.0,0.0,84.18
2023-08-02 11:53:42,12.24,0.0,1.53,0.0,0.0,86.22
2023-08-02 11:53:52,12.24,0.0,1.53,0.51,0.0,85.71
2023-08-02 11:54:02,14.36,0.0,1.54,0.0,0.0,84.1
2023-08-02 11:54:12,12.76,0.0,1.02,0.0,0.0,86.22
2023-08-02 11:54:22,12.76,0.0,0.51,0.0,0.0,86.73
2023-08-02 11:54:32,13.2,0.0,2.03,0.0,0.0,84.77
2023-08-02 11:54:42,12.76,0.0,1.02,0.0,0.0,86.22
2023-08-02 11:54:52,12.63,0.0,2.02,0.0,0.0,85.35
2023-08-02 11:55:02,12.63,0.0,1.52,0.0,0.0,85.86
2023-08-02 11:55:12,12.24,0.0,1.02,0.0,0.0,86.73
2023-08-02 11:55:22,13.13,0.0,1.52,0.0,0.0,85.35
2023-08-02 11:55:32,15.74,0.0,2.54,0.0,0.0,81.73
2023-08-02 11:55:42,13.92,0.0,1.55,0.0,0.0,84.54
2023-08-02 11:55:52,14.87,0.0,1.54,0.0,0.0,83.59
2023-08-02 11:56:02,16.67,0.0,0.52,0.0,0.0,82.81
2023-08-02 11:56:12,13.85,0.0,1.54,0.0,0.0,84.62
2023-08-02 11:56:22,13.27,0.0,1.53,0.0,0.0,85.2
2023-08-02 11:56:32,19.49,0.0,3.08,0.0,0.0,77.44
2023-08-02 11:56:42,13.71,0.0,2.03,0.0,0.0,84.26
2023-08-02 11:56:52,13.2,0.0,1.02,0.0,0.0,85.79
2023-08-02 11:57:02,12.69,0.0,2.03,1.02,0.0,84.26
2023-08-02 11:57:12,12.12,0.0,1.52,0.0,0.0,86.36
2023-08-02 11:57:22,12.24,0.0,1.53,0.0,0.0,86.22
2023-08-02 11:57:32,12.18,0.0,2.03,0.0,0.0,85.79
2023-08-02 11:57:42,12.12,0.0,1.52,0.0,0.0,86.36
2023-08-02 11:57:52,12.76,0.0,0.51,0.0,0.0,86.73
2023-08-02 11:58:02,15.23,0.0,2.03,0.0,0.0,82.74
2023-08-02 11:58:12,12.56,0.0,2.01,0.0,0.0,85.43
2023-08-02 11:58:22,13.64,0.0,2.02,0.0,0.0,84.34
2023-08-02 11:58:32,13.07,0.0,2.01,0.0,0.0,84.92
2023-08-02 11:58:42,13.13,0.0,1.01,0.0,0.0,85.86
2023-08-02 11:58:52,12.24,0.0,2.55,0.0,0.0,85.2
2023-08-02 11:59:02,12.69,0.0,1.52,0.0,0.0,85.79
2023-08-02 11:59:12,13.2,0.0,1.52,0.0,0.0,85.28
2023-08-02 11:59:22,12.69,0.0,1.52,0.0,0.0,85.79
2023-08-02 11:59:32,13.07,0.0,2.01,0.0,0.0,84.92
2023-08-02 11:59:42,12.56,0.0,1.51,0.0,0.0,85.93
2023-08-02 11:59:52,13.71,0.0,1.02,0.51,0.0,84.77
2023-08-02 12:00:02,12.63,0.0,2.53,0.0,0.0,84.85
2023-08-02 12:00:12,12.63,0.0,2.02,0.0,0.0,85.35
2023-08-02 12:00:22,12.06,0.0,1.51,0.0,0.0,86.43
2023-08-02 12:00:32,12.31,0.0,1.03,0.51,0.0,86.15
2023-08-02 12:00:42,13.0,0.0,1.5,0.5,0.0,85.0
2023-08-02 12:00:52,12.69,0.0,1.52,0.0,0.0,85.79
2023-08-02 12:01:02,12.56,0.0,2.01,0.5,0.0,84.92
2023-08-02 12:01:12,27.56,0.0,3.21,0.0,0.0,69.23
2023-08-02 12:01:22,14.21,0.0,1.02,0.0,0.0,84.77
2023-08-02 12:01:32,12.76,0.0,2.04,0.0,0.0,85.2
2023-08-02 12:01:42,15.03,0.0,1.55,0.0,0.0,83.42
2023-08-02 12:01:52,20.74,0.0,2.13,0.0,0.0,77.13
2023-08-02 12:02:02,17.68,0.0,2.53,0.0,0.0,79.8
2023-08-02 12:02:12,12.69,0.0,1.52,0.0,0.0,85.79
2023-08-02 12:02:22,13.27,0.0,1.53,0.51,0.0,84.69
2023-08-02 12:02:32,12.18,0.0,2.03,0.0,0.0,85.79
2023-08-02 12:02:42,10.82,0.0,1.03,0.0,0.0,88.14
2023-08-02 12:02:52,12.69,0.0,1.02,0.0,0.0,86.29
2023-08-02 12:03:02,13.71,0.0,1.02,0.0,0.0,85.28
2023-08-02 12:03:12,12.69,0.0,1.52,0.0,0.0,85.79
2023-08-02 12:03:22,21.02,0.0,3.41,0.0,0.0,75.57
2023-08-02 12:03:32,19.6,0.0,2.01,0.0,0.0,78.39
2023-08-02 12:03:42,23.16,0.0,2.11,0.0,0.0,74.74
2023-08-02 12:03:52,16.4,0.0,2.12,0.53,0.0,80.95
2023-08-02 12:04:02,15.9,0.0,1.03,0.0,0.0,83.08
2023-08-02 12:04:12,13.07,0.0,2.51,0.0,0.0,84.42
2023-08-02 12:04:22,16.67,0.0,2.15,0.0,0.0,81.18
2023-08-02 12:04:32,33.16,0.0,2.63,0.0,0.0,64.21
2023-08-02 12:04:42,15.66,0.0,1.01,0.0,0.0,83.33
2023-08-02 12:04:52,13.57,0.0,1.51,0.5,0.0,84.42
2023-08-02 12:05:02,12.76,0.0,2.04,0.0,0.0,85.2
2023-08-02 12:05:12,12.76,0.0,1.53,0.0,0.0,85.71
2023-08-02 12:05:22,12.63,0.0,2.02,0.0,0.0,85.35
2023-08-02 12:05:32,13.2,0.0,2.03,0.0,0.0,84.77
2023-08-02 12:05:42,11.68,0.0,2.03,0.0,0.0,86.29
2023-08-02 12:05:52,14.06,0.0,1.04,0.0,0.0,84.9
2023-08-02 12:06:02,13.78,0.0,2.04,0.0,0.0,84.18
2023-08-02 12:06:12,13.68,0.0,1.05,0.0,0.0,85.26
2023-08-02 12:06:22,15.38,0.0,2.05,0.0,0.0,82.56
2023-08-02 12:06:32,13.27,0.0,1.02,0.51,0.0,85.2
2023-08-02 12:06:42,13.13,0.0,2.02,0.0,0.0,84.85
2023-08-02 12:06:52,13.64,0.0,1.52,0.0,0.0,84.85
2023-08-02 12:07:02,14.14,0.0,1.52,0.0,0.0,84.34
2023-08-02 12:07:12,14.29,0.0,1.02,0.0,0.0,84.69
2023-08-02 12:07:22,15.23,0.0,1.02,0.0,0.0,83.76
2023-08-02 12:07:32,14.21,0.0,2.54,0.0,0.0,83.25
2023-08-02 12:07:42,13.99,0.0,1.04,0.52,0.0,84.46
2023-08-02 12:07:52,13.92,0.0,1.03,0.0,0.0,85.05
2023-08-02 12:08:02,14.29,0.0,1.53,0.0,0.0,84.18
2023-08-02 12:08:12,14.8,0.0,1.53,0.51,0.0,83.16
2023-08-02 12:08:22,14.8,0.0,3.06,0.0,0.0,82.14
2023-08-02 12:08:32,17.01,0.0,4.64,0.0,0.0,78.35
2023-08-02 12:08:42,16.58,0.0,4.15,0.0,0.0,79.27
2023-08-02 12:08:52,14.51,0.0,4.15,0.52,0.0,80.83
2023-08-02 12:09:02,15.74,0.0,3.05,0.51,0.0,80.71
2023-08-02 12:09:12,15.38,0.0,3.59,0.0,0.0,81.03
2023-08-02 12:09:22,15.1,0.0,3.65,0.0,0.0,81.25
2023-08-02 12:09:32,17.35,0.0,3.06,0.0,0.0,79.59
2023-08-02 12:09:42,19.07,0.0,3.09,0.0,0.0,77.84
2023-08-02 12:09:52,17.86,0.0,3.06,0.0,0.0,79.08
2023-08-02 12:10:02,16.06,0.0,3.63,0.0,0.0,80.31
2023-08-02 12:10:12,16.92,0.0,3.08,0.0,0.0,80.0
2023-08-02 12:10:22,15.31,0.0,4.08,0.0,0.0,80.61
2023-08-02 12:10:32,13.85,0.0,2.56,0.0,0.0,83.59
2023-08-02 12:10:42,15.38,0.0,3.08,0.0,0.0,81.54
2023-08-02 12:10:52,13.2,0.0,1.02,0.0,0.0,85.79
2023-08-02 12:11:02,12.69,0.0,1.52,0.0,0.0,85.79
2023-08-02 12:11:12,12.94,0.0,2.49,0.0,0.0,84.58
2023-08-02 12:11:22,12.76,0.0,1.02,0.0,0.0,86.22
2023-08-02 12:11:32,13.27,0.0,1.02,0.0,0.0,85.71
2023-08-02 12:11:42,12.69,0.0,1.02,0.0,0.0,86.29
2023-08-02 12:11:52,12.63,0.0,1.52,0.0,0.0,85.86
2023-08-02 12:12:02,14.29,0.0,1.02,0.51,0.0,84.18
2023-08-02 12:12:12,12.69,0.0,1.52,0.0,0.0,85.79
2023-08-02 12:12:22,13.33,0.0,1.03,0.0,0.0,85.64
2023-08-02 12:12:32,12.69,0.0,2.03,0.0,0.0,85.28
2023-08-02 12:12:42,14.21,0.0,1.02,0.0,0.0,84.77
2023-08-02 12:12:52,12.69,0.0,1.02,0.0,0.0,86.29
2023-08-02 12:13:02,13.13,0.0,2.53,0.51,0.0,83.84
2023-08-02 12:13:12,12.69,0.0,1.52,0.51,0.0,85.28
2023-08-02 12:13:22,12.18,0.0,1.52,0.0,0.0,86.29
2023-08-02 12:13:32,12.76,0.0,1.02,0.0,0.0,86.22
2023-08-02 12:13:42,12.76,0.0,1.02,0.0,0.0,86.22
2023-08-02 12:13:52,12.24,0.0,1.53,0.51,0.0,85.71
2023-08-02 12:14:02,12.82,0.0,1.54,0.51,0.0,85.13
2023-08-02 12:14:12,12.69,0.0,1.52,0.51,0.0,85.28
2023-08-02 12:14:22,12.69,0.0,1.02,0.0,0.0,86.29
2023-08-02 12:14:32,13.13,0.0,1.52,0.0,0.0,85.35
2023-08-02 12:14:42,12.69,0.0,1.02,0.0,0.0,86.29
2023-08-02 12:14:52,13.57,0.0,1.51,0.0,0.0,84.92
2023-08-02 12:15:02,13.64,0.0,2.02,0.0,0.0,84.34
2023-08-02 12:15:12,13.71,0.0,1.02,0.51,0.0,84.77
2023-08-02 12:15:22,14.14,0.0,1.52,0.0,0.0,84.34
2023-08-02 12:15:32,13.07,0.0,2.01,0.0,0.0,84.92
2023-08-02 12:15:42,13.27,0.0,1.02,0.0,0.0,85.71
2023-08-02 12:15:52,12.82,0.0,1.03,0.0,0.0,86.15
2023-08-02 12:16:02,13.27,0.0,2.04,0.0,0.0,84.69
2023-08-02 12:16:12,14.21,0.0,1.52,0.0,0.0,84.26
2023-08-02 12:16:22,11.56,0.0,2.01,0.0,0.0,86.43
2023-08-02 12:16:32,13.71,0.0,1.02,0.51,0.0,84.77
2023-08-02 12:16:42,13.04,0.0,2.17,0.54,0.0,84.24
2023-08-02 12:16:52,12.63,0.0,1.52,0.51,0.0,85.35
2023-08-02 12:17:02,14.87,0.0,2.05,0.0,0.0,83.08
2023-08-02 12:17:12,14.21,0.0,2.11,0.0,0.0,83.68
2023-08-02 12:17:22,12.24,0.0,1.02,0.0,0.0,86.73
2023-08-02 12:17:32,13.27,0.0,1.53,0.51,0.0,84.69
2023-08-02 12:17:42,12.63,0.0,1.52,0.0,0.0,85.86
2023-08-02 12:17:52,12.18,0.0,1.02,0.51,0.0,86.29
2023-08-02 12:18:02,13.33,0.0,2.05,0.51,0.0,84.1
2023-08-02 12:18:12,12.24,0.0,1.02,0.0,0.0,86.73
2023-08-02 12:18:22,14.65,0.0,1.52,0.0,0.0,83.84
2023-08-02 12:18:32,13.92,0.0,2.06,0.0,0.0,84.02
2023-08-02 12:18:42,12.95,0.0,1.04,0.0,0.0,86.01
2023-08-02 12:18:52,14.52,0.0,1.61,1.08,0.0,82.8
2023-08-02 12:19:02,30.38,0.0,3.16,0.0,0.0,66.46
2023-08-02 12:19:12,12.24,0.0,2.04,0.0,0.0,85.71
2023-08-02 12:19:22,13.57,0.0,1.51,0.0,0.0,84.92
2023-08-02 12:19:32,0.0,0.0,0.51,0.0,0.0,99.49
2023-08-02 12:19:42,0.0,0.0,1.01,0.0,0.0,98.99
2023-08-02 12:19:52,0.0,0.0,0.0,0.0,0.0,100.0
2023-08-02 12:20:02,0.51,0.0,0.51,0.0,0.0,98.98
2023-08-02 12:20:12,0.51,0.0,1.52,0.0,0.0,97.98
2023-08-02 12:20:22,0.0,0.0,0.51,0.51,0.0,98.98
2023-08-02 12:20:32,0.0,0.0,1.01,0.5,0.0,98.49
2023-08-02 12:20:42,0.0,0.0,0.51,0.0,0.0,99.49
2023-08-02 12:20:52,0.5,0.0,0.0,0.0,0.0,99.5
2023-08-02 12:21:02,0.0,0.0,0.51,0.0,0.0,99.49
2023-08-02 12:21:12,0.0,0.0,0.51,0.0,0.0,99.49
2023-08-02 12:21:22,0.51,0.0,0.51,0.0,0.0,98.99
2023-08-02 12:21:32,0.51,0.0,0.0,0.0,0.0,99.49
2023-08-02 12:21:42,0.51,0.0,0.0,0.0,0.0,99.49
2023-08-02 12:21:52,0.0,0.0,0.51,0.0,0.0,99.49
2023-08-02 12:22:02,0.51,0.0,0.51,0.0,0.0,98.98
2023-08-02 12:22:12,0.0,0.0,0.51,0.0,0.0,99.49
2023-08-02 12:22:22,0.0,0.0,0.51,0.0,0.0,99.49
2023-08-02 12:22:32,0.0,0.0,1.01,0.5,0.0,98.49
2023-08-02 12:22:42,0.51,0.0,0.51,0.0,0.0,98.99
2023-08-02 12:22:52,0.51,0.0,0.51,0.51,0.0,98.48
2023-08-02 12:23:02,0.0,0.0,0.51,0.0,0.0,99.49
2023-08-02 12:23:12,0.51,0.0,0.0,0.0,0.0,99.49
2023-08-02 12:23:22,0.0,0.0,0.0,0.0,0.0,100.0
2023-08-02 12:23:32,0.51,0.0,0.51,0.0,0.0,98.99
2023-08-02 12:23:42,0.51,0.0,0.51,0.0,0.0,98.99
2023-08-02 12:23:52,0.0,0.0,0.51,0.0,0.0,99.49
2023-08-02 12:24:02,0.51,0.0,0.51,0.0,0.0,98.98
2023-08-02 12:24:12,0.51,0.0,0.51,0.0,0.0,98.99
2023-08-02 12:24:22,0.51,0.0,0.51,0.0,0.0,98.99
2023-08-02 12:24:32,0.0,0.0,0.51,0.0,0.0,99.49
2023-08-02 12:24:42,1.02,0.0,0.0,0.0,0.0,98.98
2023-08-02 12:24:52,0.51,0.0,0.51,0.0,0.0,98.99
2023-08-02 12:25:02,0.51,0.0,1.02,0.0,0.0,98.48
2023-08-02 12:25:12,0.0,0.0,0.51,0.0,0.0,99.49
2023-08-02 12:25:22,0.0,0.0,0.0,0.0,0.0,100.0
2023-08-02 12:25:32,0.51,0.0,0.51,0.0,0.0,98.99
2023-08-02 12:25:42,0.5,0.0,1.01,0.5,0.0,97.99
2023-08-02 12:25:52,0.0,0.0,0.0,0.0,0.0,100.0
2023-08-02 12:26:02,0.51,0.0,0.51,0.0,0.0,98.98
2023-08-02 12:26:12,0.0,0.0,0.0,0.51,0.0,99.49
2023-08-02 12:26:22,0.0,0.0,0.0,0.0,0.0,100.0
2023-08-02 12:26:32,0.51,0.0,1.01,0.0,0.0,98.48
2023-08-02 12:26:42,0.0,0.0,0.51,0.0,0.0,99.49
2023-08-02 12:26:52,0.5,0.0,1.01,0.0,0.0,98.49
2023-08-02 12:27:02,0.0,0.0,0.51,0.0,0.0,99.49
2023-08-02 12:27:12,0.0,0.0,0.51,0.0,0.0,99.49
2023-08-02 12:27:22,0.51,0.0,0.51,0.0,0.0,98.98
2023-08-02 12:27:32,0.51,0.0,1.01,0.0,0.0,98.48
2023-08-02 12:27:42,0.0,0.0,0.0,0.0,0.0,100.0
2023-08-02 12:27:52,0.0,0.0,0.0,0.0,0.0,100.0
2023-08-02 12:28:02,0.51,0.0,0.51,0.0,0.0,98.97
2023-08-02 12:28:12,0.51,0.0,0.0,0.0,0.0,99.49
2023-08-02 12:28:22,0.0,0.0,1.01,0.0,0.0,98.99
2023-08-02 12:28:32,1.01,0.0,0.51,0.0,0.0,98.48
2023-08-02 12:28:42,0.0,0.0,0.5,0.0,0.0,99.5
2023-08-02 12:28:52,1.01,0.0,0.5,0.0,0.0,98.49
2023-08-02 12:29:02,0.0,0.0,0.51,0.0,0.0,99.49
2023-08-02 12:29:12,0.5,0.0,1.0,0.0,0.0,98.5
2023-08-02 12:29:22,0.5,0.0,0.5,0.0,0.0,98.99
2023-08-02 12:29:32,0.0,0.0,0.51,0.0,0.0,99.49
2023-08-02 12:29:42,1.0,0.0,1.0,0.0,0.0,98.0
2023-08-02 12:29:52,0.0,0.0,0.51,0.51,0.0,98.99
2023-08-02 12:30:02,1.01,0.0,1.01,0.0,0.0,97.98
2023-08-02 12:30:12,1.0,0.0,1.5,0.0,0.0,97.5
2023-08-02 12:30:22,0.0,0.0,0.0,0.0,0.0,100.0
2023-08-02 12:30:32,0.51,0.0,0.51,0.51,0.0,98.48
2023-08-02 12:30:42,0.0,0.0,0.51,0.0,0.0,99.49
2023-08-02 12:30:52,1.01,0.0,0.0,0.0,0.0,98.99
2023-08-02 12:31:02,0.0,0.0,1.02,0.51,0.0,98.48
2023-08-02 12:31:12,0.0,0.0,0.0,0.0,0.0,100.0
2023-08-02 12:31:22,0.0,0.0,1.01,0.0,0.0,98.99
2023-08-02 12:31:32,0.0,0.0,0.51,0.0,0.0,99.49
2023-08-02 12:31:42,0.0,0.0,0.51,0.51,0.0,98.99
2023-08-02 12:31:52,0.51,0.0,0.51,0.0,0.0,98.99
2023-08-02 12:32:02,1.01,0.0,0.51,0.0,0.0,98.48
2023-08-02 12:32:12,0.5,0.0,1.01,0.0,0.0,98.49
2023-08-02 12:32:22,0.0,0.0,0.0,0.0,0.0,100.0
2023-08-02 12:32:32,0.51,0.0,0.51,0.51,0.0,98.48
2023-08-02 12:32:42,1.01,0.0,0.0,0.0,0.0,98.99
2023-08-02 12:32:52,0.51,0.0,0.51,0.0,0.0,98.99
2023-08-02 12:33:02,0.0,0.0,0.51,0.0,0.0,99.49
2023-08-02 12:33:12,0.0,0.0,0.51,0.0,0.0,99.49
2023-08-02 12:33:22,1.54,0.0,1.54,0.0,0.0,96.92
2023-08-02 12:33:32,2.54,0.0,3.05,0.0,0.0,94.42
2023-08-02 12:33:42,2.05,0.0,2.56,0.0,0.0,95.38
2023-08-02 12:33:52,1.53,0.0,2.55,0.51,0.0,95.41
2023-08-02 12:34:02,2.06,0.0,2.06,0.0,0.0,95.88
2023-08-02 12:34:12,2.04,0.0,2.04,0.0,0.0,95.92
2023-08-02 12:34:22,2.03,0.0,2.03,0.0,0.0,95.94
2023-08-02 12:34:32,1.52,0.0,2.54,0.51,0.0,95.43
2023-08-02 12:34:42,1.53,0.0,3.06,0.0,0.0,95.41
2023-08-02 12:34:52,1.53,0.0,2.04,0.0,0.0,96.43
2023-08-02 12:35:02,1.55,0.0,2.06,0.0,0.0,96.39
2023-08-02 12:35:12,1.54,0.0,2.05,0.0,0.0,96.41
2023-08-02 12:35:22,1.02,0.0,2.54,0.0,0.0,96.45
2023-08-02 12:35:32,1.53,0.0,2.55,0.0,0.0,95.92
2023-08-02 12:35:42,1.52,0.0,2.03,0.51,0.0,95.94
2023-08-02 12:35:52,1.02,0.0,2.55,0.0,0.0,96.43
2023-08-02 12:36:02,2.02,0.0,0.51,0.0,0.0,97.47
2023-08-02 12:36:12,0.0,0.0,0.5,0.0,0.0,99.5
2023-08-02 12:36:22,0.0,0.0,0.51,0.0,0.0,99.49
2023-08-02 12:36:32,0.0,0.0,0.51,0.0,0.0,99.49
2023-08-02 12:36:42,0.51,0.0,0.51,0.0,0.0,98.98
2023-08-02 12:36:52,0.0,0.0,0.51,2.54,0.0,96.95
2023-08-02 12:37:02,0.51,0.0,0.51,0.51,0.0,98.48
2023-08-02 12:37:12,0.51,0.0,0.51,0.0,0.0,98.99
2023-08-02 12:37:22,0.51,0.0,0.0,0.0,0.0,99.49
2023-08-02 12:37:32,0.0,0.0,0.0,0.0,0.0,100.0
2023-08-02 12:37:42,0.0,0.0,0.51,0.0,0.0,99.49
2023-08-02 12:37:52,0.0,0.0,0.51,0.0,0.0,99.49
2023-08-02 12:38:02,1.02,0.0,0.51,0.0,0.0,98.47
2023-08-02 12:38:12,0.0,0.0,1.52,0.0,0.0,98.48
2023-08-02 12:38:22,0.51,0.0,0.0,0.0,0.0,99.49
2023-08-02 12:38:32,0.0,0.0,0.0,0.0,0.0,100.0
2023-08-02 12:38:42,0.0,0.0,0.0,0.0,0.0,100.0
2023-08-02 12:38:52,0.51,0.0,0.51,0.51,0.0,98.47
2023-08-02 12:39:02,0.0,0.0,1.01,0.0,0.0,98.99
2023-08-02 12:39:12,0.0,0.0,0.0,0.0,0.0,100.0
2023-08-02 12:39:22,0.0,0.0,0.0,0.0,0.0,100.0
2023-08-02 12:39:32,0.0,0.0,0.51,0.0,0.0,99.49
2023-08-02 12:39:42,0.5,0.0,0.5,0.0,0.0,98.99
2023-08-02 12:39:52,0.5,0.0,1.01,0.0,0.0,98.49
2023-08-02 12:40:02,1.02,0.0,0.51,0.0,0.0,98.47
2023-08-02 12:40:12,0.0,0.0,1.02,0.0,0.0,98.98
2023-08-02 12:40:22,0.5,0.0,0.5,0.5,0.0,98.5
2023-08-02 12:40:32,1.01,0.0,0.5,0.0,0.0,98.49
2023-08-02 12:40:42,0.5,0.0,1.01,0.0,0.0,98.49
2023-08-02 12:40:52,0.0,0.0,0.51,0.0,0.0,99.49
2023-08-02 12:41:02,0.5,0.0,0.5,0.0,0.0,98.99
2023-08-02 12:41:12,0.51,0.0,0.51,0.0,0.0,98.99
2023-08-02 12:41:22,0.0,0.0,1.04,0.0,0.0,98.96
2023-08-02 12:41:32,0.0,0.0,0.51,0.0,0.0,99.49
2023-08-02 12:41:42,0.0,0.0,0.51,0.0,0.0,99.49
2023-08-02 12:41:52,0.51,0.0,0.0,0.0,0.0,99.49
2023-08-02 12:42:02,1.02,0.0,0.0,0.0,0.0,98.98
2023-08-02 12:42:12,0.0,0.0,0.0,0.0,0.0,100.0
2023-08-02 12:42:22,0.51,0.0,0.51,0.0,0.0,98.99
2023-08-02 12:42:32,0.0,0.0,0.0,0.0,0.0,100.0
2023-08-02 12:42:42,0.0,0.0,0.51,0.0,0.0,99.49
2023-08-02 12:42:52,0.0,0.0,0.0,0.0,0.0,100.0
2023-08-02 12:43:02,0.0,0.0,1.02,0.51,0.0,98.47
2023-08-02 12:43:12,0.0,0.0,0.0,0.0,0.0,100.0
2023-08-02 12:43:22,0.0,0.0,0.51,0.0,0.0,99.49
2023-08-02 12:43:32,0.0,0.0,0.51,0.0,0.0,99.49
2023-08-02 12:43:42,0.0,0.0,0.0,0.0,0.0,100.0
2023-08-02 12:43:52,0.0,0.0,0.0,0.0,0.0,100.0
2023-08-02 12:44:02,1.03,0.0,0.0,0.0,0.0,98.97
2023-08-02 12:44:12,0.0,0.0,0.0,0.0,0.0,100.0
2023-08-02 12:44:22,0.5,0.0,0.5,0.0,0.0,98.99
2023-08-02 12:44:32,0.0,0.0,0.0,0.0,0.0,100.0
2023-08-02 12:44:42,0.51,0.0,0.51,0.51,0.0,98.48
2023-08-02 12:44:52,0.0,0.0,0.0,0.0,0.0,100.0
2023-08-02 12:45:02,0.0,0.0,1.02,0.0,0.0,98.98
2023-08-02 12:45:12,0.51,0.0,0.0,0.51,0.0,98.98
2023-08-02 12:45:22,0.0,0.0,0.51,0.51,0.0,98.99
2023-08-02 12:45:32,0.5,0.0,0.0,0.0,0.0,99.5
2023-08-02 12:45:42,1.01,0.0,0.0,0.0,0.0,98.99
2023-08-02 12:45:52,3.48,0.0,6.96,0.0,0.0,89.57
2023-08-02 12:46:02,1.03,0.0,0.0,0.0,0.0,98.97
2023-08-02 12:46:12,0.0,0.0,0.5,0.0,0.0,99.5
2023-08-02 12:46:22,0.5,0.0,0.0,0.0,0.0,99.5
2023-08-02 12:46:32,0.51,0.0,1.53,0.0,0.0,97.96
2023-08-02 12:46:42,0.0,0.0,0.0,0.0,0.0,100.0
2023-08-02 12:46:52,0.0,0.0,0.5,0.0,0.0,99.5
2023-08-02 12:47:02,0.0,0.0,0.0,0.0,0.0,100.0
2023-08-02 12:47:12,0.0,0.0,0.0,0.0,0.0,100.0
2023-08-02 12:47:22,0.0,0.0,0.0,0.0,0.0,100.0
2023-08-02 12:47:32,0.0,0.0,0.51,0.0,0.0,99.49
2023-08-02 12:47:42,0.5,0.0,0.0,0.0,0.0,99.5
2023-08-02 12:47:52,0.0,0.0,0.0,0.0,0.0,100.0
2023-08-02 12:48:02,1.02,0.0,0.0,0.0,0.0,98.98
2023-08-02 12:48:12,0.0,0.0,0.0,0.0,0.0,100.0
2023-08-02 12:48:22,0.0,0.0,1.52,0.0,0.0,98.48
2023-08-02 12:48:32,0.0,0.0,0.51,0.0,0.0,99.49
2023-08-02 12:48:42,0.5,0.0,0.5,0.0,0.0,99.0
2023-08-02 12:48:52,0.0,0.0,0.51,0.51,0.0,98.99
2023-08-02 12:49:02,0.0,0.0,0.0,0.0,0.0,100.0
2023-08-02 12:49:12,0.0,0.0,0.0,0.0,0.0,100.0
2023-08-02 12:49:22,0.0,0.0,0.0,0.0,0.0,100.0
2023-08-02 12:49:32,0.0,0.0,0.5,0.0,0.0,99.5
2023-08-02 12:49:42,0.0,0.0,0.0,0.0,0.0,100.0
2023-08-02 12:49:52,0.0,0.0,0.0,0.0,0.0,100.0
2023-08-02 12:50:02,0.49,0.0,0.49,0.0,0.0,99.02
2023-08-02 12:50:12,0.51,0.0,0.0,0.0,0.0,99.49
2023-08-02 12:50:22,0.0,0.0,1.01,0.0,0.0,98.99
2023-08-02 12:50:32,0.51,0.0,0.51,0.0,0.0,98.99
2023-08-02 12:50:42,0.0,0.0,0.5,0.0,0.0,99.5
2023-08-02 12:50:52,0.0,0.0,1.01,0.0,0.0,98.99
2023-08-02 12:51:02,0.0,0.0,0.5,0.0,0.0,99.5
2023-08-02 12:51:12,0.0,0.0,0.51,0.0,0.0,99.49
2023-08-02 12:51:22,0.0,0.0,0.51,0.0,0.0,99.49
2023-08-02 12:51:32,0.51,0.0,0.51,0.0,0.0,98.99
2023-08-02 12:51:42,1.02,0.0,3.06,0.0,0.0,95.92
2023-08-02 12:51:52,1.54,0.0,2.05,0.0,0.0,96.41
2023-08-02 12:52:02,4.17,0.0,5.21,0.0,0.0,90.62
2023-08-02 12:52:12,2.07,0.0,3.11,0.0,0.0,94.82
2023-08-02 12:52:22,2.11,0.0,2.11,0.0,0.0,95.79
2023-08-02 12:52:32,1.52,0.0,4.06,0.0,0.0,94.42
2023-08-02 12:52:42,2.04,0.0,4.08,0.0,0.0,93.88
2023-08-02 12:52:52,2.59,0.0,4.15,0.0,0.0,93.26
2023-08-02 12:53:02,0.0,0.0,1.01,0.0,0.0,98.99
2023-08-02 12:53:12,0.0,0.0,0.5,0.0,0.0,99.5
2023-08-02 12:53:22,0.0,0.0,0.0,0.0,0.0,100.0
2023-08-02 12:53:32,0.0,0.0,0.0,0.0,0.0,100.0
2023-08-02 12:53:42,0.0,0.0,0.0,0.0,0.0,100.0
2023-08-02 12:53:52,0.0,0.0,0.5,0.0,0.0,99.5
2023-08-02 12:54:02,0.5,0.0,0.5,0.0,0.0,98.99
2023-08-02 12:54:12,0.0,0.0,0.5,0.0,0.0,99.5
2023-08-02 12:54:22,0.0,0.0,0.0,0.0,0.0,100.0
2023-08-02 12:54:32,0.5,0.0,0.5,0.0,0.0,99.0
2023-08-02 12:54:42,0.51,0.0,0.0,0.0,0.0,99.49
2023-08-02 12:54:52,0.0,0.0,0.0,0.0,0.0,100.0
2023-08-02 12:55:02,0.0,0.0,0.51,0.0,0.0,99.49
2023-08-02 12:55:12,0.0,0.0,0.0,0.0,0.0,100.0
2023-08-02 12:55:22,0.0,0.0,0.0,0.0,0.0,100.0
2023-08-02 12:55:32,0.0,0.0,0.0,0.0,0.0,100.0
2023-08-02 12:55:42,0.0,0.0,0.51,0.0,0.0,99.49
2023-08-02 12:55:52,0.0,0.0,0.0,0.0,0.0,100.0
2023-08-02 12:56:02,1.54,0.0,0.51,0.0,0.0,97.95
2023-08-02 12:56:12,1.0,0.0,0.5,0.0,0.0,98.51
2023-08-02 12:56:22,0.5,0.0,0.0,0.0,0.0,99.5
2023-08-02 12:56:32,0.0,0.0,0.51,0.0,0.0,99.49
2023-08-02 12:56:42,0.0,0.0,0.5,0.0,0.0,99.5
2023-08-02 12:56:52,0.0,0.0,0.0,0.0,0.0,100.0
2023-08-02 12:57:02,1.01,0.0,0.0,0.0,0.0,98.99
2023-08-02 12:57:12,0.0,0.0,0.0,0.0,0.0,100.0
2023-08-02 12:57:22,0.0,0.0,0.0,0.0,0.0,100.0
2023-08-02 12:57:32,0.0,0.0,1.01,0.0,0.0,98.99
2023-08-02 12:57:42,0.0,0.0,0.0,0.0,0.0,100.0
2023-08-02 12:57:52,0.5,0.0,0.0,0.0,0.0,99.5
2023-08-05 14:04:35,0.0,0.0,0.5,0.5,0.0,99.0
2023-08-05 14:04:44,0.0,0.0,0.0,0.0,0.0,100.0
2023-08-05 14:04:57,0.0,0.0,0.0,0.0,0.0,100.0
2023-08-05 14:05:04,0.0,0.0,0.0,0.0,0.0,100.0
2023-08-05 14:05:14,0.51,0.0,0.0,0.0,0.0,99.49
2023-08-05 14:05:25,0.0,0.0,0.0,0.0,0.0,100.0
2023-08-05 14:05:34,3.33,0.0,6.11,0.0,0.0,90.56
2023-08-05 14:05:44,3.87,0.0,7.73,0.0,0.0,88.4
2023-08-05 14:05:54,3.14,0.0,5.03,0.0,0.0,91.82
2023-08-05 14:06:04,0.52,0.0,2.06,0.0,0.0,97.42
2023-08-05 14:06:14,0.5,0.0,0.5,0.0,0.0,98.99
2023-08-05 14:06:24,0.56,0.0,0.56,1.11,0.0,97.78
2023-08-05 14:06:34,0.0,0.0,0.0,0.0,0.0,100.0
2023-08-05 14:06:44,1.55,0.0,6.19,0.52,0.0,91.75
2023-08-05 14:06:54,0.0,0.0,0.0,0.0,0.0,100.0
2023-08-05 14:07:04,0.51,0.0,0.51,0.0,0.0,98.99
2023-08-05 14:07:14,0.0,0.0,0.51,0.0,0.0,99.49
2023-08-05 14:07:24,0.0,0.0,0.5,0.0,0.0,99.5
2023-08-05 14:07:34,0.59,0.0,21.18,0.0,0.0,78.24
2023-08-05 14:07:44,0.0,0.0,0.0,0.0,0.0,100.0
2023-08-05 14:07:54,6.7,0.0,1.55,0.0,0.0,91.75
2023-08-05 14:08:04,37.57,0.0,10.58,1.06,0.0,50.79
2023-08-05 14:08:14,32.97,0.0,14.59,2.16,0.0,50.27
2023-08-05 14:08:24,30.98,0.0,16.3,0.54,0.0,52.17
2023-08-05 14:08:34,29.61,0.0,16.76,0.56,0.0,53.07
2023-08-05 14:08:44,0.5,0.0,0.0,0.0,0.0,99.5
2023-08-05 14:08:54,0.0,0.0,0.0,3.55,0.0,96.45
2023-08-05 14:09:04,0.0,0.0,0.5,0.0,0.0,99.5
2023-08-05 14:09:14,12.24,0.0,2.55,0.0,0.0,85.2
2023-08-05 14:09:24,12.44,0.0,1.55,0.0,0.0,86.01
2023-08-05 14:09:34,11.79,0.0,1.42,0.0,0.0,86.79
2023-08-05 14:09:44,14.93,0.0,2.99,0.75,0.0,81.34
2023-08-05 14:09:54,10.77,0.0,1.54,0.0,0.0,87.69
2023-08-05 14:10:04,18.09,0.0,1.6,0.0,0.0,80.32
2023-08-05 14:10:14,17.3,0.0,1.62,0.0,0.0,81.08
2023-08-05 14:10:24,14.8,0.0,1.53,0.0,0.0,83.67
2023-08-05 14:10:34,13.78,0.0,1.53,0.0,0.0,84.69
2023-08-05 14:10:44,12.18,0.0,1.02,0.51,0.0,86.29
2023-08-05 14:10:54,10.66,0.0,1.52,0.0,0.0,87.82
2023-08-05 14:11:04,35.29,0.0,4.58,0.0,0.0,60.13
2023-08-05 14:11:14,12.06,0.0,2.01,0.0,0.0,85.93
2023-08-05 14:11:24,13.71,0.0,2.03,0.0,0.0,84.26
2023-08-05 14:11:34,15.51,0.0,2.67,0.0,0.0,81.82
2023-08-05 14:11:44,16.06,0.0,1.04,0.0,0.0,82.9
2023-08-05 14:11:54,14.43,0.0,1.03,0.0,0.0,84.54
2023-08-05 14:12:04,13.64,0.0,2.02,0.0,0.0,84.34
2023-08-05 14:12:14,13.33,0.0,1.03,0.51,0.0,85.13
2023-08-05 14:12:24,12.56,0.0,1.01,0.0,0.0,86.43
2023-08-05 14:12:34,11.5,0.0,2.0,0.0,0.0,86.5
2023-08-05 14:12:44,11.73,0.0,1.02,0.0,0.0,87.24
2023-08-05 14:12:54,13.2,0.0,2.03,0.0,0.0,84.77
2023-08-05 14:13:04,10.2,0.0,1.02,0.0,0.0,88.78
2023-08-05 14:13:14,10.15,0.0,1.52,0.0,0.0,88.32
2023-08-05 14:13:24,12.24,0.0,1.02,0.51,0.0,86.22
2023-08-05 14:13:34,11.22,0.0,1.53,0.0,0.0,87.24
2023-08-05 14:13:44,11.34,0.0,1.03,0.0,0.0,87.63
2023-08-05 14:13:54,10.71,0.0,1.53,0.0,0.0,87.76
2023-08-05 14:14:04,11.06,0.0,2.01,0.5,0.0,86.43
2023-08-05 14:14:14,16.49,0.0,2.58,0.0,0.0,80.93
2023-08-05 14:14:24,20.56,0.0,3.33,0.0,0.0,76.11
2023-08-05 14:14:34,16.23,0.0,1.57,0.0,0.0,82.2
2023-08-05 14:14:44,14.51,0.0,1.55,0.0,0.0,83.94
2023-08-05 14:14:54,10.15,0.0,1.52,0.0,0.0,88.32
2023-08-05 14:15:04,11.17,0.0,1.02,0.0,0.0,87.82
2023-08-05 14:15:14,12.56,0.0,1.01,0.0,0.0,86.43
2023-08-05 14:15:24,11.68,0.0,1.02,0.0,0.0,87.31
2023-08-05 14:15:34,19.79,0.0,2.08,0.0,0.0,78.12
2023-08-05 14:15:44,11.11,0.0,1.01,0.0,0.0,87.88
2023-08-05 14:15:54,12.31,0.0,2.05,0.0,0.0,85.64
2023-08-05 14:16:04,10.61,0.0,1.52,0.0,0.0,87.88
2023-08-05 14:16:14,12.89,0.0,2.58,0.0,0.0,84.54
2023-08-05 14:23:32,90.85,0.0,9.15,0.0,0.0,0.0
2023-08-05 14:23:41,92.13,0.0,7.87,0.0,0.0,0.0
2023-08-05 14:23:52,83.33,0.0,16.67,0.0,0.0,0.0
2023-08-05 14:24:01,89.74,0.0,10.26,0.0,0.0,0.0
2023-08-05 14:24:11,91.78,0.0,8.22,0.0,0.0,0.0
2023-08-05 14:24:23,91.67,0.0,8.33,0.0,0.0,0.0
2023-08-05 14:24:31,94.16,0.0,5.84,0.0,0.0,0.0
2023-08-05 14:24:43,87.38,0.0,12.62,0.0,0.0,0.0
2023-08-05 14:24:51,90.42,0.0,9.58,0.0,0.0,0.0
2023-08-05 14:25:01,76.64,0.0,23.36,0.0,0.0,0.0
2023-08-05 14:25:11,92.07,0.0,7.93,0.0,0.0,0.0
2023-08-05 14:25:21,86.36,0.0,13.64,0.0,0.0,0.0
2023-08-05 14:25:31,91.28,0.0,8.72,0.0,0.0,0.0
2023-08-05 14:25:40,83.23,0.0,16.77,0.0,0.0,0.0
2023-08-05 14:25:50,92.17,0.0,7.83,0.0,0.0,0.0
2023-08-05 14:26:00,91.98,0.0,8.02,0.0,0.0,0.0
2023-08-05 14:26:10,93.02,0.0,6.98,0.0,0.0,0.0
2023-08-05 14:26:21,88.97,0.0,11.03,0.0,0.0,0.0
2023-08-05 14:26:31,92.13,0.0,7.87,0.0,0.0,0.0
2023-08-05 14:26:40,92.31,0.0,7.69,0.0,0.0,0.0
2023-08-05 14:26:50,19.59,0.0,2.06,0.0,0.0,78.35
2023-08-05 14:27:03,91.23,0.0,8.77,0.0,0.0,0.0
2023-08-05 14:27:10,56.25,0.0,5.0,0.62,0.0,38.12
2023-08-05 14:27:20,42.6,0.0,4.73,0.0,0.0,52.66
2023-08-05 14:27:30,23.59,0.0,2.56,0.0,0.0,73.85
2023-08-05 14:27:40,18.88,0.0,1.53,0.0,0.0,79.59
2023-08-05 14:27:50,16.58,0.0,1.51,0.0,0.0,81.91
2023-08-05 14:28:00,17.77,0.0,1.52,0.0,0.0,80.71
2023-08-05 14:28:10,14.14,0.0,2.02,0.0,0.0,83.84
2023-08-05 14:28:20,13.27,0.0,2.04,0.0,0.0,84.69
2023-08-05 14:28:30,14.29,0.0,3.57,0.0,0.0,82.14
2023-08-05 14:28:40,14.29,0.0,2.04,0.0,0.0,83.67
2023-08-05 14:28:50,14.51,0.0,2.59,0.0,0.0,82.9
2023-08-05 14:29:00,11.68,0.0,1.02,0.0,0.0,87.31
2023-08-05 14:29:10,21.24,0.0,2.07,0.0,0.0,76.68
2023-08-05 14:29:20,13.13,0.0,1.52,0.0,0.0,85.35
2023-08-05 14:29:30,14.36,0.0,1.54,0.0,0.0,84.1
2023-08-05 14:29:40,12.18,0.0,1.02,0.0,0.0,86.8
2023-08-05 14:29:50,11.62,0.0,1.52,0.0,0.0,86.87
2023-08-05 14:30:00,12.63,0.0,2.02,0.0,0.0,85.35
2023-08-05 14:30:10,11.68,0.0,0.51,0.0,0.0,87.82
2023-08-05 14:30:20,10.66,0.0,1.02,0.0,0.0,88.32
2023-08-05 14:30:30,11.22,0.0,1.02,0.0,0.0,87.76
2023-08-05 14:30:40,28.29,0.0,3.29,0.0,0.0,68.42
2023-08-05 14:30:50,10.61,0.0,1.01,0.0,0.0,88.38
2023-08-05 14:31:00,37.18,0.0,4.49,0.64,0.0,57.69
2023-08-05 14:31:10,30.88,0.0,5.15,0.0,0.0,63.97
2023-08-05 14:31:20,20.69,0.0,1.72,0.0,0.0,77.59
2023-08-05 14:31:30,15.54,0.0,2.07,0.0,0.0,82.38
2023-08-05 14:31:40,16.92,0.0,1.54,1.03,0.0,80.51
2023-08-05 14:31:51,34.69,0.0,3.06,0.0,0.0,62.24
2023-08-05 14:32:01,66.46,0.0,5.59,0.0,0.0,27.95
2023-08-05 14:32:10,23.08,0.0,2.56,0.0,0.0,74.36
2023-08-05 14:32:20,25.53,0.0,2.13,0.0,0.0,72.34
2023-08-05 14:32:30,19.69,0.0,2.59,0.0,0.0,77.72
2023-08-05 14:32:40,16.24,0.0,2.54,0.0,0.0,81.22
2023-08-05 14:32:50,15.9,0.0,2.05,0.0,0.0,82.05
2023-08-05 14:33:00,24.24,0.0,3.03,0.0,0.0,72.73
2023-08-05 14:33:10,18.95,0.0,4.21,0.0,0.0,76.84
2023-08-05 14:33:20,19.79,0.0,4.69,0.0,0.0,75.52
2023-08-05 14:33:30,19.07,0.0,5.67,0.52,0.0,74.74
2023-08-05 14:33:40,16.23,0.0,3.66,0.0,0.0,80.1
2023-08-05 14:33:50,16.92,0.0,4.62,0.0,0.0,78.46
2023-08-05 14:34:00,22.16,0.0,5.67,0.52,0.0,71.65
2023-08-05 14:34:10,27.54,0.0,5.8,0.72,0.0,65.94
2023-08-05 14:34:20,13.13,0.0,2.02,0.0,0.0,84.85
2023-08-05 14:34:30,26.32,0.0,3.01,0.0,0.0,70.68
2023-08-05 14:34:40,25.0,0.0,2.66,0.0,0.0,72.34
2023-08-05 14:34:51,90.91,0.0,7.95,0.0,0.0,1.14
2023-08-05 14:35:01,88.71,0.0,11.29,0.0,0.0,0.0
2023-08-05 14:35:10,28.8,0.0,2.72,0.0,0.0,68.48
2023-08-05 14:35:20,57.23,0.0,6.29,0.0,0.0,36.48
2023-08-05 14:35:31,91.24,0.0,8.76,0.0,0.0,0.0
2023-08-05 14:35:40,29.69,0.0,3.65,0.0,0.0,66.67
2023-08-05 14:35:50,29.84,0.0,2.62,0.0,0.0,67.54
2023-08-05 14:36:01,39.02,0.0,3.66,0.61,0.0,56.71
2023-08-05 14:36:10,19.29,0.0,2.03,0.51,0.0,78.17
2023-08-05 14:36:21,71.05,0.0,7.02,0.88,0.0,21.05
2023-08-05 14:36:30,20.83,0.0,1.56,0.0,0.0,77.6
2023-08-05 14:36:40,17.44,0.0,1.03,0.0,0.0,81.54
2023-08-05 14:36:50,17.86,0.0,1.53,0.0,0.0,80.61
2023-08-05 14:37:00,13.85,0.0,1.54,0.0,0.0,84.62
2023-08-05 14:37:10,26.4,0.0,2.54,0.0,0.0,71.07
2023-08-05 14:37:20,14.21,0.0,1.52,0.0,0.0,84.26
2023-08-05 14:37:30,18.09,0.0,2.13,0.0,0.0,79.79
2023-08-05 14:37:40,17.17,0.0,1.01,0.0,0.0,81.82
2023-08-05 14:37:50,35.4,0.0,4.35,0.0,0.0,60.25
2023-08-05 14:38:00,25.0,0.0,3.19,0.0,0.0,71.81
2023-08-05 14:38:10,20.73,0.0,2.07,0.52,0.0,76.68
2023-08-05 14:38:20,18.27,0.0,2.03,0.51,0.0,79.19
2023-08-05 14:38:30,17.77,0.0,0.51,0.0,0.0,81.73
2023-08-05 14:38:40,14.87,0.0,1.03,0.0,0.0,84.1
2023-08-05 14:38:50,16.33,0.0,2.04,0.0,0.0,81.63
2023-08-05 14:39:00,12.37,0.0,3.09,0.0,0.0,84.54
2023-08-05 14:39:10,16.32,0.0,1.05,0.0,0.0,82.63
2023-08-05 14:39:20,13.57,0.0,2.01,0.0,0.0,84.42
2023-08-05 14:39:30,12.63,0.0,2.53,0.0,0.0,84.85
2023-08-05 14:39:40,12.24,0.0,1.02,0.0,0.0,86.73
2023-08-05 14:39:50,12.32,0.0,0.99,0.0,0.0,86.7
2023-08-05 14:40:00,13.07,0.0,1.51,0.0,0.0,85.43
2023-08-05 14:40:10,16.48,0.0,2.27,0.0,0.0,81.25
2023-08-05 14:40:20,22.4,0.0,2.73,0.0,0.0,74.86
2023-08-05 14:40:30,81.52,0.0,7.61,0.0,0.0,10.87
2023-08-05 14:40:41,89.11,0.0,9.9,0.0,0.0,0.99
2023-08-05 14:40:50,29.17,0.0,2.6,0.0,0.0,68.23
2023-08-05 14:41:01,86.44,0.0,13.56,0.0,0.0,0.0
2023-08-05 14:41:11,88.35,0.0,11.65,0.0,0.0,0.0
2023-08-05 14:41:20,38.93,0.0,8.05,0.0,0.0,53.02
2023-08-05 14:41:31,82.0,0.0,18.0,0.0,0.0,0.0
2023-08-05 14:41:41,66.07,0.0,33.93,0.0,0.0,0.0
2023-08-05 14:41:52,75.32,0.0,24.68,0.0,0.0,0.0
2023-08-05 14:42:01,87.5,0.0,12.5,0.0,0.0,0.0
2023-08-05 14:42:12,84.93,0.0,15.07,0.0,0.0,0.0
2023-08-05 14:42:22,88.0,0.0,12.0,0.0,0.0,0.0
2023-08-05 14:42:32,89.89,0.0,10.11,0.0,0.0,0.0
2023-08-05 14:42:42,87.13,0.0,12.87,0.0,0.0,0.0
2023-08-05 14:42:52,90.22,0.0,9.78,0.0,0.0,0.0
2023-08-05 14:43:01,87.37,0.0,11.58,0.0,0.0,1.05
2023-08-05 14:43:12,87.65,0.0,12.35,0.0,0.0,0.0
2023-08-05 14:43:22,89.87,0.0,10.13,0.0,0.0,0.0
2023-08-05 14:43:33,88.41,0.0,11.59,0.0,0.0,0.0
2023-08-05 14:43:42,89.87,0.0,10.13,0.0,0.0,0.0
2023-08-05 14:43:51,87.93,0.0,12.07,0.0,0.0,0.0
2023-08-05 14:44:01,93.15,0.0,6.85,0.0,0.0,0.0
2023-08-05 14:44:10,41.58,0.0,3.68,0.0,0.0,54.74
2023-08-05 14:44:20,28.81,0.0,2.82,0.0,0.0,68.36
2023-08-05 14:44:30,25.0,0.0,2.55,0.0,0.0,72.45
2023-08-05 14:44:40,37.01,0.0,3.9,0.0,0.0,59.09
2023-08-05 14:44:51,53.85,0.0,5.13,0.0,0.0,41.03
2023-08-05 14:45:00,38.41,0.0,5.96,0.0,0.0,55.63
2023-08-05 14:45:10,19.9,0.0,4.19,0.0,0.0,75.92
2023-08-05 14:45:21,64.66,0.0,11.28,0.0,0.0,24.06
2023-08-05 14:45:31,57.04,0.0,11.85,0.74,0.0,30.37
2023-08-05 14:45:40,20.31,0.0,4.69,0.0,0.0,75.0
2023-08-05 14:45:50,15.9,0.0,1.54,0.0,0.0,82.56
2023-08-05 14:46:00,17.53,0.0,1.55,0.0,0.0,80.93
2023-08-05 14:46:10,14.21,0.0,1.02,0.0,0.0,84.77
2023-08-05 14:46:20,14.95,0.0,1.55,0.0,0.0,83.51
2023-08-05 14:46:30,11.17,0.0,1.52,0.0,0.0,87.31
2023-08-05 14:46:40,16.32,0.0,1.58,0.0,0.0,82.11
2023-08-05 14:46:51,41.11,0.0,2.78,0.56,0.0,55.56
2023-08-05 14:47:00,65.43,0.0,8.64,1.23,0.0,24.69
2023-08-05 14:47:11,90.24,0.0,9.76,0.0,0.0,0.0
2023-08-05 14:47:22,89.66,0.0,10.34,0.0,0.0,0.0
2023-08-05 14:47:31,87.91,0.0,12.09,0.0,0.0,0.0
2023-08-05 14:47:42,88.37,0.0,11.63,0.0,0.0,0.0
2023-08-05 14:47:51,91.61,0.0,8.39,0.0,0.0,0.0
2023-08-05 14:48:02,90.38,0.0,9.62,0.0,0.0,0.0
2023-08-05 14:48:12,92.21,0.0,7.79,0.0,0.0,0.0
2023-08-05 14:48:22,90.38,0.0,9.62,0.0,0.0,0.0
2023-08-05 14:48:31,90.98,0.0,9.02,0.0,0.0,0.0
2023-08-05 14:48:40,27.51,0.0,3.17,0.0,0.0,69.31
2023-08-05 14:48:50,29.03,0.0,2.69,0.0,0.0,68.28
2023-08-05 14:49:01,93.51,0.0,6.49,0.0,0.0,0.0
2023-08-05 14:49:11,90.32,0.0,9.68,0.0,0.0,0.0
2023-08-05 14:49:20,46.71,0.0,4.19,0.0,0.0,49.1
2023-08-05 14:49:30,28.27,0.0,3.14,0.0,0.0,68.59
2023-08-05 14:49:41,89.58,0.0,10.42,0.0,0.0,0.0
2023-08-05 14:49:52,85.71,0.0,14.29,0.0,0.0,0.0
2023-08-05 14:50:02,88.66,0.0,10.31,0.0,0.0,1.03
2023-08-05 14:50:11,76.77,0.0,23.23,0.0,0.0,0.0
2023-08-05 14:50:23,83.5,0.0,16.5,0.0,0.0,0.0
2023-08-05 14:50:32,93.18,0.0,6.82,0.0,0.0,0.0
2023-08-05 14:50:40,91.74,0.0,8.26,0.0,0.0,0.0
2023-08-05 14:50:50,26.63,0.0,2.72,0.0,0.0,70.65
2023-08-05 14:51:00,21.58,0.0,1.58,0.0,0.0,76.84
2023-08-05 14:51:10,26.29,0.0,2.58,0.0,0.0,71.13
2023-08-05 14:51:21,52.99,0.0,8.21,0.0,0.0,38.81
2023-08-05 14:51:30,21.94,0.0,3.06,0.0,0.0,75.0
2023-08-05 14:51:40,15.5,0.0,2.5,0.0,0.0,82.0
2023-08-05 14:51:50,16.92,0.0,1.54,0.0,0.0,81.54
2023-08-05 14:52:00,14.21,0.0,2.03,0.0,0.0,83.76
2023-08-05 14:52:10,12.69,0.0,1.52,0.0,0.0,85.79
2023-08-05 14:52:20,14.95,0.0,1.55,0.0,0.0,83.51
2023-08-05 14:52:30,12.89,0.0,1.03,0.0,0.0,86.08
2023-08-05 14:52:40,12.69,0.0,1.02,0.0,0.0,86.29
2023-08-05 14:52:50,12.63,0.0,1.52,0.51,0.0,85.35
2023-08-05 14:53:00,19.44,0.0,2.22,0.56,0.0,77.78
2023-08-05 14:53:10,15.71,0.0,3.14,0.0,0.0,81.15
2023-08-05 14:53:20,16.84,0.0,1.02,0.0,0.0,82.14
2023-08-05 14:53:30,21.13,0.0,2.06,0.0,0.0,76.8
2023-08-05 14:53:40,15.9,0.0,1.54,0.0,0.0,82.56
2023-08-05 14:53:50,26.04,0.0,3.65,0.0,0.0,70.31
2023-08-05 14:54:01,61.65,0.0,6.02,0.0,0.0,32.33
2023-08-05 14:54:10,21.03,0.0,1.54,0.0,0.0,77.44
2023-08-05 14:54:20,20.31,0.0,2.6,0.0,0.0,77.08
2023-08-05 14:54:30,21.32,0.0,3.05,0.0,0.0,75.63
2023-08-05 14:54:41,58.6,0.0,4.46,0.64,0.0,36.31
2023-08-05 14:54:50,28.18,0.0,5.52,0.0,0.0,66.3
2023-08-05 14:55:00,1.01,0.0,0.51,0.0,0.0,98.48
2023-08-05 14:55:10,0.5,0.0,0.5,0.0,0.0,98.99
2023-08-05 14:55:20,0.5,0.0,1.01,0.0,0.0,98.49
2023-08-05 14:55:30,0.0,0.0,0.53,0.0,0.0,99.47
2023-08-05 14:55:40,0.0,0.0,0.0,0.0,0.0,100.0
2023-08-05 14:55:50,0.0,0.0,0.5,0.0,0.0,99.5
2023-08-05 14:56:00,0.0,0.0,0.0,0.0,0.0,100.0
2023-08-05 14:56:10,0.0,0.0,0.0,0.0,0.0,100.0
2023-08-05 14:56:20,0.0,0.0,0.0,0.0,0.0,100.0
2023-08-05 14:56:30,0.0,0.0,0.51,0.0,0.0,99.49
2023-08-05 14:56:40,0.0,0.0,0.51,0.0,0.0,99.49
2023-08-05 14:56:50,0.64,0.0,1.91,0.0,0.0,97.45
2023-08-05 14:57:00,0.5,0.0,0.0,0.0,0.0,99.5
2023-08-05 14:57:10,0.51,0.0,0.51,0.0,0.0,98.99
2023-08-05 14:57:20,2.58,0.0,3.61,0.0,0.0,93.81
2023-08-05 14:57:30,2.6,0.0,2.08,0.0,0.0,95.31
2023-08-05 14:57:40,2.7,0.0,2.7,0.0,0.0,94.59
2023-08-05 14:57:50,1.14,0.0,5.11,0.57,0.0,93.18
2023-08-05 14:58:00,2.06,0.0,3.09,0.0,0.0,94.85
2023-08-05 14:58:10,0.5,0.0,2.51,0.5,0.0,96.48
2023-08-05 14:58:20,0.0,0.0,1.05,0.0,0.0,98.95
2023-08-05 14:58:30,0.5,0.0,0.5,0.0,0.0,98.99
2023-08-05 14:58:40,0.0,0.0,0.5,0.0,0.0,99.5
2023-08-05 14:58:50,0.0,0.0,0.51,0.0,0.0,99.49
2023-08-05 14:59:00,0.0,0.0,0.5,0.5,0.0,99.0
2023-08-05 14:59:10,0.0,0.0,0.0,0.0,0.0,100.0
2023-08-05 14:59:20,0.0,0.0,0.5,0.0,0.0,99.5
2023-08-05 14:59:30,0.51,0.0,0.0,0.0,0.0,99.49
2023-08-05 14:59:40,1.01,0.0,1.01,0.0,0.0,97.99
2023-08-05 14:59:50,0.0,0.0,1.02,0.51,0.0,98.48
2023-08-05 15:00:00,0.0,0.0,0.51,0.0,0.0,99.49
2023-08-05 15:00:10,0.0,0.0,0.0,0.0,0.0,100.0
2023-08-05 15:00:22,0.56,0.0,1.12,0.0,0.0,98.31
2023-08-05 15:00:31,1.16,0.0,0.58,0.0,0.0,98.27
2023-08-05 15:00:40,0.0,0.0,0.0,0.0,0.0,100.0
2023-08-05 15:00:50,0.65,0.0,0.65,0.0,0.0,98.69
2023-08-05 15:03:05,0.0,0.0,0.0,0.0,0.0,100.0
2023-08-05 15:03:15,4.21,0.0,6.32,0.0,0.0,89.47
2023-08-05 15:03:22,0.0,0.0,0.5,0.0,0.0,99.5
2023-08-05 15:03:31,0.0,0.0,0.0,0.0,0.0,100.0
2023-08-05 15:03:40,0.0,0.0,0.0,0.0,0.0,100.0
2023-08-05 15:03:51,0.0,0.0,0.0,0.0,0.0,100.0
2023-08-05 15:04:00,0.0,0.0,0.0,0.0,0.0,100.0
2023-08-05 15:08:47,0.51,0.0,0.0,0.0,0.0,99.49
2023-08-05 15:08:55,2.55,0.0,4.08,0.0,0.0,93.37
2023-08-05 15:09:07,2.47,0.0,4.94,0.0,0.0,92.59
2023-08-05 15:09:18,61.54,0.0,38.46,0.0,0.0,0.0
2023-08-05 15:09:25,0.0,0.0,0.0,0.0,0.0,100.0
2023-08-05 15:09:35,0.0,0.0,0.0,0.0,0.0,100.0
2023-08-05 15:09:45,0.0,0.0,0.0,0.0,0.0,100.0
2023-08-05 15:09:55,0.0,0.0,0.0,0.0,0.0,100.0
2023-08-05 15:10:05,0.0,0.0,0.0,0.0,0.0,100.0
2023-08-05 15:10:15,0.0,0.0,0.0,0.0,0.0,100.0
2023-08-05 15:10:25,0.0,0.0,0.0,0.0,0.0,100.0
2023-08-05 15:10:35,0.0,0.0,0.0,0.0,0.0,100.0
2023-08-05 15:10:46,0.0,0.0,0.0,0.0,0.0,100.0
2023-08-05 15:10:55,0.5,0.0,0.5,0.0,0.0,99.0
2023-08-05 15:11:05,0.0,0.0,0.0,0.0,0.0,100.0
2023-08-05 15:11:15,0.0,0.0,0.0,0.0,0.0,100.0
2023-08-05 15:11:25,0.0,0.0,0.0,0.0,0.0,100.0
2023-08-05 15:11:35,0.0,0.0,0.5,0.0,0.0,99.5
2023-08-05 15:11:45,0.5,0.0,0.0,0.0,0.0,99.5
2023-08-05 15:11:55,0.0,0.0,0.0,0.0,0.0,100.0
2023-08-05 15:12:05,0.0,0.0,0.0,0.0,0.0,100.0
2023-08-05 15:12:16,0.0,0.0,0.0,0.0,0.0,100.0
2023-08-05 15:12:25,0.52,0.0,4.66,0.0,0.0,94.82
2023-08-05 15:12:35,0.0,0.0,0.51,0.0,0.0,99.49
2023-08-05 15:12:45,1.0,0.0,0.5,0.0,0.0,98.5
2023-08-05 15:12:55,0.51,0.0,0.0,0.0,0.0,99.49
2023-08-05 15:13:05,0.5,0.0,1.0,0.0,0.0,98.51
2023-08-05 15:23:28,0.0,0.0,0.0,0.0,0.0,100.0
2023-08-05 15:23:38,0.0,0.0,0.0,0.0,0.0,100.0
2023-08-05 15:23:49,0.0,0.0,1.02,0.0,0.0,98.98
2023-08-05 15:23:58,0.0,0.0,0.51,0.0,0.0,99.49
2023-08-05 15:24:08,0.51,0.0,1.01,0.0,0.0,98.48
2023-08-05 15:24:18,1.52,0.0,0.51,0.0,0.0,97.98
2023-08-05 15:24:28,0.52,0.0,1.04,0.0,0.0,98.44
2023-08-05 15:24:38,0.0,0.0,0.0,0.0,0.0,100.0
2023-08-05 15:24:48,2.05,0.0,0.51,0.0,0.0,97.44
2023-08-05 15:24:58,0.51,0.0,0.51,0.0,0.0,98.99
2023-08-05 15:25:08,0.0,0.0,0.51,0.0,0.0,99.49
2023-08-05 15:25:18,1.52,0.0,2.03,0.51,0.0,95.94
2023-08-05 15:25:28,0.0,0.0,0.0,0.0,0.0,100.0
2023-08-05 15:25:38,0.0,0.0,0.0,0.51,0.0,99.49
2023-08-05 15:25:49,0.51,0.0,0.51,0.0,0.0,98.99
2023-08-05 15:25:58,0.0,0.0,0.0,0.0,0.0,100.0
2023-08-05 15:26:08,0.5,0.0,1.01,0.0,0.0,98.49
2023-08-05 15:26:18,2.04,0.0,1.02,0.51,0.0,96.43
2023-08-05 15:26:28,0.0,0.0,1.02,0.0,0.0,98.98
2023-08-05 15:26:38,0.0,0.0,1.02,0.0,0.0,98.98
2023-08-05 15:26:48,2.03,0.0,0.51,0.0,0.0,97.46
2023-08-05 15:26:58,0.51,0.0,0.51,0.0,0.0,98.98
2023-08-05 15:27:08,0.0,0.0,0.0,0.0,0.0,100.0
2023-08-05 15:27:18,2.58,0.0,0.0,0.52,0.0,96.91
2023-08-05 15:27:28,0.0,0.0,0.0,0.0,0.0,100.0
2023-08-05 15:27:38,0.51,0.0,0.51,0.0,0.0,98.99
2023-08-05 15:27:48,2.02,0.0,0.51,0.0,0.0,97.47
2023-08-05 15:27:58,0.0,0.0,0.5,0.0,0.0,99.5
2023-08-05 15:28:08,0.51,0.0,0.51,0.0,0.0,98.99
2023-08-05 15:28:18,3.16,0.0,1.05,0.0,0.0,95.79
2023-08-05 15:28:28,0.0,0.0,0.51,0.0,0.0,99.49
2023-08-05 15:28:38,0.5,0.0,1.01,0.0,0.0,98.49
2023-08-05 15:28:48,2.56,0.0,0.0,0.0,0.0,97.44
2023-08-05 15:28:58,0.51,0.0,1.02,0.0,0.0,98.48
2023-08-05 15:29:08,0.0,0.0,0.51,0.0,0.0,99.49
2023-08-05 15:29:18,4.76,0.0,1.06,0.0,0.0,94.18
2023-08-05 15:29:28,0.0,0.0,0.0,0.0,0.0,100.0
2023-08-05 15:29:38,0.0,0.0,1.01,0.0,0.0,98.99
2023-08-05 15:29:48,2.25,0.0,1.12,0.0,0.0,96.63
2023-08-05 15:29:58,0.0,0.0,0.0,0.0,0.0,100.0
2023-08-05 15:30:08,0.0,0.0,0.5,0.0,0.0,99.5
2023-08-05 15:30:18,21.81,0.0,7.45,0.0,0.0,70.74
2023-08-05 15:30:28,17.58,0.0,26.06,0.0,0.0,56.36
2023-08-05 15:30:38,42.16,0.0,5.95,1.08,0.0,50.81
2023-08-05 15:30:48,34.68,0.0,13.87,1.73,0.0,49.71
2023-08-05 15:30:58,28.82,0.0,14.12,5.29,0.0,51.76
2023-08-05 15:31:08,0.0,0.0,0.0,0.0,0.0,100.0
2023-08-05 15:31:18,1.03,0.0,0.52,5.67,0.0,92.78
2023-08-05 15:31:28,3.43,0.0,4.57,0.0,0.0,92.0
2023-08-05 15:31:38,0.0,0.0,0.0,0.0,0.0,100.0
2023-08-05 15:31:51,89.4,0.0,10.6,0.0,0.0,0.0
2023-08-05 15:32:00,72.73,0.0,27.27,0.0,0.0,0.0
2023-08-05 15:32:09,85.42,0.0,14.58,0.0,0.0,0.0
2023-08-05 15:32:18,91.22,0.0,7.43,0.0,0.0,1.35
2023-08-05 15:32:28,89.44,0.0,10.56,0.0,0.0,0.0
2023-08-05 15:32:42,50.0,0.0,50.0,0.0,0.0,0.0
2023-08-05 15:32:50,93.18,0.0,6.82,0.0,0.0,0.0
2023-08-05 15:32:58,90.3,0.0,9.7,0.0,0.0,0.0
2023-08-05 15:33:08,29.95,0.0,3.21,0.0,0.0,66.84
2023-08-05 15:33:18,38.73,0.0,4.62,0.0,0.0,56.65
2023-08-05 15:33:28,23.08,0.0,1.65,0.0,0.0,75.27
2023-08-05 15:33:38,28.57,0.0,2.29,0.0,0.0,69.14
2023-08-05 15:33:48,20.53,0.0,2.11,0.0,0.0,77.37
2023-08-05 15:33:58,17.11,0.0,1.6,0.53,0.0,80.75
2023-08-05 15:34:08,17.28,0.0,2.09,0.0,0.0,80.63
2023-08-05 15:34:18,27.22,0.0,1.67,0.0,0.0,71.11
2023-08-05 15:34:28,17.1,0.0,3.11,0.52,0.0,79.27
2023-08-05 15:34:38,19.37,0.0,1.57,0.0,0.0,79.06
2023-08-05 15:34:48,26.78,0.0,2.73,0.0,0.0,70.49
2023-08-05 15:34:58,20.0,0.0,2.7,0.0,0.0,77.3
2023-08-05 15:35:08,20.63,0.0,2.12,0.0,0.0,77.25
2023-08-05 15:35:18,26.63,0.0,2.72,0.54,0.0,70.11
2023-08-05 15:35:28,18.23,0.0,1.56,0.0,0.0,80.21
2023-08-05 15:35:38,18.65,0.0,2.07,0.52,0.0,78.76
2023-08-05 15:35:48,19.39,0.0,2.55,0.0,0.0,78.06
2023-08-05 15:35:58,14.72,0.0,1.02,0.51,0.0,83.76
2023-08-05 15:36:08,15.18,0.0,1.05,0.0,0.0,83.77
2023-08-05 15:36:18,24.32,0.0,3.24,0.0,0.0,72.43
2023-08-05 15:36:28,18.65,0.0,1.55,0.0,0.0,79.79
2023-08-05 15:36:38,14.72,0.0,2.54,0.0,0.0,82.74
2023-08-05 15:36:48,17.89,0.0,2.63,0.0,0.0,79.47
2023-08-05 15:36:58,16.75,0.0,1.52,0.0,0.0,81.73
2023-08-05 15:37:08,15.38,0.0,1.54,0.51,0.0,82.56
2023-08-05 15:37:18,16.49,0.0,2.06,0.0,0.0,81.44
2023-08-05 15:37:29,86.21,0.0,13.79,0.0,0.0,0.0
2023-08-05 15:37:38,22.51,0.0,4.71,0.0,0.0,72.77
2023-08-05 15:37:48,27.17,0.0,4.35,0.0,0.0,68.48
2023-08-05 15:37:58,22.87,0.0,4.79,0.0,0.0,72.34
2023-08-05 15:38:08,20.51,0.0,4.1,0.0,0.0,75.38
2023-08-05 15:38:18,22.8,0.0,4.15,0.0,0.0,73.06
2023-08-05 15:38:28,15.66,0.0,2.02,0.0,0.0,82.32
2023-08-05 15:38:38,15.31,0.0,1.53,0.0,0.0,83.16
2023-08-05 15:38:48,16.49,0.0,1.55,0.0,0.0,81.96
2023-08-05 15:38:58,12.12,0.0,1.01,0.51,0.0,86.36
2023-08-05 15:39:08,13.78,0.0,0.51,0.0,0.0,85.71
2023-08-05 15:39:18,20.81,0.0,2.54,0.0,0.0,76.65
2023-08-05 15:39:28,19.53,0.0,2.37,0.0,0.0,78.11
2023-08-05 15:39:38,12.63,0.0,2.02,0.0,0.0,85.35
2023-08-05 15:39:48,16.84,0.0,2.04,0.0,0.0,81.12
2023-08-05 15:39:58,19.49,0.0,1.54,0.51,0.0,78.46
2023-08-05 15:40:08,12.69,0.0,1.52,0.51,0.0,85.28
2023-08-05 15:40:18,17.59,0.0,2.51,0.0,0.0,79.9
2023-08-05 15:40:28,12.24,0.0,1.02,0.0,0.0,86.73
2023-08-05 15:40:38,12.63,0.0,2.02,0.51,0.0,84.85
2023-08-05 15:40:48,14.8,0.0,2.04,0.0,0.0,83.16
2023-08-05 15:40:58,12.89,0.0,1.03,0.0,0.0,86.08
2023-08-05 15:41:08,12.76,0.0,2.04,0.0,0.0,85.2
2023-08-05 15:41:18,17.17,0.0,2.02,0.51,0.0,80.3
2023-08-05 15:41:28,12.82,0.0,1.03,0.0,0.0,86.15
2023-08-05 15:41:38,17.19,0.0,1.56,0.0,0.0,81.25
2023-08-05 15:41:48,19.29,0.0,2.03,0.0,0.0,78.68
2023-08-05 15:41:58,17.35,0.0,1.02,0.0,0.0,81.63
2023-08-05 15:42:08,12.69,0.0,2.03,0.0,0.0,85.28
2023-08-05 15:42:18,21.88,0.0,2.08,0.52,0.0,75.52
2023-08-05 15:42:28,18.27,0.0,1.52,0.0,0.0,80.2
2023-08-05 15:42:38,15.87,0.0,1.06,0.0,0.0,83.07
2023-08-05 15:42:48,16.06,0.0,1.55,0.52,0.0,81.87
2023-08-05 15:42:58,13.27,0.0,1.53,0.0,0.0,85.2
2023-08-05 15:43:08,13.13,0.0,2.53,0.0,0.0,84.34
2023-08-05 15:43:18,16.33,0.0,2.04,0.0,0.0,81.63
2023-08-05 15:43:28,15.38,0.0,1.03,0.0,0.0,83.59
2023-08-05 15:43:38,13.71,0.0,2.03,0.0,0.0,84.26
2023-08-05 15:43:48,16.67,0.0,1.56,0.0,0.0,81.77
2023-08-05 15:43:58,16.24,0.0,1.52,0.0,0.0,82.23
2023-08-05 15:44:08,14.21,0.0,1.52,0.0,0.0,84.26
2023-08-05 15:44:18,14.87,0.0,1.54,0.0,0.0,83.59
2023-08-05 15:44:28,18.46,0.0,1.54,0.51,0.0,79.49
2023-08-05 15:44:38,12.76,0.0,1.02,0.51,0.0,85.71
2023-08-05 15:44:48,16.49,0.0,1.55,0.0,0.0,81.96
2023-08-05 15:44:58,13.57,0.0,1.51,0.0,0.0,84.92
2023-08-05 15:45:08,13.64,0.0,2.02,0.0,0.0,84.34
2023-08-05 15:45:18,15.15,0.0,2.02,0.51,0.0,82.32
2023-08-05 15:45:28,16.92,0.0,2.05,0.0,0.0,81.03
2023-08-05 15:45:38,13.27,0.0,1.53,0.0,0.0,85.2
2023-08-05 15:45:48,14.29,0.0,2.04,0.0,0.0,83.67
2023-08-05 15:45:58,13.2,0.0,1.52,0.0,0.0,85.28
2023-08-05 15:46:08,18.04,0.0,1.55,0.0,0.0,80.41
2023-08-05 15:46:18,17.0,0.0,2.0,0.5,0.0,80.5
2023-08-05 15:46:28,15.82,0.0,1.53,0.0,0.0,82.65
2023-08-05 15:46:38,13.27,0.0,1.02,0.0,0.0,85.71
2023-08-05 15:46:48,18.65,0.0,2.07,0.0,0.0,79.27
2023-08-05 15:46:58,15.23,0.0,2.03,0.0,0.0,82.74
2023-08-05 15:47:08,14.65,0.0,1.52,0.0,0.0,83.84
2023-08-05 15:47:18,16.84,0.0,1.53,0.51,0.0,81.12
2023-08-05 15:47:28,15.98,0.0,1.03,0.0,0.0,82.99
2023-08-05 15:47:38,47.83,0.0,4.35,0.72,0.0,47.1
2023-08-05 15:47:48,19.55,0.0,1.68,0.0,0.0,78.77
2023-08-05 15:47:58,12.69,0.0,1.52,0.0,0.0,85.79
2023-08-05 15:48:08,12.76,0.0,1.53,0.0,0.0,85.71
2023-08-05 15:48:18,14.95,0.0,1.55,0.0,0.0,83.51
2023-08-05 15:48:28,13.07,0.0,1.51,0.0,0.0,85.43
2023-08-05 15:48:38,16.06,0.0,1.04,0.0,0.0,82.9
2023-08-05 15:48:48,16.75,0.0,1.57,0.0,0.0,81.68
2023-08-05 15:48:58,12.31,0.0,1.03,0.0,0.0,86.67
2023-08-05 15:49:08,13.27,0.0,1.02,0.0,0.0,85.71
2023-08-05 15:49:18,18.46,0.0,1.54,0.0,0.0,80.0
2023-08-05 15:49:28,12.0,0.0,2.0,0.5,0.0,85.5
2023-08-05 15:49:38,13.2,0.0,1.52,0.0,0.0,85.28
2023-08-05 15:49:48,15.9,0.0,1.54,0.0,0.0,82.56
2023-08-05 15:49:58,13.2,0.0,1.52,0.0,0.0,85.28
2023-08-05 15:50:08,14.43,0.0,0.52,0.0,0.0,85.05
2023-08-05 15:50:18,20.73,0.0,2.07,0.52,0.0,76.68
2023-08-05 15:50:28,13.27,0.0,1.53,0.0,0.0,85.2
2023-08-05 15:50:38,15.98,0.0,2.06,0.0,0.0,81.96
2023-08-05 15:50:48,21.58,0.0,1.58,0.0,0.0,76.84
2023-08-05 15:50:58,14.8,0.0,1.02,0.51,0.0,83.67
2023-08-05 15:51:08,15.98,0.0,1.55,0.0,0.0,82.47
2023-08-05 15:51:18,18.23,0.0,1.56,0.0,0.0,80.21
2023-08-05 15:51:28,18.65,0.0,2.59,0.0,0.0,78.76
2023-08-05 15:51:38,14.58,0.0,1.56,0.0,0.0,83.85
2023-08-05 15:51:48,19.9,0.0,1.57,0.52,0.0,78.01
2023-08-05 15:51:58,15.46,0.0,1.55,0.0,0.0,82.99
2023-08-05 15:52:08,16.41,0.0,2.56,0.0,0.0,81.03
2023-08-05 15:52:18,18.13,0.0,2.07,0.0,0.0,79.79
2023-08-05 15:52:28,15.46,0.0,2.58,0.0,0.0,81.96
2023-08-05 15:52:38,17.44,0.0,3.08,0.0,0.0,79.49
2023-08-05 15:52:48,24.58,0.0,1.68,0.0,0.0,73.74
2023-08-05 15:52:58,20.83,0.0,2.08,1.04,0.0,76.04
2023-08-05 15:53:08,21.24,0.0,3.11,0.0,0.0,75.65
2023-08-05 15:53:18,31.21,0.0,4.46,0.0,0.0,64.33
2023-08-05 15:53:28,18.97,0.0,2.56,0.0,0.0,78.46
2023-08-05 15:53:38,17.53,0.0,2.58,0.0,0.0,79.9
2023-08-05 15:53:48,53.9,0.0,4.55,0.0,0.0,41.56
2023-08-05 15:53:59,70.47,0.0,5.37,0.0,0.0,24.16
2023-08-05 15:54:08,18.04,0.0,2.58,0.0,0.0,79.38
2023-08-05 15:54:18,20.21,0.0,4.15,0.0,0.0,75.65
2023-08-05 15:54:28,16.24,0.0,4.06,0.0,0.0,79.7
2023-08-05 15:54:38,13.85,0.0,3.59,0.0,0.0,82.56
2023-08-05 15:54:48,18.23,0.0,3.65,0.0,0.0,78.12
2023-08-05 15:54:58,14.87,0.0,3.59,0.0,0.0,81.54
2023-08-05 15:55:08,39.22,0.0,10.46,0.0,0.0,50.33
2023-08-05 15:55:18,29.78,0.0,4.49,1.12,0.0,64.61
2023-08-05 15:55:28,14.66,0.0,3.66,0.0,0.0,81.68
2023-08-05 15:55:38,14.87,0.0,3.59,0.0,0.0,81.54
2023-08-05 15:55:48,20.94,0.0,3.66,0.0,0.0,75.39
2023-08-05 15:55:58,12.82,0.0,1.03,0.0,0.0,86.15
2023-08-05 15:56:08,27.98,0.0,7.14,0.0,0.0,64.88
2023-08-05 15:56:18,33.52,0.0,2.23,0.0,0.0,64.25
2023-08-05 15:56:28,28.95,0.0,3.68,0.53,0.0,66.84
2023-08-05 15:56:38,21.93,0.0,2.67,0.0,0.0,75.4
2023-08-05 15:56:48,26.63,0.0,3.26,0.0,0.0,70.11
2023-08-05 15:56:58,20.54,0.0,2.16,0.0,0.0,77.3
2023-08-05 15:57:08,25.77,0.0,3.09,0.0,0.0,71.13
2023-08-05 15:57:19,81.08,0.0,9.46,0.0,0.0,9.46
2023-08-05 15:57:28,20.21,0.0,3.19,0.0,0.0,76.6
2023-08-05 15:57:38,19.9,0.0,2.62,0.0,0.0,77.49
2023-08-05 15:57:48,27.62,0.0,3.31,0.0,0.0,69.06
2023-08-05 15:57:58,27.32,0.0,2.73,0.0,0.0,69.95
2023-08-05 15:58:08,28.41,0.0,2.84,0.0,0.0,68.75
2023-08-05 15:58:18,31.32,0.0,2.75,0.0,0.0,65.93
2023-08-05 15:58:28,18.65,0.0,2.07,0.0,0.0,79.27
2023-08-05 15:58:38,18.42,0.0,1.58,0.0,0.0,80.0
2023-08-05 15:58:48,25.39,0.0,2.59,0.52,0.0,71.5
2023-08-05 15:58:58,26.52,0.0,2.76,0.0,0.0,70.72
2023-08-05 15:59:08,22.99,0.0,2.14,0.53,0.0,74.33
2023-08-05 15:59:18,32.09,0.0,3.21,0.0,0.0,64.71
2023-08-05 15:59:28,28.65,0.0,4.09,0.0,0.0,67.25
2023-08-05 15:59:40,70.19,0.0,9.62,0.0,0.0,20.19
2023-08-05 15:59:48,28.02,0.0,2.75,0.0,0.0,69.23
2023-08-05 15:59:58,22.75,0.0,2.12,0.53,0.0,74.6
2023-08-05 16:00:08,20.94,0.0,2.09,0.0,0.0,76.96
2023-08-05 16:00:19,92.31,0.0,5.13,0.0,0.0,2.56
2023-08-05 16:00:31,84.0,0.0,16.0,0.0,0.0,0.0
2023-08-05 16:00:40,86.89,0.0,13.11,0.0,0.0,0.0
2023-08-05 16:00:49,85.9,0.0,14.1,0.0,0.0,0.0
2023-08-05 16:01:01,87.76,0.0,12.24,0.0,0.0,0.0
2023-08-05 16:01:09,89.13,0.0,10.14,0.0,0.0,0.72
2023-08-05 16:01:19,93.06,0.0,6.94,0.0,0.0,0.0
2023-08-05 16:01:29,91.8,0.0,8.2,0.0,0.0,0.0
2023-08-05 16:01:40,93.1,0.0,6.9,0.0,0.0,0.0
2023-08-05 16:01:49,91.56,0.0,8.44,0.0,0.0,0.0
2023-08-05 16:01:58,87.14,0.0,12.86,0.0,0.0,0.0
2023-08-05 16:02:08,30.98,0.0,8.7,0.54,0.0,59.78
2023-08-05 16:02:18,32.6,0.0,2.76,0.0,0.0,64.64
2023-08-05 16:02:28,19.59,0.0,1.03,0.0,0.0,79.38
2023-08-05 16:02:38,20.62,0.0,2.06,0.0,0.0,77.32
2023-08-05 16:02:48,23.78,0.0,1.83,0.61,0.0,73.78
2023-08-05 16:02:58,25.0,0.0,1.7,0.0,0.0,73.3
2023-08-05 16:03:08,77.23,0.0,6.93,0.0,0.0,15.84
2023-08-05 16:03:19,89.09,0.0,10.91,0.0,0.0,0.0
2023-08-05 16:03:29,91.38,0.0,8.62,0.0,0.0,0.0
2023-08-05 16:03:39,88.52,0.0,11.48,0.0,0.0,0.0
2023-08-05 16:03:48,91.22,0.0,8.78,0.0,0.0,0.0
2023-08-05 16:03:59,89.29,0.0,10.71,0.0,0.0,0.0
2023-08-05 16:04:09,91.07,0.0,8.93,0.0,0.0,0.0
2023-08-05 16:04:19,91.36,0.0,8.64,0.0,0.0,0.0
2023-08-05 16:04:28,91.3,0.0,8.07,0.0,0.0,0.62
2023-08-05 16:04:39,87.95,0.0,10.84,0.0,0.0,1.2
2023-08-05 16:04:49,87.8,0.0,12.2,0.0,0.0,0.0
2023-08-05 16:04:59,87.69,0.0,12.31,0.0,0.0,0.0
2023-08-05 16:05:09,91.43,0.0,8.57,0.0,0.0,0.0
2023-08-05 16:05:19,89.9,0.0,9.09,0.0,0.0,1.01
2023-08-05 16:05:29,69.38,0.0,5.0,0.62,0.0,25.0
2023-08-05 16:05:39,92.22,0.0,7.78,0.0,0.0,0.0
2023-08-05 16:05:49,51.08,0.0,4.3,0.0,0.0,44.62
2023-08-05 16:05:58,50.41,0.0,4.88,0.0,0.0,44.72
2023-08-05 16:06:08,34.3,0.0,3.49,0.0,0.0,62.21
2023-08-05 16:06:18,36.61,0.0,2.73,0.0,0.0,60.66
2023-08-05 16:06:28,21.43,0.0,4.59,0.51,0.0,73.47
2023-08-05 16:06:38,31.11,0.0,7.78,0.0,0.0,61.11
2023-08-05 16:06:48,24.74,0.0,4.74,0.0,0.0,70.53
2023-08-05 16:06:58,18.65,0.0,4.66,0.0,0.0,76.68
2023-08-05 16:07:08,31.54,0.0,6.04,0.0,0.0,62.42
2023-08-05 16:07:18,29.78,0.0,5.06,0.0,0.0,65.17
2023-08-05 16:07:28,31.14,0.0,8.38,0.0,0.0,60.48
2023-08-05 16:07:38,28.65,0.0,3.51,0.0,0.0,67.84
2023-08-05 16:07:48,24.48,0.0,2.6,0.0,0.0,72.92
2023-08-05 16:07:58,38.56,0.0,3.92,0.65,0.0,56.86
2023-08-05 16:08:08,22.68,0.0,2.58,0.0,0.0,74.74
2023-08-05 16:08:18,24.74,0.0,2.06,0.0,0.0,73.2
2023-08-05 16:08:28,17.95,0.0,1.54,0.0,0.0,80.51
2023-08-05 16:08:38,15.82,0.0,2.04,0.0,0.0,82.14
2023-08-05 16:08:48,20.83,0.0,2.6,0.0,0.0,76.56
2023-08-05 16:08:58,14.87,0.0,2.56,0.0,0.0,82.56
2023-08-05 16:09:08,20.21,0.0,2.13,0.0,0.0,77.66
2023-08-05 16:09:18,39.22,0.0,3.92,0.0,0.0,56.86
2023-08-05 16:09:28,28.83,0.0,3.68,1.23,0.0,66.26
2023-08-05 16:09:39,64.04,0.0,6.14,0.0,0.0,29.82
2023-08-05 16:09:49,81.25,0.0,9.82,0.0,0.0,8.93
2023-08-05 16:09:59,88.61,0.0,10.13,0.0,0.0,1.27
2023-08-05 16:10:09,90.36,0.0,9.64,0.0,0.0,0.0
2023-08-05 16:10:19,88.16,0.0,11.84,0.0,0.0,0.0
2023-08-05 16:10:29,90.29,0.0,9.71,0.0,0.0,0.0
2023-08-05 16:10:38,29.73,0.0,3.24,0.0,0.0,67.03
2023-08-05 16:10:48,34.41,0.0,2.69,0.0,0.0,62.9
2023-08-05 16:10:58,20.31,0.0,1.56,0.0,0.0,78.12
2023-08-05 16:11:08,26.67,0.0,3.33,0.0,0.0,70.0
2023-08-05 16:11:18,48.91,0.0,4.38,0.0,0.0,46.72
2023-08-05 16:11:28,38.42,0.0,4.52,0.0,0.0,57.06
2023-08-05 16:11:38,21.65,0.0,2.06,0.0,0.0,76.29
2023-08-05 16:11:48,25.27,0.0,2.69,0.0,0.0,72.04
2023-08-05 16:11:58,20.0,0.0,1.58,0.0,0.0,78.42
2023-08-05 16:12:08,29.12,0.0,2.2,0.0,0.0,68.68
2023-08-05 16:12:18,30.21,0.0,1.56,0.0,0.0,68.23
2023-08-05 16:12:28,30.77,0.0,3.21,1.28,0.0,64.74
2023-08-05 16:12:38,48.25,0.0,4.39,0.88,0.0,46.49
2023-08-05 16:12:49,82.14,0.0,10.71,0.0,0.0,7.14
2023-08-05 16:12:59,89.83,0.0,9.32,0.0,0.0,0.85
2023-08-05 16:13:08,26.18,0.0,3.14,0.0,0.0,70.68
2023-08-05 16:13:18,44.57,0.0,4.0,0.0,0.0,51.43
2023-08-05 16:13:28,37.59,0.0,4.96,0.0,0.0,57.45
2023-08-05 16:13:40,91.89,0.0,8.11,0.0,0.0,0.0
2023-08-05 16:13:49,91.94,0.0,8.06,0.0,0.0,0.0
2023-08-05 16:13:58,62.57,0.0,4.68,0.0,0.0,32.75
2023-08-05 16:14:08,23.2,0.0,5.67,0.0,0.0,71.13
2023-08-05 16:14:18,22.16,0.0,5.41,1.08,0.0,71.35
2023-08-05 16:14:28,16.75,0.0,4.57,0.0,0.0,78.68
2023-08-05 16:14:38,18.75,0.0,3.65,0.0,0.0,77.6
2023-08-05 16:14:48,22.58,0.0,6.45,0.54,0.0,70.43
2023-08-05 16:14:58,15.98,0.0,3.61,0.0,0.0,80.41
2023-08-05 16:15:08,18.13,0.0,5.18,0.0,0.0,76.68
2023-08-05 16:15:18,26.02,0.0,4.59,0.51,0.0,68.88
2023-08-05 16:15:28,17.35,0.0,1.53,0.51,0.0,80.61
2023-08-05 16:15:38,15.74,0.0,2.03,0.0,0.0,82.23
2023-08-05 16:15:48,17.17,0.0,1.52,0.0,0.0,81.31
2023-08-05 16:15:58,19.59,0.0,2.06,0.0,0.0,78.35
2023-08-05 16:16:08,15.82,0.0,1.53,0.0,0.0,82.65
2023-08-05 16:16:18,31.25,0.0,2.08,0.0,0.0,66.67
2023-08-05 16:16:28,15.74,0.0,1.52,0.0,0.0,82.74
2023-08-05 16:16:38,15.38,0.0,1.54,0.0,0.0,83.08
2023-08-05 16:16:48,26.98,0.0,2.65,0.0,0.0,70.37
2023-08-05 16:16:58,23.16,0.0,2.11,0.0,0.0,74.74
2023-08-05 16:17:08,12.69,0.0,1.52,0.0,0.0,85.79
2023-08-05 16:17:18,21.58,0.0,1.58,0.0,0.0,76.84
2023-08-05 16:17:28,24.32,0.0,2.7,0.54,0.0,72.43
2023-08-05 16:17:38,14.06,0.0,6.25,3.65,0.0,76.04
2023-08-05 16:17:49,0.0,0.0,1.02,0.0,0.0,98.98
2023-08-05 16:17:58,0.51,0.0,0.0,0.0,0.0,99.49
2023-08-05 16:18:08,0.0,0.0,0.0,0.0,0.0,100.0
2023-08-05 16:18:18,5.29,0.0,1.59,0.53,0.0,92.59
2023-08-05 16:18:28,0.5,0.0,0.0,0.0,0.0,99.5
2023-08-05 16:18:39,0.51,0.0,1.03,0.0,0.0,98.46
2023-08-05 16:18:48,4.26,0.0,1.06,0.0,0.0,94.68
2023-08-05 16:18:58,0.0,0.0,0.0,0.0,0.0,100.0
2023-08-05 16:19:08,0.51,0.0,0.51,0.0,0.0,98.98
2023-08-05 16:19:18,2.59,0.0,0.52,0.0,0.0,96.89
2023-08-05 16:19:28,0.5,0.0,0.5,0.0,0.0,98.99
2023-08-05 16:19:38,0.0,0.0,0.51,0.0,0.0,99.49
2023-08-05 16:19:48,1.03,0.0,1.03,0.0,0.0,97.95
2023-08-05 16:19:58,0.0,0.0,0.0,0.0,0.0,100.0
2023-08-05 16:20:08,1.01,0.0,1.01,0.0,0.0,97.99
2023-08-05 16:20:18,4.08,0.0,0.51,0.0,0.0,95.41
2023-08-05 16:20:28,0.51,0.0,0.51,0.0,0.0,98.98
2023-08-05 16:20:38,0.0,0.0,1.01,0.0,0.0,98.99
2023-08-05 16:20:48,2.54,0.0,1.02,0.51,0.0,95.94
2023-08-05 16:20:58,0.0,0.0,1.01,0.0,0.0,98.99
2023-08-05 16:21:08,0.0,0.0,0.0,0.0,0.0,100.0
2023-08-05 16:21:18,1.54,0.0,0.51,0.0,0.0,97.95
2023-08-05 16:21:28,0.0,0.0,0.51,1.52,0.0,97.98
2023-08-05 16:21:38,0.51,0.0,0.51,0.0,0.0,98.99
2023-08-05 16:21:48,3.09,0.0,0.52,0.0,0.0,96.39
2023-08-05 16:21:58,0.0,0.0,0.5,0.0,0.0,99.5
2023-08-05 16:22:08,0.0,0.0,1.02,0.0,0.0,98.98
2023-08-05 16:22:18,3.16,0.0,2.63,0.0,0.0,94.21
2023-08-05 16:22:28,0.51,0.0,0.51,0.0,0.0,98.98
2023-08-05 16:22:38,0.0,0.0,0.51,0.0,0.0,99.49
2023-08-05 16:22:48,1.01,0.0,0.5,0.0,0.0,98.49
2023-08-05 16:22:58,0.5,0.0,0.5,0.0,0.0,98.99
2023-08-05 16:23:08,0.0,0.0,0.0,0.51,0.0,99.49
2023-08-05 16:23:18,2.53,0.0,1.01,0.51,0.0,95.96
2023-08-05 16:23:28,0.51,0.0,0.0,0.0,0.0,99.49
2023-08-05 16:23:38,1.01,0.0,0.5,0.0,0.0,98.49
2023-08-05 16:23:48,1.03,0.0,0.51,0.0,0.0,98.46
2023-08-05 16:23:58,0.0,0.0,0.5,0.0,0.0,99.5
2023-08-05 16:24:08,0.0,0.0,0.0,0.0,0.0,100.0
2023-08-05 16:24:18,4.17,0.0,1.04,0.0,0.0,94.79
2023-08-05 16:24:28,0.5,0.0,0.5,0.0,0.0,98.99
2023-08-05 16:24:38,0.51,0.0,0.51,0.0,0.0,98.99
2023-08-05 16:24:48,2.58,0.0,0.52,0.0,0.0,96.91
2023-08-05 16:24:58,0.5,0.0,1.0,0.0,0.0,98.5
2023-08-05 16:25:08,0.51,0.0,0.51,0.0,0.0,98.98
2023-08-05 16:25:18,1.03,0.0,1.03,0.0,0.0,97.94
2023-08-05 16:25:28,0.0,0.0,0.0,0.0,0.0,100.0
2023-08-05 16:25:38,0.0,0.0,1.01,0.0,0.0,98.99
2023-08-05 16:25:48,1.03,0.0,1.03,0.0,0.0,97.94
2023-08-05 16:25:58,0.0,0.0,0.0,0.0,0.0,100.0
2023-08-05 16:26:08,0.0,0.0,0.51,0.0,0.0,99.49
2023-08-05 16:26:18,1.03,0.0,0.0,0.0,0.0,98.97
2023-08-05 16:26:28,0.51,0.0,0.0,0.0,0.0,99.49
2023-08-05 16:26:38,0.51,0.0,0.51,0.0,0.0,98.99
2023-08-05 16:26:48,2.05,0.0,0.51,0.0,0.0,97.44
2023-08-05 16:26:58,0.0,0.0,0.5,0.5,0.0,98.99
2023-08-05 16:27:08,0.51,0.0,0.0,0.0,0.0,99.49
2023-08-05 16:27:18,4.12,0.0,1.03,0.0,0.0,94.85
2023-08-05 16:27:28,0.0,0.0,1.01,0.0,0.0,98.99
2023-08-05 16:27:38,0.5,0.0,0.0,0.0,0.0,99.5
2023-08-05 16:27:48,0.97,0.0,0.0,0.48,0.0,98.55
2023-08-05 16:27:58,0.0,0.0,0.51,0.0,0.0,99.49
2023-08-05 16:28:08,0.0,0.0,0.51,0.51,0.0,98.99
2023-08-05 16:28:18,2.04,0.0,1.02,0.0,0.0,96.94
2023-08-05 16:28:28,1.01,0.0,0.51,0.0,0.0,98.48
2023-08-05 16:28:38,0.0,0.0,0.51,0.0,0.0,99.49
2023-08-05 16:28:48,3.09,0.0,1.03,0.0,0.0,95.88
2023-08-05 16:28:58,0.0,0.0,0.5,0.0,0.0,99.5
2023-08-05 16:29:08,0.0,0.0,1.02,0.0,0.0,98.98
2023-08-05 16:29:18,2.6,0.0,1.04,0.0,0.0,96.35
2023-08-05 16:29:28,0.5,0.0,0.5,0.0,0.0,98.99
2023-08-05 16:29:38,0.51,0.0,0.51,0.0,0.0,98.99
2023-08-05 16:29:48,1.04,0.0,0.52,0.0,0.0,98.45
2023-08-05 16:29:58,0.0,0.0,0.51,0.0,0.0,99.49
2023-08-05 16:30:08,0.5,0.0,1.5,0.0,0.0,98.0
2023-08-05 16:30:18,2.14,0.0,2.14,0.0,0.0,95.72
2023-08-05 16:30:28,0.0,0.0,0.51,0.0,0.0,99.49
2023-08-05 16:30:38,0.51,0.0,0.51,0.0,0.0,98.98
2023-08-05 16:30:48,2.69,0.0,4.3,0.0,0.0,93.01
2023-08-05 16:30:58,2.06,0.0,3.61,0.0,0.0,94.33
2023-08-05 16:31:08,2.08,0.0,2.6,0.0,0.0,95.31
2023-08-05 16:31:18,4.64,0.0,2.58,0.0,0.0,92.78
2023-08-05 16:31:28,2.07,0.0,4.66,0.0,0.0,93.26
2023-08-05 16:31:38,1.53,0.0,3.06,0.0,0.0,95.41
2023-08-05 16:31:48,3.66,0.0,2.62,0.0,0.0,93.72
2023-08-05 16:31:58,1.53,0.0,3.57,0.0,0.0,94.9
2023-08-05 16:32:08,2.7,0.0,4.32,0.0,0.0,92.97
2023-08-05 16:32:18,2.62,0.0,1.05,0.52,0.0,95.81
2023-08-05 16:32:29,3.98,0.0,6.25,0.57,0.0,89.2
2023-08-05 16:32:38,1.02,0.0,0.51,0.0,0.0,98.48
2023-08-05 16:32:50,2.27,0.0,5.3,0.76,0.0,91.67
2023-08-05 16:32:59,0.0,0.0,27.43,72.57,0.0,0.0
2023-08-05 16:33:08,0.0,0.0,1.01,0.0,0.0,98.99
2023-08-05 16:33:18,3.21,0.0,1.6,0.53,0.0,94.65
2023-08-05 16:33:28,0.0,0.0,1.09,0.0,0.0,98.91
2023-08-05 16:33:38,0.0,0.0,0.51,0.0,0.0,99.49
2023-08-05 16:33:48,2.6,0.0,0.52,0.0,0.0,96.88
2023-08-05 16:33:58,0.0,0.0,0.0,0.0,0.0,100.0
2023-08-05 16:34:08,1.01,0.0,1.01,0.0,0.0,97.99
2023-08-05 16:34:18,2.53,0.0,1.01,0.51,0.0,95.96
2023-08-05 16:34:28,0.0,0.0,0.0,0.0,0.0,100.0
2023-08-05 16:34:38,0.51,0.0,1.01,0.0,0.0,98.48
2023-08-05 16:34:48,3.08,0.0,1.03,0.0,0.0,95.9
2023-08-05 16:34:58,0.5,0.0,0.5,0.5,0.0,98.5
2023-08-05 16:35:08,0.51,0.0,0.51,0.0,0.0,98.98
2023-08-05 16:35:18,1.52,0.0,1.52,0.0,0.0,96.97
2023-08-05 16:35:28,0.0,0.0,0.0,0.0,0.0,100.0
2023-08-05 16:35:38,0.51,0.0,0.0,0.51,0.0,98.99
2023-08-05 16:35:48,3.59,0.0,0.51,0.0,0.0,95.9
2023-08-05 16:35:58,0.0,0.0,0.51,1.01,0.0,98.48
2023-08-05 16:36:08,0.0,0.0,1.01,0.0,0.0,98.99
2023-08-05 16:36:18,1.02,0.0,1.02,0.0,0.0,97.96
2023-08-05 16:36:28,1.01,0.0,0.0,0.0,0.0,98.99
2023-08-05 16:36:38,0.0,0.0,0.51,0.0,0.0,99.49
2023-08-05 16:36:48,1.53,0.0,1.02,0.0,0.0,97.45
2023-08-05 16:36:58,0.0,0.0,1.01,0.0,0.0,98.99
2023-08-05 16:37:08,0.57,0.0,1.15,0.0,0.0,98.28
2023-08-05 16:37:18,2.55,0.0,1.02,0.0,0.0,96.43
2023-08-05 16:37:28,0.0,0.0,0.51,0.0,0.0,99.49
2023-08-05 16:37:38,0.51,0.0,0.51,0.0,0.0,98.99
2023-08-05 16:44:48,0.0,0.0,1.01,0.0,0.0,98.99
2023-08-05 16:45:00,1.04,0.0,1.56,0.52,0.0,96.88
2023-08-05 18:45:00,1.02,0.0,0.0,0.0,0.0,98.98
2023-08-05 20:05:39,0.0,0.0,0.52,0.0,0.0,99.48
2023-08-05 20:05:46,2.62,0.0,0.52,0.0,0.0,96.86
2023-08-05 20:05:56,0.0,0.0,0.51,0.0,0.0,99.49
2023-08-05 20:06:06,0.0,0.0,0.51,0.0,0.0,99.49
2023-08-05 20:06:16,4.1,0.0,1.54,0.0,0.0,94.36
2023-08-05 20:06:26,0.51,0.0,0.0,0.0,0.0,99.49
2023-08-05 20:06:36,0.51,0.0,0.51,0.0,0.0,98.98
2023-08-05 21:04:34,0.0,0.0,0.0,0.51,0.0,99.49
2023-08-05 21:04:45,2.13,0.0,5.85,0.0,0.0,92.02
2023-08-05 21:04:55,3.59,0.0,5.13,0.0,0.0,91.28
2023-08-05 21:05:05,3.59,0.0,6.67,0.51,0.0,89.23
2023-08-05 21:20:16,0.0,0.0,0.51,0.0,0.0,99.49
2023-08-05 21:20:24,0.0,0.0,0.5,0.0,0.0,99.5
2023-08-05 21:20:34,0.0,0.0,1.01,0.0,0.0,98.99
2023-08-05 21:20:44,0.5,0.0,1.01,0.0,0.0,98.49
2023-08-05 21:35:55,0.0,0.0,0.0,0.0,0.0,100.0
2023-08-05 21:36:04,1.54,0.0,3.08,0.51,0.0,94.87
2023-08-05 21:36:14,4.15,0.0,6.22,0.0,0.0,89.64
2023-08-05 21:36:24,3.06,0.0,4.08,0.51,0.0,92.35
2023-08-05 21:36:34,2.58,0.0,3.09,0.0,0.0,94.33
2023-08-05 21:36:44,2.56,0.0,4.1,0.0,0.0,93.33
2023-08-05 21:51:53,0.0,0.0,0.51,0.0,0.0,99.49
2023-08-06 00:07:02,0.0,0.0,0.0,0.0,0.0,100.0
2023-08-06 00:07:03,0.0,0.0,0.51,0.0,0.0,99.49
2023-08-06 00:07:04,0.0,0.0,1.01,0.0,0.0,98.99
2023-08-06 00:07:05,0.51,0.0,0.0,0.0,0.0,99.49
2023-08-06 00:07:06,0.0,0.0,1.02,0.0,0.0,98.98
2023-08-06 00:07:07,0.0,0.0,0.0,0.0,0.0,100.0
2023-08-06 00:42:17,0.5,0.0,1.01,0.5,0.0,97.99
2023-08-06 00:42:21,0.51,0.0,0.0,0.0,0.0,99.49
2023-08-06 02:42:32,0.0,0.0,0.51,2.54,0.0,96.95
2023-08-06 04:42:48,0.51,0.0,0.51,0.0,0.0,98.98
2023-08-06 04:42:50,2.53,0.0,1.52,0.0,0.0,95.96
2023-08-06 05:19:52,5.67,0.0,1.03,0.0,0.0,93.3
2023-08-06 05:35:26,0.0,0.0,1.51,0.5,0.0,97.99
2023-08-06 07:35:34,0.0,0.0,0.0,0.0,0.0,100.0
2023-08-06 07:35:42,0.0,0.0,0.51,0.0,0.0,99.49
2023-08-06 08:07:47,0.0,0.0,0.51,0.0,0.0,99.49
2023-08-06 08:10:19,0.0,0.0,0.51,0.0,0.0,99.49
2023-08-06 08:10:39,0.5,0.0,0.5,0.5,0.0,98.51
2023-08-06 08:10:41,0.0,0.0,0.5,1.01,0.0,98.49
2023-08-06 08:10:49,0.52,0.0,0.52,0.52,0.0,98.45
2023-08-06 08:10:59,0.0,0.0,0.5,0.0,0.0,99.5
2023-08-06 08:11:09,0.51,0.0,0.51,0.0,0.0,98.99
2023-08-06 08:11:19,0.51,0.0,0.0,0.0,0.0,99.49
2023-08-06 08:11:29,0.0,0.0,1.02,0.0,0.0,98.98
2023-08-06 08:11:39,1.52,0.0,2.02,0.0,0.0,96.46
2023-08-06 08:11:49,1.53,0.0,2.55,0.0,0.0,95.92
2023-08-06 08:11:59,1.53,0.0,2.04,0.0,0.0,96.43
2023-08-06 08:12:09,1.02,0.0,2.03,0.0,0.0,96.95
2023-08-06 08:12:19,2.03,0.0,2.03,0.0,0.0,95.94
2023-08-06 08:12:29,1.02,0.0,2.54,0.0,0.0,96.45
2023-08-06 08:12:39,1.52,0.0,2.03,0.0,0.0,96.45
2023-08-06 08:12:49,1.02,0.0,2.04,0.0,0.0,96.94
2023-08-06 08:12:59,1.03,0.0,2.05,0.0,0.0,96.92
2023-08-06 08:13:09,1.02,0.0,2.03,0.0,0.0,96.95
2023-08-06 08:13:19,2.03,0.0,2.03,0.0,0.0,95.94
2023-08-06 08:13:29,1.54,0.0,1.54,0.0,0.0,96.92
2023-08-06 08:13:39,1.52,0.0,2.54,0.0,0.0,95.94
2023-08-06 08:13:49,1.55,0.0,2.06,0.0,0.0,96.39
2023-08-06 08:13:59,1.53,0.0,1.53,0.0,0.0,96.94
2023-08-06 08:14:09,1.02,0.0,2.03,0.0,0.0,96.95
2023-08-06 08:14:19,1.52,0.0,1.52,0.0,0.0,96.95
2023-08-06 08:14:29,0.0,0.0,0.51,0.0,0.0,99.49
2023-08-06 08:14:39,0.5,0.0,0.5,0.0,0.0,98.99
2023-08-06 08:14:49,0.0,0.0,1.01,0.0,0.0,98.99
2023-08-06 08:14:59,0.51,0.0,0.51,0.0,0.0,98.99
2023-08-06 08:15:09,0.0,0.0,0.0,0.0,0.0,100.0
2023-08-06 08:15:19,0.0,0.0,0.0,0.0,0.0,100.0
2023-08-06 08:15:29,0.0,0.0,1.01,0.0,0.0,98.99
2023-08-06 08:15:39,0.5,0.0,0.5,0.0,0.0,99.0
2023-08-06 08:15:49,0.5,0.0,1.01,0.0,0.0,98.49
2023-08-06 08:15:59,0.0,0.0,0.51,0.0,0.0,99.49
2023-08-06 08:16:09,0.0,0.0,0.0,0.0,0.0,100.0
2023-08-06 08:16:19,1.02,0.0,1.02,0.0,0.0,97.96
2023-08-06 08:16:29,0.0,0.0,0.0,0.0,0.0,100.0
2023-08-06 08:16:39,0.51,0.0,0.0,0.0,0.0,99.49
2023-08-06 08:16:49,0.0,0.0,0.51,0.51,0.0,98.99
2023-08-06 08:17:00,0.51,0.0,0.0,0.0,0.0,99.49
2023-08-06 08:17:09,0.0,0.0,1.01,0.0,0.0,98.99
2023-08-06 08:17:19,0.0,0.0,0.51,0.0,0.0,99.49
2023-08-06 08:17:29,0.0,0.0,0.51,0.0,0.0,99.49
2023-08-06 08:17:39,0.5,0.0,0.5,0.0,0.0,98.99
2023-08-06 08:17:49,1.03,0.0,1.54,0.0,0.0,97.44
2023-08-06 08:17:59,0.0,0.0,0.52,0.0,0.0,99.48
2023-08-06 08:18:09,0.0,0.0,0.51,0.0,0.0,99.49
2023-08-06 08:18:19,1.78,0.0,0.59,0.0,0.0,97.63
2023-08-06 08:18:29,0.0,0.0,0.51,0.0,0.0,99.49
2023-08-06 08:18:39,0.0,0.0,0.0,2.54,0.0,97.46
2023-08-06 08:18:49,0.0,0.0,1.02,0.0,0.0,98.98
